customer_id,snapshot,active_at_snapshot,churn_probability,predicted_churn,risk_band,key_drivers
500274,2024-06,0,0.9988,1,High,Months since last purchase = 10 (raises risk); Transactions (last month) = 0 (raises risk); App sessions (last 3m) = 0 (raises risk)
500951,2024-06,0,0.9988,1,High,Months since last purchase = 12 (raises risk); Transactions (last month) = 0 (raises risk); App sessions (last 3m) = 0 (raises risk)
501951,2024-06,0,0.9988,1,High,Months since last purchase = 13 (raises risk); Transactions (last month) = 0 (raises risk); App sessions (last 3m) = 0 (raises risk)
501892,2024-06,0,0.9988,1,High,Months since last purchase = 14 (raises risk); Transactions (last month) = 0 (raises risk); App sessions (last 3m) = 0 (raises risk)
502104,2024-06,0,0.9988,1,High,Months since last purchase = 10 (raises risk); Transactions (last month) = 0 (raises risk); App sessions (last 3m) = 0 (raises risk)
500873,2024-06,0,0.9988,1,High,Months since last purchase = 7 (raises risk); Transactions (last month) = 0 (raises risk); App sessions (last 3m) = 0 (raises risk)
500068,2024-06,0,0.9988,1,High,Months since last purchase = 7 (raises risk); Transactions (last month) = 0 (raises risk); App sessions (last 3m) = 0 (raises risk)
502207,2024-06,0,0.9988,1,High,Months since last purchase = 8 (raises risk); Transactions (last month) = 0 (raises risk); App sessions (last 3m) = 0 (raises risk)
501099,2024-06,0,0.9988,1,High,Months since last purchase = 13 (raises risk); Transactions (last month) = 0 (raises risk); App sessions (last 3m) = 0 (raises risk)
501265,2024-06,0,0.9988,1,High,Months since last purchase = 13 (raises risk); Transactions (last month) = 0 (raises risk); App sessions (last 3m) = 0 (raises risk)
501208,2024-06,0,0.9988,1,High,Months since last purchase = 14 (raises risk); Transactions (last month) = 0 (raises risk); App sessions (last 3m) = 0 (raises risk)
502498,2024-06,0,0.9988,1,High,Months since last purchase = 16 (raises risk); Transactions (last month) = 0 (raises risk); App sessions (last 3m) = 0 (raises risk)
500621,2024-06,0,0.9987,1,High,Months since last purchase = 12 (raises risk); Transactions (last month) = 0 (raises risk); App sessions (last 3m) = 0 (raises risk)
500588,2024-06,0,0.9987,1,High,Months since last purchase = 6 (raises risk); Transactions (last month) = 0 (raises risk); App sessions (last 3m) = 0 (raises risk)
500804,2024-06,0,0.9987,1,High,Months since last purchase = 8 (raises risk); Transactions (last month) = 0 (raises risk); App sessions (last 3m) = 0 (raises risk)
502059,2024-06,0,0.9987,1,High,Months since last purchase = 9 (raises risk); Transactions (last month) = 0 (raises risk); App sessions (last 3m) = 0 (raises risk)
500017,2024-06,0,0.9987,1,High,Months since last purchase = 16 (raises risk); Transactions (last month) = 0 (raises risk); App sessions (last 3m) = 0 (raises risk)
502589,2024-06,0,0.9987,1,High,Months since last purchase = 10 (raises risk); Transactions (last month) = 0 (raises risk); App sessions (last 3m) = 0 (raises risk)
500501,2024-06,0,0.9987,1,High,Months since last purchase = 10 (raises risk); Transactions (last month) = 0 (raises risk); App sessions (last 3m) = 0 (raises risk)
500499,2024-06,0,0.9987,1,High,Months since last purchase = 6 (raises risk); Transactions (last month) = 0 (raises risk); App sessions (last 3m) = 0 (raises risk)
500545,2024-06,0,0.9987,1,High,Months since last purchase = 16 (raises risk); Transactions (last month) = 0 (raises risk); App sessions (last 3m) = 0 (raises risk)
500583,2024-06,0,0.9987,1,High,Months since last purchase = 10 (raises risk); Transactions (last month) = 0 (raises risk); App sessions (last 3m) = 0 (raises risk)
500581,2024-06,0,0.9987,1,High,Months since last purchase = 13 (raises risk); Transactions (last month) = 0 (raises risk); App sessions (last 3m) = 0 (raises risk)
500573,2024-06,0,0.9987,1,High,Months since last purchase = 10 (raises risk); Transactions (last month) = 0 (raises risk); App sessions (last 3m) = 0 (raises risk)
501730,2024-06,0,0.9987,1,High,Months since last purchase = 6 (raises risk); Transactions (last month) = 0 (raises risk); App sessions (last 3m) = 0 (raises risk)
501398,2024-06,0,0.9987,1,High,Months since last purchase = 16 (raises risk); Transactions (last month) = 0 (raises risk); App sessions (last 3m) = 0 (raises risk)
501636,2024-06,0,0.9987,1,High,Months since last purchase = 14 (raises risk); Transactions (last month) = 0 (raises risk); App sessions (last 3m) = 0 (raises risk)
501621,2024-06,0,0.9987,1,High,Months since last purchase = 17 (raises risk); Transactions (last month) = 0 (raises risk); App sessions (last 3m) = 0 (raises risk)
501556,2024-06,0,0.9987,1,High,Months since last purchase = 15 (raises risk); Transactions (last month) = 0 (raises risk); App sessions (last 3m) = 0 (raises risk)
501427,2024-06,0,0.9987,1,High,Months since last purchase = 17 (raises risk); Transactions (last month) = 0 (raises risk); App sessions (last 3m) = 0 (raises risk)
500237,2024-06,0,0.9987,1,High,Months since last purchase = 16 (raises risk); Transactions (last month) = 0 (raises risk); App sessions (last 3m) = 0 (raises risk)
500236,2024-06,0,0.9987,1,High,Months since last purchase = 12 (raises risk); Transactions (last month) = 0 (raises risk); App sessions (last 3m) = 0 (raises risk)
501866,2024-06,0,0.9987,1,High,Months since last purchase = 17 (raises risk); Transactions (last month) = 0 (raises risk); App sessions (last 3m) = 0 (raises risk)
501807,2024-06,0,0.9987,1,High,Months since last purchase = 6 (raises risk); Transactions (last month) = 0 (raises risk); App sessions (last 3m) = 0 (raises risk)
500227,2024-06,0,0.9987,1,High,Months since last purchase = 7 (raises risk); Transactions (last month) = 0 (raises risk); App sessions (last 3m) = 0 (raises risk)
502458,2024-06,0,0.9987,1,High,Months since last purchase = 16 (raises risk); Transactions (last month) = 0 (raises risk); App sessions (last 3m) = 0 (raises risk)
500377,2024-06,0,0.9987,1,High,Months since last purchase = 12 (raises risk); Transactions (last month) = 0 (raises risk); App sessions (last 3m) = 0 (raises risk)
502451,2024-06,0,0.9987,1,High,Months since last purchase = 16 (raises risk); Transactions (last month) = 0 (raises risk); App sessions (last 3m) = 0 (raises risk)
500820,2024-06,0,0.9987,1,High,Months since last purchase = 6 (raises risk); Transactions (last month) = 0 (raises risk); App sessions (last 3m) = 0 (raises risk)
500868,2024-06,0,0.9987,1,High,Months since last purchase = 17 (raises risk); Transactions (last month) = 0 (raises risk); App sessions (last 3m) = 0 (raises risk)
500074,2024-06,0,0.9987,1,High,Months since last purchase = 9 (raises risk); Transactions (last month) = 0 (raises risk); App sessions (last 3m) = 0 (raises risk)
501993,2024-06,0,0.9987,1,High,Months since last purchase = 6 (raises risk); Transactions (last month) = 0 (raises risk); App sessions (last 3m) = 0 (raises risk)
500905,2024-06,0,0.9987,1,High,Months since last purchase = 11 (raises risk); Transactions (last month) = 0 (raises risk); App sessions (last 3m) = 0 (raises risk)
502037,2024-06,0,0.9987,1,High,Months since last purchase = 17 (raises risk); Transactions (last month) = 0 (raises risk); App sessions (last 3m) = 0 (raises risk)
501058,2024-06,0,0.9987,1,High,Months since last purchase = 8 (raises risk); Transactions (last month) = 0 (raises risk); App sessions (last 3m) = 0 (raises risk)
501046,2024-06,0,0.9987,1,High,Months since last purchase = 9 (raises risk); Transactions (last month) = 0 (raises risk); App sessions (last 3m) = 0 (raises risk)
501947,2024-06,0,0.9987,1,High,Months since last purchase = 7 (raises risk); Transactions (last month) = 0 (raises risk); App sessions (last 3m) = 0 (raises risk)
500135,2024-06,0,0.9987,1,High,Months since last purchase = 10 (raises risk); Transactions (last month) = 0 (raises risk); App sessions (last 3m) = 0 (raises risk)
502009,2024-06,0,0.9987,1,High,Months since last purchase = 12 (raises risk); Transactions (last month) = 0 (raises risk); App sessions (last 3m) = 0 (raises risk)
500079,2024-06,0,0.9987,1,High,Months since last purchase = 7 (raises risk); Transactions (last month) = 0 (raises risk); App sessions (last 3m) = 0 (raises risk)
500099,2024-06,0,0.9987,1,High,Months since last purchase = 7 (raises risk); Transactions (last month) = 0 (raises risk); App sessions (last 3m) = 0 (raises risk)
500945,2024-06,0,0.9987,1,High,Months since last purchase = 6 (raises risk); Transactions (last month) = 0 (raises risk); App sessions (last 3m) = 0 (raises risk)
500762,2024-06,0,0.9987,1,High,Months since last purchase = 8 (raises risk); Transactions (last month) = 0 (raises risk); App sessions (last 3m) = 0 (raises risk)
500739,2024-06,0,0.9987,1,High,Months since last purchase = 12 (raises risk); Transactions (last month) = 0 (raises risk); App sessions (last 3m) = 0 (raises risk)
502185,2024-06,0,0.9987,1,High,Months since last purchase = 11 (raises risk); Transactions (last month) = 0 (raises risk); App sessions (last 3m) = 0 (raises risk)
500677,2024-06,0,0.9987,1,High,Months since last purchase = 16 (raises risk); Transactions (last month) = 0 (raises risk); App sessions (last 3m) = 0 (raises risk)
502110,2024-06,0,0.9987,1,High,Months since last purchase = 13 (raises risk); Transactions (last month) = 0 (raises risk); App sessions (last 3m) = 0 (raises risk)
502168,2024-06,0,0.9987,1,High,Months since last purchase = 13 (raises risk); Transactions (last month) = 0 (raises risk); App sessions (last 3m) = 0 (raises risk)
500700,2024-06,0,0.9987,1,High,Months since last purchase = 6 (raises risk); Transactions (last month) = 0 (raises risk); App sessions (last 3m) = 0 (raises risk)
501190,2024-06,0,0.9987,1,High,Months since last purchase = 9 (raises risk); Transactions (last month) = 0 (raises risk); App sessions (last 3m) = 0 (raises risk)
501612,2024-06,0,0.9987,1,High,Months since last purchase = 9 (raises risk); Transactions (last month) = 0 (raises risk); App sessions (last 3m) = 0 (raises risk)
501630,2024-06,0,0.9987,1,High,Months since last purchase = 13 (raises risk); Transactions (last month) = 0 (raises risk); App sessions (last 3m) = 0 (raises risk)
500591,2024-06,0,0.9986,1,High,Months since last purchase = 16 (raises risk); Transactions (last month) = 0 (raises risk); App sessions (last 3m) = 0 (raises risk)
500047,2024-06,0,0.9986,1,High,Months since last purchase = 12 (raises risk); Transactions (last month) = 0 (raises risk); App sessions (last 3m) = 0 (raises risk)
500582,2024-06,0,0.9986,1,High,Months since last purchase = 15 (raises risk); Transactions (last month) = 0 (raises risk); App sessions (last 3m) = 0 (raises risk)
502224,2024-06,0,0.9986,1,High,Months since last purchase = 15 (raises risk); Transactions (last month) = 0 (raises risk); App sessions (last 3m) = 0 (raises risk)
502284,2024-06,0,0.9986,1,High,Months since last purchase = 6 (raises risk); Transactions (last month) = 0 (raises risk); App sessions (last 3m) = 0 (raises risk)
500498,2024-06,0,0.9986,1,High,Months since last purchase = 7 (raises risk); Transactions (last month) = 0 (raises risk); App sessions (last 3m) = 0 (raises risk)
500376,2024-06,0,0.9986,1,High,Months since last purchase = 15 (raises risk); Transactions (last month) = 0 (raises risk); App sessions (last 3m) = 0 (raises risk)
502579,2024-06,0,0.9986,1,High,Months since last purchase = 15 (raises risk); Transactions (last month) = 0 (raises risk); App sessions (last 3m) = 0 (raises risk)
502375,2024-06,0,0.9986,1,High,Months since last purchase = 13 (raises risk); Transactions (last month) = 0 (raises risk); App sessions (last 3m) = 0 (raises risk)
500045,2024-06,0,0.9986,1,High,Months since last purchase = 12 (raises risk); Transactions (last month) = 0 (raises risk); App sessions (last 3m) = 0 (raises risk)
500666,2024-06,0,0.9986,1,High,Months since last purchase = 17 (raises risk); Transactions (last month) = 0 (raises risk); App sessions (last 3m) = 0 (raises risk)
500644,2024-06,0,0.9986,1,High,Months since last purchase = 7 (raises risk); Transactions (last month) = 0 (raises risk); App sessions (last 3m) = 0 (raises risk)
500637,2024-06,0,0.9986,1,High,Months since last purchase = 13 (raises risk); Transactions (last month) = 0 (raises risk); App sessions (last 3m) = 0 (raises risk)
500634,2024-06,0,0.9986,1,High,Months since last purchase = 17 (raises risk); Transactions (last month) = 0 (raises risk); App sessions (last 3m) = 0 (raises risk)
500834,2024-06,0,0.9986,1,High,Months since last purchase = 10 (raises risk); Transactions (last month) = 0 (raises risk); App sessions (last 3m) = 0 (raises risk)
500316,2024-06,0,0.9986,1,High,Months since last purchase = 12 (raises risk); Transactions (last month) = 0 (raises risk); App sessions (last 3m) = 0 (raises risk)
500798,2024-06,0,0.9986,1,High,Months since last purchase = 12 (raises risk); Transactions (last month) = 0 (raises risk); App sessions (last 3m) = 0 (raises risk)
500084,2024-06,0,0.9986,1,High,Months since last purchase = 6 (raises risk); Transactions (last month) = 0 (raises risk); App sessions (last 3m) = 0 (raises risk)
502221,2024-06,0,0.9986,1,High,Months since last purchase = 17 (raises risk); Transactions (last month) = 0 (raises risk); App sessions (last 3m) = 0 (raises risk)
502215,2024-06,0,0.9986,1,High,Months since last purchase = 10 (raises risk); Transactions (last month) = 0 (raises risk); App sessions (last 3m) = 0 (raises risk)
502213,2024-06,0,0.9986,1,High,Months since last purchase = 7 (raises risk); Transactions (last month) = 0 (raises risk); App sessions (last 3m) = 0 (raises risk)
500813,2024-06,0,0.9986,1,High,Months since last purchase = 15 (raises risk); Transactions (last month) = 0 (raises risk); App sessions (last 3m) = 0 (raises risk)
502073,2024-06,0,0.9986,1,High,Months since last purchase = 13 (raises risk); Transactions (last month) = 0 (raises risk); App sessions (last 3m) = 0 (raises risk)
502097,2024-06,0,0.9986,1,High,Months since last purchase = 9 (raises risk); Transactions (last month) = 0 (raises risk); App sessions (last 3m) = 0 (raises risk)
502111,2024-06,0,0.9986,1,High,Months since last purchase = 12 (raises risk); Transactions (last month) = 0 (raises risk); App sessions (last 3m) = 0 (raises risk)
500773,2024-06,0,0.9986,1,High,Months since last purchase = 12 (raises risk); Transactions (last month) = 0 (raises risk); App sessions (last 3m) = 0 (raises risk)
501837,2024-06,0,0.9986,1,High,Months since last purchase = 8 (raises risk); Transactions (last month) = 0 (raises risk); App sessions (last 3m) = 0 (raises risk)
500153,2024-06,0,0.9986,1,High,Months since last purchase = 11 (raises risk); Transactions (last month) = 0 (raises risk); App sessions (last 3m) = 0 (raises risk)
500151,2024-06,0,0.9986,1,High,Months since last purchase = 10 (raises risk); Transactions (last month) = 0 (raises risk); App sessions (last 3m) = 0 (raises risk)
501005,2024-06,0,0.9986,1,High,Months since last purchase = 17 (raises risk); Transactions (last month) = 0 (raises risk); App sessions (last 3m) = 0 (raises risk)
500284,2024-06,0,0.9986,1,High,Months since last purchase = 14 (raises risk); Transactions (last month) = 0 (raises risk); App sessions (last 3m) = 0 (raises risk)
500977,2024-06,0,0.9986,1,High,Months since last purchase = 9 (raises risk); Transactions (last month) = 0 (raises risk); App sessions (last 3m) = 0 (raises risk)
501953,2024-06,0,0.9986,1,High,Months since last purchase = 15 (raises risk); Transactions (last month) = 0 (raises risk); App sessions (last 3m) = 0 (raises risk)
501959,2024-06,0,0.9986,1,High,Months since last purchase = 6 (raises risk); Transactions (last month) = 0 (raises risk); App sessions (last 3m) = 0 (raises risk)
500281,2024-06,0,0.9986,1,High,Months since last purchase = 14 (raises risk); Transactions (last month) = 0 (raises risk); App sessions (last 3m) = 0 (raises risk)
501906,2024-06,0,0.9986,1,High,Months since last purchase = 11 (raises risk); Transactions (last month) = 0 (raises risk); App sessions (last 3m) = 0 (raises risk)
501999,2024-06,0,0.9986,1,High,Months since last purchase = 16 (raises risk); Transactions (last month) = 0 (raises risk); App sessions (last 3m) = 0 (raises risk)
502001,2024-06,0,0.9986,1,High,Months since last purchase = 15 (raises risk); Transactions (last month) = 0 (raises risk); App sessions (last 3m) = 0 (raises risk)
500298,2024-06,0,0.9986,1,High,Months since last purchase = 9 (raises risk); Transactions (last month) = 0 (raises risk); App sessions (last 3m) = 0 (raises risk)
500887,2024-06,0,0.9986,1,High,Months since last purchase = 11 (raises risk); Transactions (last month) = 0 (raises risk); App sessions (last 3m) = 0 (raises risk)
500094,2024-06,0,0.9986,1,High,Months since last purchase = 14 (raises risk); Transactions (last month) = 0 (raises risk); App sessions (last 3m) = 0 (raises risk)
500302,2024-06,0,0.9986,1,High,Months since last purchase = 7 (raises risk); Transactions (last month) = 0 (raises risk); App sessions (last 3m) = 0 (raises risk)
502027,2024-06,0,0.9986,1,High,Months since last purchase = 10 (raises risk); Transactions (last month) = 0 (raises risk); App sessions (last 3m) = 0 (raises risk)
502055,2024-06,0,0.9986,1,High,Months since last purchase = 13 (raises risk); Transactions (last month) = 0 (raises risk); App sessions (last 3m) = 0 (raises risk)
500724,2024-06,0,0.9986,1,High,Months since last purchase = 7 (raises risk); Transactions (last month) = 0 (raises risk); App sessions (last 3m) = 0 (raises risk)
500756,2024-06,0,0.9986,1,High,Months since last purchase = 13 (raises risk); Transactions (last month) = 0 (raises risk); App sessions (last 3m) = 0 (raises risk)
500669,2024-06,0,0.9986,1,High,Months since last purchase = 7 (raises risk); Transactions (last month) = 0 (raises risk); App sessions (last 3m) = 0 (raises risk)
501872,2024-06,0,0.9986,1,High,Months since last purchase = 13 (raises risk); Transactions (last month) = 0 (raises risk); App sessions (last 3m) = 0 (raises risk)
501146,2024-06,0,0.9986,1,High,Months since last purchase = 13 (raises risk); Transactions (last month) = 0 (raises risk); App sessions (last 3m) = 0 (raises risk)
501168,2024-06,0,0.9986,1,High,Months since last purchase = 9 (raises risk); Transactions (last month) = 0 (raises risk); App sessions (last 3m) = 0 (raises risk)
501173,2024-06,0,0.9986,1,High,Months since last purchase = 12 (raises risk); Transactions (last month) = 0 (raises risk); App sessions (last 3m) = 0 (raises risk)
501100,2024-06,0,0.9986,1,High,Months since last purchase = 12 (raises risk); Transactions (last month) = 0 (raises risk); App sessions (last 3m) = 0 (raises risk)
501875,2024-06,0,0.9986,1,High,Months since last purchase = 14 (raises risk); Transactions (last month) = 0 (raises risk); App sessions (last 3m) = 0 (raises risk)
500124,2024-06,0,0.9986,1,High,Months since last purchase = 10 (raises risk); Transactions (last month) = 0 (raises risk); App sessions (last 3m) = 0 (raises risk)
500132,2024-06,0,0.9986,1,High,Months since last purchase = 6 (raises risk); Transactions (last month) = 0 (raises risk); App sessions (last 3m) = 0 (raises risk)
501852,2024-06,0,0.9986,1,High,Months since last purchase = 9 (raises risk); Transactions (last month) = 0 (raises risk); App sessions (last 3m) = 0 (raises risk)
501868,2024-06,0,0.9986,1,High,Months since last purchase = 14 (raises risk); Transactions (last month) = 0 (raises risk); App sessions (last 3m) = 0 (raises risk)
501871,2024-06,0,0.9986,1,High,Months since last purchase = 14 (raises risk); Transactions (last month) = 0 (raises risk); App sessions (last 3m) = 0 (raises risk)
501303,2024-06,0,0.9986,1,High,Months since last purchase = 8 (raises risk); Transactions (last month) = 0 (raises risk); App sessions (last 3m) = 0 (raises risk)
501297,2024-06,0,0.9986,1,High,Months since last purchase = 15 (raises risk); Transactions (last month) = 0 (raises risk); App sessions (last 3m) = 0 (raises risk)
501287,2024-06,0,0.9986,1,High,Months since last purchase = 15 (raises risk); Transactions (last month) = 0 (raises risk); App sessions (last 3m) = 0 (raises risk)
501267,2024-06,0,0.9986,1,High,Months since last purchase = 9 (raises risk); Transactions (last month) = 0 (raises risk); App sessions (last 3m) = 0 (raises risk)
500225,2024-06,0,0.9986,1,High,Months since last purchase = 14 (raises risk); Transactions (last month) = 0 (raises risk); App sessions (last 3m) = 0 (raises risk)
501195,2024-06,0,0.9986,1,High,Months since last purchase = 8 (raises risk); Transactions (last month) = 0 (raises risk); App sessions (last 3m) = 0 (raises risk)
501227,2024-06,0,0.9986,1,High,Months since last purchase = 17 (raises risk); Transactions (last month) = 0 (raises risk); App sessions (last 3m) = 0 (raises risk)
501233,2024-06,0,0.9986,1,High,Months since last purchase = 16 (raises risk); Transactions (last month) = 0 (raises risk); App sessions (last 3m) = 0 (raises risk)
501813,2024-06,0,0.9986,1,High,Months since last purchase = 12 (raises risk); Transactions (last month) = 0 (raises risk); App sessions (last 3m) = 0 (raises risk)
501808,2024-06,0,0.9986,1,High,Months since last purchase = 17 (raises risk); Transactions (last month) = 0 (raises risk); App sessions (last 3m) = 0 (raises risk)
501200,2024-06,0,0.9986,1,High,Months since last purchase = 11 (raises risk); Transactions (last month) = 0 (raises risk); App sessions (last 3m) = 0 (raises risk)
501703,2024-06,0,0.9986,1,High,Months since last purchase = 8 (raises risk); Transactions (last month) = 0 (raises risk); App sessions (last 3m) = 0 (raises risk)
501643,2024-06,0,0.9986,1,High,Months since last purchase = 15 (raises risk); Transactions (last month) = 0 (raises risk); App sessions (last 3m) = 0 (raises risk)
501631,2024-06,0,0.9986,1,High,Months since last purchase = 14 (raises risk); Transactions (last month) = 0 (raises risk); App sessions (last 3m) = 0 (raises risk)
501623,2024-06,0,0.9986,1,High,Months since last purchase = 7 (raises risk); Transactions (last month) = 0 (raises risk); App sessions (last 3m) = 0 (raises risk)
501336,2024-06,0,0.9986,1,High,Months since last purchase = 11 (raises risk); Transactions (last month) = 0 (raises risk); App sessions (last 3m) = 0 (raises risk)
501531,2024-06,0,0.9986,1,High,Months since last purchase = 11 (raises risk); Transactions (last month) = 0 (raises risk); App sessions (last 3m) = 0 (raises risk)
501483,2024-06,0,0.9986,1,High,Months since last purchase = 12 (raises risk); Transactions (last month) = 0 (raises risk); App sessions (last 3m) = 0 (raises risk)
501455,2024-06,0,0.9986,1,High,Months since last purchase = 8 (raises risk); Transactions (last month) = 0 (raises risk); App sessions (last 3m) = 0 (raises risk)
501444,2024-06,0,0.9986,1,High,Months since last purchase = 9 (raises risk); Transactions (last month) = 0 (raises risk); App sessions (last 3m) = 0 (raises risk)
501669,2024-06,0,0.9986,1,High,Months since last purchase = 15 (raises risk); Transactions (last month) = 0 (raises risk); App sessions (last 3m) = 0 (raises risk)
501614,2024-06,0,0.9986,1,High,Months since last purchase = 12 (raises risk); Transactions (last month) = 0 (raises risk); App sessions (last 3m) = 0 (raises risk)
501600,2024-06,0,0.9986,1,High,Months since last purchase = 10 (raises risk); Transactions (last month) = 0 (raises risk); App sessions (last 3m) = 0 (raises risk)
501582,2024-06,0,0.9986,1,High,Months since last purchase = 11 (raises risk); Transactions (last month) = 0 (raises risk); App sessions (last 3m) = 0 (raises risk)
500470,2024-06,0,0.9986,1,High,Months since last purchase = 15 (raises risk); Transactions (last month) = 0 (raises risk); App sessions (last 3m) = 0 (raises risk)
500034,2024-06,0,0.9986,1,High,Months since last purchase = 15 (raises risk); Transactions (last month) = 0 (raises risk); App sessions (last 3m) = 0 (raises risk)
500176,2024-06,0,0.9986,1,High,Months since last purchase = 10 (raises risk); Transactions (last month) = 0 (raises risk); App sessions (last 3m) = 0 (raises risk)
500055,2024-06,0,0.9986,1,High,Months since last purchase = 7 (raises risk); Transactions (last month) = 0 (raises risk); App sessions (last 3m) = 0 (raises risk)
502443,2024-06,0,0.9986,1,High,Months since last purchase = 14 (raises risk); Transactions (last month) = 0 (raises risk); App sessions (last 3m) = 0 (raises risk)
502433,2024-06,0,0.9986,1,High,Months since last purchase = 13 (raises risk); Transactions (last month) = 0 (raises risk); App sessions (last 3m) = 0 (raises risk)
502485,2024-06,0,0.9986,1,High,Months since last purchase = 9 (raises risk); Transactions (last month) = 0 (raises risk); App sessions (last 3m) = 0 (raises risk)
502522,2024-06,0,0.9986,1,High,Months since last purchase = 9 (raises risk); Transactions (last month) = 0 (raises risk); App sessions (last 3m) = 0 (raises risk)
502490,2024-06,0,0.9985,1,High,Months since last purchase = 9 (raises risk); Transactions (last month) = 0 (raises risk); App sessions (last 3m) = 0 (raises risk)
502483,2024-06,0,0.9985,1,High,Months since last purchase = 16 (raises risk); Transactions (last month) = 0 (raises risk); App sessions (last 3m) = 0 (raises risk)
502482,2024-06,0,0.9985,1,High,Months since last purchase = 8 (raises risk); Transactions (last month) = 0 (raises risk); App sessions (last 3m) = 0 (raises risk)
502412,2024-06,0,0.9985,1,High,Months since last purchase = 13 (raises risk); Transactions (last month) = 0 (raises risk); App sessions (last 3m) = 0 (raises risk)
500451,2024-06,0,0.9985,1,High,Months since last purchase = 15 (raises risk); Transactions (last month) = 0 (raises risk); App sessions (last 3m) = 0 (raises risk)
500483,2024-06,0,0.9985,1,High,Months since last purchase = 13 (raises risk); Transactions (last month) = 0 (raises risk); App sessions (last 3m) = 0 (raises risk)
500362,2024-06,0,0.9985,1,High,Months since last purchase = 16 (raises risk); Transactions (last month) = 0 (raises risk); App sessions (last 3m) = 0 (raises risk)
501588,2024-06,0,0.9985,1,High,Months since last purchase = 8 (raises risk); Transactions (last month) = 0 (raises risk); App sessions (last 3m) = 0 (raises risk)
501578,2024-06,0,0.9985,1,High,Months since last purchase = 6 (raises risk); Transactions (last month) = 0 (raises risk); App sessions (last 3m) = 0 (raises risk)
501548,2024-06,0,0.9985,1,High,Months since last purchase = 16 (raises risk); Transactions (last month) = 0 (raises risk); App sessions (last 3m) = 0 (raises risk)
501530,2024-06,0,0.9985,1,High,Months since last purchase = 17 (raises risk); Transactions (last month) = 0 (raises risk); App sessions (last 3m) = 0 (raises risk)
500204,2024-06,0,0.9985,1,High,Months since last purchase = 17 (raises risk); Transactions (last month) = 0 (raises risk); App sessions (last 3m) = 0 (raises risk)
500388,2024-06,0,0.9985,1,High,Months since last purchase = 10 (raises risk); Transactions (last month) = 0 (raises risk); App sessions (last 3m) = 0 (raises risk)
500409,2024-06,0,0.9985,1,High,Months since last purchase = 11 (raises risk); Transactions (last month) = 0 (raises risk); App sessions (last 3m) = 0 (raises risk)
500406,2024-06,0,0.9985,1,High,Months since last purchase = 16 (raises risk); Transactions (last month) = 0 (raises risk); App sessions (last 3m) = 0 (raises risk)
501525,2024-06,0,0.9985,1,High,Months since last purchase = 12 (raises risk); Transactions (last month) = 0 (raises risk); App sessions (last 3m) = 0 (raises risk)
501394,2024-06,0,0.9985,1,High,Months since last purchase = 14 (raises risk); Transactions (last month) = 0 (raises risk); App sessions (last 3m) = 0 (raises risk)
501385,2024-06,0,0.9985,1,High,Months since last purchase = 13 (raises risk); Transactions (last month) = 0 (raises risk); App sessions (last 3m) = 0 (raises risk)
501270,2024-06,0,0.9985,1,High,Months since last purchase = 16 (raises risk); Transactions (last month) = 0 (raises risk); App sessions (last 3m) = 0 (raises risk)
501249,2024-06,0,0.9985,1,High,Months since last purchase = 10 (raises risk); Transactions (last month) = 0 (raises risk); App sessions (last 3m) = 0 (raises risk)
501324,2024-06,0,0.9985,1,High,Months since last purchase = 16 (raises risk); Transactions (last month) = 0 (raises risk); App sessions (last 3m) = 0 (raises risk)
501358,2024-06,0,0.9985,1,High,Months since last purchase = 17 (raises risk); Transactions (last month) = 0 (raises risk); App sessions (last 3m) = 0 (raises risk)
501367,2024-06,0,0.9985,1,High,Months since last purchase = 7 (raises risk); Transactions (last month) = 0 (raises risk); App sessions (last 3m) = 0 (raises risk)
501641,2024-06,0,0.9985,1,High,Months since last purchase = 6 (raises risk); Transactions (last month) = 0 (raises risk); App sessions (last 3m) = 0 (raises risk)
501421,2024-06,0,0.9985,1,High,Months since last purchase = 9 (raises risk); Transactions (last month) = 0 (raises risk); App sessions (last 3m) = 0 (raises risk)
501479,2024-06,0,0.9985,1,High,Months since last purchase = 13 (raises risk); Transactions (last month) = 0 (raises risk); App sessions (last 3m) = 0 (raises risk)
501691,2024-06,0,0.9985,1,High,Months since last purchase = 14 (raises risk); Transactions (last month) = 0 (raises risk); App sessions (last 3m) = 0 (raises risk)
501724,2024-06,0,0.9985,1,High,Months since last purchase = 13 (raises risk); Transactions (last month) = 0 (raises risk); App sessions (last 3m) = 0 (raises risk)
500198,2024-06,0,0.9985,1,High,Months since last purchase = 17 (raises risk); Transactions (last month) = 0 (raises risk); App sessions (last 3m) = 0 (raises risk)
500683,2024-06,0,0.9985,1,High,Months since last purchase = 17 (raises risk); Transactions (last month) = 0 (raises risk); App sessions (last 3m) = 0 (raises risk)
502144,2024-06,0,0.9985,1,High,Months since last purchase = 8 (raises risk); Transactions (last month) = 0 (raises risk); App sessions (last 3m) = 0 (raises risk)
502255,2024-06,0,0.9985,1,High,Months since last purchase = 14 (raises risk); Transactions (last month) = 0 (raises risk); App sessions (last 3m) = 0 (raises risk)
500295,2024-06,0,0.9985,1,High,Months since last purchase = 17 (raises risk); Transactions (last month) = 0 (raises risk); App sessions (last 3m) = 0 (raises risk)
500290,2024-06,0,0.9985,1,High,Months since last purchase = 8 (raises risk); Transactions (last month) = 0 (raises risk); App sessions (last 3m) = 0 (raises risk)
500289,2024-06,0,0.9985,1,High,Months since last purchase = 6 (raises risk); Transactions (last month) = 0 (raises risk); App sessions (last 3m) = 0 (raises risk)
500970,2024-06,0,0.9985,1,High,Months since last purchase = 13 (raises risk); Transactions (last month) = 0 (raises risk); App sessions (last 3m) = 0 (raises risk)
501972,2024-06,0,0.9985,1,High,Months since last purchase = 9 (raises risk); Transactions (last month) = 0 (raises risk); App sessions (last 3m) = 0 (raises risk)
501983,2024-06,0,0.9985,1,High,Months since last purchase = 10 (raises risk); Transactions (last month) = 0 (raises risk); App sessions (last 3m) = 0 (raises risk)
500991,2024-06,0,0.9985,1,High,Months since last purchase = 14 (raises risk); Transactions (last month) = 0 (raises risk); App sessions (last 3m) = 0 (raises risk)
501910,2024-06,0,0.9985,1,High,Months since last purchase = 15 (raises risk); Transactions (last month) = 0 (raises risk); App sessions (last 3m) = 0 (raises risk)
501926,2024-06,0,0.9985,1,High,Months since last purchase = 17 (raises risk); Transactions (last month) = 0 (raises risk); App sessions (last 3m) = 0 (raises risk)
502026,2024-06,0,0.9985,1,High,Months since last purchase = 16 (raises risk); Transactions (last month) = 0 (raises risk); App sessions (last 3m) = 0 (raises risk)
502054,2024-06,0,0.9985,1,High,Months since last purchase = 17 (raises risk); Transactions (last month) = 0 (raises risk); App sessions (last 3m) = 0 (raises risk)
500882,2024-06,0,0.9985,1,High,Months since last purchase = 11 (raises risk); Transactions (last month) = 0 (raises risk); App sessions (last 3m) = 0 (raises risk)
500878,2024-06,0,0.9985,1,High,Months since last purchase = 16 (raises risk); Transactions (last month) = 0 (raises risk); App sessions (last 3m) = 0 (raises risk)
500936,2024-06,0,0.9985,1,High,Months since last purchase = 17 (raises risk); Transactions (last month) = 0 (raises risk); App sessions (last 3m) = 0 (raises risk)
500968,2024-06,0,0.9985,1,High,Months since last purchase = 8 (raises risk); Transactions (last month) = 0 (raises risk); App sessions (last 3m) = 0 (raises risk)
501062,2024-06,0,0.9985,1,High,Months since last purchase = 15 (raises risk); Transactions (last month) = 0 (raises risk); App sessions (last 3m) = 0 (raises risk)
501039,2024-06,0,0.9985,1,High,Months since last purchase = 8 (raises risk); Transactions (last month) = 0 (raises risk); App sessions (last 3m) = 0 (raises risk)
501013,2024-06,0,0.9985,1,High,Months since last purchase = 7 (raises risk); Transactions (last month) = 0 (raises risk); App sessions (last 3m) = 0 (raises risk)
501141,2024-06,0,0.9985,1,High,Months since last purchase = 6 (raises risk); Transactions (last month) = 0 (raises risk); App sessions (last 3m) = 0 (raises risk)
501847,2024-06,0,0.9985,1,High,Months since last purchase = 13 (raises risk); Transactions (last month) = 0 (raises risk); App sessions (last 3m) = 0 (raises risk)
501838,2024-06,0,0.9985,1,High,Months since last purchase = 13 (raises risk); Transactions (last month) = 0 (raises risk); App sessions (last 3m) = 0 (raises risk)
501091,2024-06,0,0.9985,1,High,Months since last purchase = 11 (raises risk); Transactions (last month) = 0 (raises risk); App sessions (last 3m) = 0 (raises risk)
501881,2024-06,0,0.9985,1,High,Months since last purchase = 15 (raises risk); Transactions (last month) = 0 (raises risk); App sessions (last 3m) = 0 (raises risk)
501140,2024-06,0,0.9985,1,High,Months since last purchase = 9 (raises risk); Transactions (last month) = 0 (raises risk); App sessions (last 3m) = 0 (raises risk)
501765,2024-06,0,0.9985,1,High,Months since last purchase = 11 (raises risk); Transactions (last month) = 0 (raises risk); App sessions (last 3m) = 0 (raises risk)
500157,2024-06,0,0.9985,1,High,Months since last purchase = 11 (raises risk); Transactions (last month) = 0 (raises risk); App sessions (last 3m) = 0 (raises risk)
500244,2024-06,0,0.9985,1,High,Months since last purchase = 16 (raises risk); Transactions (last month) = 0 (raises risk); App sessions (last 3m) = 0 (raises risk)
501829,2024-06,0,0.9985,1,High,Months since last purchase = 17 (raises risk); Transactions (last month) = 0 (raises risk); App sessions (last 3m) = 0 (raises risk)
501806,2024-06,0,0.9985,1,High,Months since last purchase = 17 (raises risk); Transactions (last month) = 0 (raises risk); App sessions (last 3m) = 0 (raises risk)
500147,2024-06,0,0.9985,1,High,Months since last purchase = 14 (raises risk); Transactions (last month) = 0 (raises risk); App sessions (last 3m) = 0 (raises risk)
501220,2024-06,0,0.9985,1,High,Months since last purchase = 7 (raises risk); Transactions (last month) = 0 (raises risk); App sessions (last 3m) = 0 (raises risk)
500779,2024-06,0,0.9985,1,High,Months since last purchase = 13 (raises risk); Transactions (last month) = 0 (raises risk); App sessions (last 3m) = 0 (raises risk)
500785,2024-06,0,0.9985,1,High,Months since last purchase = 17 (raises risk); Transactions (last month) = 0 (raises risk); App sessions (last 3m) = 0 (raises risk)
500632,2024-06,0,0.9985,1,High,Months since last purchase = 7 (raises risk); Transactions (last month) = 0 (raises risk); App sessions (last 3m) = 0 (raises risk)
500612,2024-06,0,0.9985,1,High,Months since last purchase = 16 (raises risk); Transactions (last month) = 0 (raises risk); App sessions (last 3m) = 0 (raises risk)
502303,2024-06,0,0.9985,1,High,Months since last purchase = 16 (raises risk); Transactions (last month) = 0 (raises risk); App sessions (last 3m) = 0 (raises risk)
502268,2024-06,0,0.9985,1,High,Months since last purchase = 15 (raises risk); Transactions (last month) = 0 (raises risk); App sessions (last 3m) = 0 (raises risk)
500611,2024-06,0,0.9985,1,High,Months since last purchase = 14 (raises risk); Transactions (last month) = 0 (raises risk); App sessions (last 3m) = 0 (raises risk)
502533,2024-06,0,0.9985,1,High,Months since last purchase = 16 (raises risk); Transactions (last month) = 0 (raises risk); App sessions (last 3m) = 0 (raises risk)
500567,2024-06,0,0.9985,1,High,Months since last purchase = 15 (raises risk); Transactions (last month) = 0 (raises risk); App sessions (last 3m) = 0 (raises risk)
500566,2024-06,0,0.9985,1,High,Months since last purchase = 10 (raises risk); Transactions (last month) = 0 (raises risk); App sessions (last 3m) = 0 (raises risk)
500514,2024-06,0,0.9985,1,High,Months since last purchase = 13 (raises risk); Transactions (last month) = 0 (raises risk); App sessions (last 3m) = 0 (raises risk)
502526,2024-06,0,0.9985,1,High,Months since last purchase = 11 (raises risk); Transactions (last month) = 0 (raises risk); App sessions (last 3m) = 0 (raises risk)
502229,2024-06,0,0.9985,1,High,Months since last purchase = 11 (raises risk); Transactions (last month) = 0 (raises risk); App sessions (last 3m) = 0 (raises risk)
502232,2024-06,0,0.9985,1,High,Months since last purchase = 12 (raises risk); Transactions (last month) = 0 (raises risk); App sessions (last 3m) = 0 (raises risk)
502247,2024-06,0,0.9985,1,High,Months since last purchase = 13 (raises risk); Transactions (last month) = 0 (raises risk); App sessions (last 3m) = 0 (raises risk)
502191,2024-06,0,0.9985,1,High,Months since last purchase = 14 (raises risk); Transactions (last month) = 0 (raises risk); App sessions (last 3m) = 0 (raises risk)
500086,2024-06,0,0.9985,1,High,Months since last purchase = 13 (raises risk); Transactions (last month) = 0 (raises risk); App sessions (last 3m) = 0 (raises risk)
502125,2024-06,0,0.9985,1,High,Months since last purchase = 6 (raises risk); Transactions (last month) = 0 (raises risk); App sessions (last 3m) = 0 (raises risk)
500720,2024-06,0,0.9985,1,High,Months since last purchase = 10 (raises risk); Transactions (last month) = 0 (raises risk); App sessions (last 3m) = 0 (raises risk)
500752,2024-06,0,0.9985,1,High,Months since last purchase = 15 (raises risk); Transactions (last month) = 0 (raises risk); App sessions (last 3m) = 0 (raises risk)
502190,2024-06,0,0.9985,1,High,Months since last purchase = 10 (raises risk); Transactions (last month) = 0 (raises risk); App sessions (last 3m) = 0 (raises risk)
502166,2024-06,0,0.9985,1,High,Months since last purchase = 14 (raises risk); Transactions (last month) = 0 (raises risk); App sessions (last 3m) = 0 (raises risk)
502088,2024-06,0,0.9985,1,High,Months since last purchase = 17 (raises risk); Transactions (last month) = 0 (raises risk); App sessions (last 3m) = 0 (raises risk)
502070,2024-06,0,0.9985,1,High,Months since last purchase = 6 (raises risk); Transactions (last month) = 0 (raises risk); App sessions (last 3m) = 0 (raises risk)
501995,2024-06,0,0.9985,1,High,Months since last purchase = 7 (raises risk); Transactions (last month) = 0 (raises risk); App sessions (last 3m) = 0 (raises risk)
500819,2024-06,0,0.9985,1,High,Months since last purchase = 16 (raises risk); Transactions (last month) = 0 (raises risk); App sessions (last 3m) = 0 (raises risk)
502093,2024-06,0,0.9985,1,High,Months since last purchase = 11 (raises risk); Transactions (last month) = 0 (raises risk); App sessions (last 3m) = 0 (raises risk)
500232,2024-06,0,0.9984,1,High,Months since last purchase = 12 (raises risk); Transactions (last month) = 0 (raises risk); App sessions (last 3m) = 0 (raises risk)
501318,2024-06,0,0.9984,1,High,Months since last purchase = 9 (raises risk); Transactions (last month) = 0 (raises risk); App sessions (last 3m) = 0 (raises risk)
501613,2024-06,0,0.9984,1,High,Months since last purchase = 14 (raises risk); Transactions (last month) = 0 (raises risk); App sessions (last 3m) = 0 (raises risk)
501544,2024-06,0,0.9984,1,High,Months since last purchase = 7 (raises risk); Transactions (last month) = 0 (raises risk); App sessions (last 3m) = 0 (raises risk)
501521,2024-06,0,0.9984,1,High,Months since last purchase = 10 (raises risk); Transactions (last month) = 0 (raises risk); App sessions (last 3m) = 0 (raises risk)
500461,2024-06,0,0.9984,1,High,Months since last purchase = 10 (raises risk); Transactions (last month) = 0 (raises risk); App sessions (last 3m) = 0 (raises risk)
500496,2024-06,0,0.9984,1,High,Months since last purchase = 17 (raises risk); Transactions (last month) = 0 (raises risk); App sessions (last 3m) = 0 (raises risk)
501356,2024-06,0,0.9984,1,High,Months since last purchase = 13 (raises risk); Transactions (last month) = 0 (raises risk); App sessions (last 3m) = 0 (raises risk)
501639,2024-06,0,0.9984,1,High,Months since last purchase = 6 (raises risk); Transactions (last month) = 0 (raises risk); App sessions (last 3m) = 0 (raises risk)
500217,2024-06,0,0.9984,1,High,Months since last purchase = 6 (raises risk); Transactions (last month) = 0 (raises risk); App sessions (last 3m) = 0 (raises risk)
500186,2024-06,0,0.9984,1,High,Months since last purchase = 12 (raises risk); Transactions (last month) = 0 (raises risk); App sessions (last 3m) = 0 (raises risk)
501399,2024-06,0,0.9984,1,High,Months since last purchase = 16 (raises risk); Transactions (last month) = 0 (raises risk); App sessions (last 3m) = 0 (raises risk)
501377,2024-06,0,0.9984,1,High,Months since last purchase = 11 (raises risk); Transactions (last month) = 0 (raises risk); App sessions (last 3m) = 0 (raises risk)
501451,2024-06,0,0.9984,1,High,Months since last purchase = 14 (raises risk); Transactions (last month) = 0 (raises risk); App sessions (last 3m) = 0 (raises risk)
501454,2024-06,0,0.9984,1,High,Months since last purchase = 9 (raises risk); Transactions (last month) = 0 (raises risk); App sessions (last 3m) = 0 (raises risk)
501473,2024-06,0,0.9984,1,High,Months since last purchase = 12 (raises risk); Transactions (last month) = 0 (raises risk); App sessions (last 3m) = 0 (raises risk)
501422,2024-06,0,0.9984,1,High,Months since last purchase = 7 (raises risk); Transactions (last month) = 0 (raises risk); App sessions (last 3m) = 0 (raises risk)
501445,2024-06,0,0.9984,1,High,Months since last purchase = 15 (raises risk); Transactions (last month) = 0 (raises risk); App sessions (last 3m) = 0 (raises risk)
501708,2024-06,0,0.9984,1,High,Months since last purchase = 12 (raises risk); Transactions (last month) = 0 (raises risk); App sessions (last 3m) = 0 (raises risk)
501656,2024-06,0,0.9984,1,High,Months since last purchase = 11 (raises risk); Transactions (last month) = 0 (raises risk); App sessions (last 3m) = 0 (raises risk)
501649,2024-06,0,0.9984,1,High,Months since last purchase = 12 (raises risk); Transactions (last month) = 0 (raises risk); App sessions (last 3m) = 0 (raises risk)
501506,2024-06,0,0.9984,1,High,Months since last purchase = 16 (raises risk); Transactions (last month) = 0 (raises risk); App sessions (last 3m) = 0 (raises risk)
501508,2024-06,0,0.9984,1,High,Months since last purchase = 16 (raises risk); Transactions (last month) = 0 (raises risk); App sessions (last 3m) = 0 (raises risk)
501478,2024-06,0,0.9984,1,High,Months since last purchase = 17 (raises risk); Transactions (last month) = 0 (raises risk); App sessions (last 3m) = 0 (raises risk)
500354,2024-06,0,0.9984,1,High,Months since last purchase = 14 (raises risk); Transactions (last month) = 0 (raises risk); App sessions (last 3m) = 0 (raises risk)
502394,2024-06,0,0.9984,1,High,Months since last purchase = 8 (raises risk); Transactions (last month) = 0 (raises risk); App sessions (last 3m) = 0 (raises risk)
502438,2024-06,0,0.9984,1,High,Months since last purchase = 16 (raises risk); Transactions (last month) = 0 (raises risk); App sessions (last 3m) = 0 (raises risk)
502429,2024-06,0,0.9984,1,High,Months since last purchase = 17 (raises risk); Transactions (last month) = 0 (raises risk); App sessions (last 3m) = 0 (raises risk)
502396,2024-06,0,0.9984,1,High,Months since last purchase = 13 (raises risk); Transactions (last month) = 0 (raises risk); App sessions (last 3m) = 0 (raises risk)
500444,2024-06,0,0.9984,1,High,Months since last purchase = 15 (raises risk); Transactions (last month) = 0 (raises risk); App sessions (last 3m) = 0 (raises risk)
501610,2024-06,0,0.9984,1,High,Months since last purchase = 12 (raises risk); Transactions (last month) = 0 (raises risk); App sessions (last 3m) = 0 (raises risk)
500396,2024-06,0,0.9984,1,High,Months since last purchase = 6 (raises risk); Transactions (last month) = 0 (raises risk); App sessions (last 3m) = 0 (raises risk)
500436,2024-06,0,0.9984,1,High,Months since last purchase = 15 (raises risk); Transactions (last month) = 0 (raises risk); App sessions (last 3m) = 0 (raises risk)
500418,2024-06,0,0.9984,1,High,Months since last purchase = 11 (raises risk); Transactions (last month) = 0 (raises risk); App sessions (last 3m) = 0 (raises risk)
501748,2024-06,0,0.9984,1,High,Months since last purchase = 7 (raises risk); Transactions (last month) = 0 (raises risk); App sessions (last 3m) = 0 (raises risk)
501802,2024-06,0,0.9984,1,High,Months since last purchase = 17 (raises risk); Transactions (last month) = 0 (raises risk); App sessions (last 3m) = 0 (raises risk)
501811,2024-06,0,0.9984,1,High,Months since last purchase = 16 (raises risk); Transactions (last month) = 0 (raises risk); App sessions (last 3m) = 0 (raises risk)
502007,2024-06,0,0.9984,1,High,Months since last purchase = 6 (raises risk); Transactions (last month) = 0 (raises risk); App sessions (last 3m) = 0 (raises risk)
502039,2024-06,0,0.9984,1,High,Months since last purchase = 9 (raises risk); Transactions (last month) = 0 (raises risk); App sessions (last 3m) = 0 (raises risk)
500886,2024-06,0,0.9984,1,High,Months since last purchase = 15 (raises risk); Transactions (last month) = 0 (raises risk); App sessions (last 3m) = 0 (raises risk)
502058,2024-06,0,0.9984,1,High,Months since last purchase = 8 (raises risk); Transactions (last month) = 0 (raises risk); App sessions (last 3m) = 0 (raises risk)
500941,2024-06,0,0.9984,1,High,Months since last purchase = 9 (raises risk); Transactions (last month) = 0 (raises risk); App sessions (last 3m) = 0 (raises risk)
500916,2024-06,0,0.9984,1,High,Months since last purchase = 8 (raises risk); Transactions (last month) = 0 (raises risk); App sessions (last 3m) = 0 (raises risk)
500897,2024-06,0,0.9984,1,High,Months since last purchase = 10 (raises risk); Transactions (last month) = 0 (raises risk); App sessions (last 3m) = 0 (raises risk)
500893,2024-06,0,0.9984,1,High,Months since last purchase = 7 (raises risk); Transactions (last month) = 0 (raises risk); App sessions (last 3m) = 0 (raises risk)
501891,2024-06,0,0.9984,1,High,Months since last purchase = 13 (raises risk); Transactions (last month) = 0 (raises risk); App sessions (last 3m) = 0 (raises risk)
500272,2024-06,0,0.9984,1,High,Months since last purchase = 10 (raises risk); Transactions (last month) = 0 (raises risk); App sessions (last 3m) = 0 (raises risk)
501894,2024-06,0,0.9984,1,High,Months since last purchase = 10 (raises risk); Transactions (last month) = 0 (raises risk); App sessions (last 3m) = 0 (raises risk)
501001,2024-06,0,0.9984,1,High,Months since last purchase = 12 (raises risk); Transactions (last month) = 0 (raises risk); App sessions (last 3m) = 0 (raises risk)
500988,2024-06,0,0.9984,1,High,Months since last purchase = 8 (raises risk); Transactions (last month) = 0 (raises risk); App sessions (last 3m) = 0 (raises risk)
501981,2024-06,0,0.9984,1,High,Months since last purchase = 12 (raises risk); Transactions (last month) = 0 (raises risk); App sessions (last 3m) = 0 (raises risk)
501913,2024-06,0,0.9984,1,High,Months since last purchase = 13 (raises risk); Transactions (last month) = 0 (raises risk); App sessions (last 3m) = 0 (raises risk)
501905,2024-06,0,0.9984,1,High,Months since last purchase = 13 (raises risk); Transactions (last month) = 0 (raises risk); App sessions (last 3m) = 0 (raises risk)
501055,2024-06,0,0.9984,1,High,Months since last purchase = 7 (raises risk); Transactions (last month) = 0 (raises risk); App sessions (last 3m) = 0 (raises risk)
501744,2024-06,0,0.9984,1,High,Months since last purchase = 12 (raises risk); Transactions (last month) = 0 (raises risk); App sessions (last 3m) = 0 (raises risk)
501781,2024-06,0,0.9984,1,High,Months since last purchase = 15 (raises risk); Transactions (last month) = 0 (raises risk); App sessions (last 3m) = 0 (raises risk)
501759,2024-06,0,0.9984,1,High,Months since last purchase = 11 (raises risk); Transactions (last month) = 0 (raises risk); App sessions (last 3m) = 0 (raises risk)
501794,2024-06,0,0.9984,1,High,Months since last purchase = 16 (raises risk); Transactions (last month) = 0 (raises risk); App sessions (last 3m) = 0 (raises risk)
501229,2024-06,0,0.9984,1,High,Months since last purchase = 7 (raises risk); Transactions (last month) = 0 (raises risk); App sessions (last 3m) = 0 (raises risk)
501171,2024-06,0,0.9984,1,High,Months since last purchase = 14 (raises risk); Transactions (last month) = 0 (raises risk); App sessions (last 3m) = 0 (raises risk)
501185,2024-06,0,0.9984,1,High,Months since last purchase = 15 (raises risk); Transactions (last month) = 0 (raises risk); App sessions (last 3m) = 0 (raises risk)
501102,2024-06,0,0.9984,1,High,Months since last purchase = 14 (raises risk); Transactions (last month) = 0 (raises risk); App sessions (last 3m) = 0 (raises risk)
501106,2024-06,0,0.9984,1,High,Months since last purchase = 7 (raises risk); Transactions (last month) = 0 (raises risk); App sessions (last 3m) = 0 (raises risk)
501112,2024-06,0,0.9984,1,High,Months since last purchase = 13 (raises risk); Transactions (last month) = 0 (raises risk); App sessions (last 3m) = 0 (raises risk)
501113,2024-06,0,0.9984,1,High,Months since last purchase = 10 (raises risk); Transactions (last month) = 0 (raises risk); App sessions (last 3m) = 0 (raises risk)
501853,2024-06,0,0.9984,1,High,Months since last purchase = 14 (raises risk); Transactions (last month) = 0 (raises risk); App sessions (last 3m) = 0 (raises risk)
501859,2024-06,0,0.9984,1,High,Months since last purchase = 17 (raises risk); Transactions (last month) = 0 (raises risk); App sessions (last 3m) = 0 (raises risk)
501095,2024-06,0,0.9984,1,High,Months since last purchase = 11 (raises risk); Transactions (last month) = 0 (raises risk); App sessions (last 3m) = 0 (raises risk)
501065,2024-06,0,0.9984,1,High,Months since last purchase = 13 (raises risk); Transactions (last month) = 0 (raises risk); App sessions (last 3m) = 0 (raises risk)
501212,2024-06,0,0.9984,1,High,Months since last purchase = 14 (raises risk); Transactions (last month) = 0 (raises risk); App sessions (last 3m) = 0 (raises risk)
502150,2024-06,0,0.9984,1,High,Months since last purchase = 8 (raises risk); Transactions (last month) = 0 (raises risk); App sessions (last 3m) = 0 (raises risk)
500694,2024-06,0,0.9984,1,High,Months since last purchase = 11 (raises risk); Transactions (last month) = 0 (raises risk); App sessions (last 3m) = 0 (raises risk)
502167,2024-06,0,0.9984,1,High,Months since last purchase = 11 (raises risk); Transactions (last month) = 0 (raises risk); App sessions (last 3m) = 0 (raises risk)
500702,2024-06,0,0.9984,1,High,Months since last purchase = 8 (raises risk); Transactions (last month) = 0 (raises risk); App sessions (last 3m) = 0 (raises risk)
500787,2024-06,0,0.9984,1,High,Months since last purchase = 8 (raises risk); Transactions (last month) = 0 (raises risk); App sessions (last 3m) = 0 (raises risk)
500759,2024-06,0,0.9984,1,High,Months since last purchase = 12 (raises risk); Transactions (last month) = 0 (raises risk); App sessions (last 3m) = 0 (raises risk)
502200,2024-06,0,0.9984,1,High,Months since last purchase = 13 (raises risk); Transactions (last month) = 0 (raises risk); App sessions (last 3m) = 0 (raises risk)
500790,2024-06,0,0.9984,1,High,Months since last purchase = 16 (raises risk); Transactions (last month) = 0 (raises risk); App sessions (last 3m) = 0 (raises risk)
500310,2024-06,0,0.9984,1,High,Months since last purchase = 6 (raises risk); Transactions (last month) = 0 (raises risk); App sessions (last 3m) = 0 (raises risk)
500107,2024-06,0,0.9984,1,High,Months since last purchase = 14 (raises risk); Transactions (last month) = 0 (raises risk); App sessions (last 3m) = 0 (raises risk)
500872,2024-06,0,0.9984,1,High,Months since last purchase = 9 (raises risk); Transactions (last month) = 0 (raises risk); App sessions (last 3m) = 0 (raises risk)
500866,2024-06,0,0.9984,1,High,Months since last purchase = 13 (raises risk); Transactions (last month) = 0 (raises risk); App sessions (last 3m) = 0 (raises risk)
502062,2024-06,0,0.9984,1,High,Months since last purchase = 8 (raises risk); Transactions (last month) = 0 (raises risk); App sessions (last 3m) = 0 (raises risk)
502063,2024-06,0,0.9984,1,High,Months since last purchase = 9 (raises risk); Transactions (last month) = 0 (raises risk); App sessions (last 3m) = 0 (raises risk)
500727,2024-06,0,0.9984,1,High,Months since last purchase = 8 (raises risk); Transactions (last month) = 0 (raises risk); App sessions (last 3m) = 0 (raises risk)
502256,2024-06,0,0.9984,1,High,Months since last purchase = 7 (raises risk); Transactions (last month) = 0 (raises risk); App sessions (last 3m) = 0 (raises risk)
502291,2024-06,0,0.9984,1,High,Months since last purchase = 12 (raises risk); Transactions (last month) = 0 (raises risk); App sessions (last 3m) = 0 (raises risk)
502333,2024-06,0,0.9984,1,High,Months since last purchase = 9 (raises risk); Transactions (last month) = 0 (raises risk); App sessions (last 3m) = 0 (raises risk)
502312,2024-06,0,0.9984,1,High,Months since last purchase = 17 (raises risk); Transactions (last month) = 0 (raises risk); App sessions (last 3m) = 0 (raises risk)
500590,2024-06,0,0.9984,1,High,Months since last purchase = 16 (raises risk); Transactions (last month) = 0 (raises risk); App sessions (last 3m) = 0 (raises risk)
502147,2024-06,0,0.9984,1,High,Months since last purchase = 9 (raises risk); Transactions (last month) = 0 (raises risk); App sessions (last 3m) = 0 (raises risk)
500653,2024-06,0,0.9984,1,High,Months since last purchase = 17 (raises risk); Transactions (last month) = 0 (raises risk); App sessions (last 3m) = 0 (raises risk)
500681,2024-06,0,0.9984,1,High,Months since last purchase = 8 (raises risk); Transactions (last month) = 0 (raises risk); App sessions (last 3m) = 0 (raises risk)
500089,2024-06,0,0.9984,1,High,Months since last purchase = 13 (raises risk); Transactions (last month) = 0 (raises risk); App sessions (last 3m) = 0 (raises risk)
500344,2024-06,0,0.9984,1,High,Months since last purchase = 13 (raises risk); Transactions (last month) = 0 (raises risk); App sessions (last 3m) = 0 (raises risk)
500348,2024-06,0,0.9984,1,High,Months since last purchase = 16 (raises risk); Transactions (last month) = 0 (raises risk); App sessions (last 3m) = 0 (raises risk)
502246,2024-06,0,0.9984,1,High,Months since last purchase = 11 (raises risk); Transactions (last month) = 0 (raises risk); App sessions (last 3m) = 0 (raises risk)
500569,2024-06,0,0.9984,1,High,Months since last purchase = 14 (raises risk); Transactions (last month) = 0 (raises risk); App sessions (last 3m) = 0 (raises risk)
500560,2024-06,0,0.9984,1,High,Months since last purchase = 12 (raises risk); Transactions (last month) = 0 (raises risk); App sessions (last 3m) = 0 (raises risk)
500503,2024-06,0,0.9984,1,High,Months since last purchase = 12 (raises risk); Transactions (last month) = 0 (raises risk); App sessions (last 3m) = 0 (raises risk)
502600,2024-06,0,0.9984,1,High,Months since last purchase = 12 (raises risk); Transactions (last month) = 0 (raises risk); App sessions (last 3m) = 0 (raises risk)
502554,2024-06,0,0.9983,1,High,Months since last purchase = 11 (raises risk); Transactions (last month) = 0 (raises risk); App sessions (last 3m) = 0 (raises risk)
502587,2024-06,0,0.9983,1,High,Months since last purchase = 9 (raises risk); Transactions (last month) = 0 (raises risk); App sessions (last 3m) = 0 (raises risk)
502574,2024-06,0,0.9983,1,High,Months since last purchase = 14 (raises risk); Transactions (last month) = 0 (raises risk); App sessions (last 3m) = 0 (raises risk)
502595,2024-06,0,0.9983,1,High,Months since last purchase = 11 (raises risk); Transactions (last month) = 0 (raises risk); App sessions (last 3m) = 0 (raises risk)
502586,2024-06,0,0.9983,1,High,Months since last purchase = 10 (raises risk); Transactions (last month) = 0 (raises risk); App sessions (last 3m) = 0 (raises risk)
500815,2024-06,0,0.9983,1,High,Months since last purchase = 17 (raises risk); Transactions (last month) = 0 (raises risk); App sessions (last 3m) = 0 (raises risk)
501681,2024-06,0,0.9983,1,High,Months since last purchase = 17 (raises risk); Transactions (last month) = 0 (raises risk); App sessions (last 3m) = 0 (raises risk)
502508,2024-06,0,0.9983,1,High,Months since last purchase = 11 (raises risk); Transactions (last month) = 0 (raises risk); App sessions (last 3m) = 0 (raises risk)
502469,2024-06,0,0.9983,1,High,Months since last purchase = 15 (raises risk); Transactions (last month) = 0 (raises risk); App sessions (last 3m) = 0 (raises risk)
502463,2024-06,0,0.9983,1,High,Months since last purchase = 15 (raises risk); Transactions (last month) = 0 (raises risk); App sessions (last 3m) = 0 (raises risk)
500386,2024-06,0,0.9983,1,High,Months since last purchase = 17 (raises risk); Transactions (last month) = 0 (raises risk); App sessions (last 3m) = 0 (raises risk)
502520,2024-06,0,0.9983,1,High,Months since last purchase = 7 (raises risk); Transactions (last month) = 0 (raises risk); App sessions (last 3m) = 0 (raises risk)
501754,2024-06,0,0.9983,1,High,Months since last purchase = 6 (raises risk); Transactions (last month) = 0 (raises risk); App sessions (last 3m) = 0 (raises risk)
500783,2024-06,0,0.9983,1,High,Months since last purchase = 14 (raises risk); Transactions (last month) = 0 (raises risk); App sessions (last 3m) = 0 (raises risk)
501622,2024-06,0,0.9983,1,High,Months since last purchase = 14 (raises risk); Transactions (last month) = 0 (raises risk); App sessions (last 3m) = 0 (raises risk)
501784,2024-06,0,0.9983,1,High,Months since last purchase = 10 (raises risk); Transactions (last month) = 0 (raises risk); App sessions (last 3m) = 0 (raises risk)
501783,2024-06,0,0.9983,1,High,Months since last purchase = 11 (raises risk); Transactions (last month) = 0 (raises risk); App sessions (last 3m) = 0 (raises risk)
500185,2024-06,0,0.9983,1,High,Months since last purchase = 13 (raises risk); Transactions (last month) = 0 (raises risk); App sessions (last 3m) = 0 (raises risk)
501605,2024-06,0,0.9983,1,High,Months since last purchase = 15 (raises risk); Transactions (last month) = 0 (raises risk); App sessions (last 3m) = 0 (raises risk)
501580,2024-06,0,0.9983,1,High,Months since last purchase = 12 (raises risk); Transactions (last month) = 0 (raises risk); App sessions (last 3m) = 0 (raises risk)
500145,2024-06,0,0.9983,1,High,Months since last purchase = 10 (raises risk); Transactions (last month) = 0 (raises risk); App sessions (last 3m) = 0 (raises risk)
500725,2024-06,0,0.9983,1,High,Months since last purchase = 14 (raises risk); Transactions (last month) = 0 (raises risk); App sessions (last 3m) = 0 (raises risk)
502453,2024-06,0,0.9983,1,High,Months since last purchase = 15 (raises risk); Transactions (last month) = 0 (raises risk); App sessions (last 3m) = 0 (raises risk)
502434,2024-06,0,0.9983,1,High,Months since last purchase = 11 (raises risk); Transactions (last month) = 0 (raises risk); App sessions (last 3m) = 0 (raises risk)
500247,2024-06,0,0.9983,1,High,Months since last purchase = 9 (raises risk); Transactions (last month) = 0 (raises risk); App sessions (last 3m) = 0 (raises risk)
501844,2024-06,0,0.9983,1,High,Months since last purchase = 14 (raises risk); Transactions (last month) = 0 (raises risk); App sessions (last 3m) = 0 (raises risk)
500864,2024-06,0,0.9983,1,High,Months since last purchase = 14 (raises risk); Transactions (last month) = 0 (raises risk); App sessions (last 3m) = 0 (raises risk)
501570,2024-06,0,0.9983,1,High,Months since last purchase = 10 (raises risk); Transactions (last month) = 0 (raises risk); App sessions (last 3m) = 0 (raises risk)
501908,2024-06,0,0.9983,1,High,Months since last purchase = 9 (raises risk); Transactions (last month) = 0 (raises risk); App sessions (last 3m) = 0 (raises risk)
500130,2024-06,0,0.9983,1,High,Months since last purchase = 9 (raises risk); Transactions (last month) = 0 (raises risk); App sessions (last 3m) = 0 (raises risk)
500129,2024-06,0,0.9983,1,High,Months since last purchase = 14 (raises risk); Transactions (last month) = 0 (raises risk); App sessions (last 3m) = 0 (raises risk)
501522,2024-06,0,0.9983,1,High,Months since last purchase = 14 (raises risk); Transactions (last month) = 0 (raises risk); App sessions (last 3m) = 0 (raises risk)
501515,2024-06,0,0.9983,1,High,Months since last purchase = 10 (raises risk); Transactions (last month) = 0 (raises risk); App sessions (last 3m) = 0 (raises risk)
500203,2024-06,0,0.9983,1,High,Months since last purchase = 16 (raises risk); Transactions (last month) = 0 (raises risk); App sessions (last 3m) = 0 (raises risk)
500197,2024-06,0,0.9983,1,High,Months since last purchase = 14 (raises risk); Transactions (last month) = 0 (raises risk); App sessions (last 3m) = 0 (raises risk)
500320,2024-06,0,0.9983,1,High,Months since last purchase = 17 (raises risk); Transactions (last month) = 0 (raises risk); App sessions (last 3m) = 0 (raises risk)
501948,2024-06,0,0.9983,1,High,Months since last purchase = 6 (raises risk); Transactions (last month) = 0 (raises risk); App sessions (last 3m) = 0 (raises risk)
501961,2024-06,0,0.9983,1,High,Months since last purchase = 13 (raises risk); Transactions (last month) = 0 (raises risk); App sessions (last 3m) = 0 (raises risk)
500885,2024-06,0,0.9983,1,High,Months since last purchase = 6 (raises risk); Transactions (last month) = 0 (raises risk); App sessions (last 3m) = 0 (raises risk)
502391,2024-06,0,0.9983,1,High,Months since last purchase = 8 (raises risk); Transactions (last month) = 0 (raises risk); App sessions (last 3m) = 0 (raises risk)
500918,2024-06,0,0.9983,1,High,Months since last purchase = 9 (raises risk); Transactions (last month) = 0 (raises risk); App sessions (last 3m) = 0 (raises risk)
500649,2024-06,0,0.9983,1,High,Months since last purchase = 15 (raises risk); Transactions (last month) = 0 (raises risk); App sessions (last 3m) = 0 (raises risk)
500116,2024-06,0,0.9983,1,High,Months since last purchase = 12 (raises risk); Transactions (last month) = 0 (raises risk); App sessions (last 3m) = 0 (raises risk)
502018,2024-06,0,0.9983,1,High,Months since last purchase = 10 (raises risk); Transactions (last month) = 0 (raises risk); App sessions (last 3m) = 0 (raises risk)
502010,2024-06,0,0.9983,1,High,Months since last purchase = 14 (raises risk); Transactions (last month) = 0 (raises risk); App sessions (last 3m) = 0 (raises risk)
500903,2024-06,0,0.9983,1,High,Months since last purchase = 7 (raises risk); Transactions (last month) = 0 (raises risk); App sessions (last 3m) = 0 (raises risk)
500937,2024-06,0,0.9983,1,High,Months since last purchase = 8 (raises risk); Transactions (last month) = 0 (raises risk); App sessions (last 3m) = 0 (raises risk)
502041,2024-06,0,0.9983,1,High,Months since last purchase = 8 (raises risk); Transactions (last month) = 0 (raises risk); App sessions (last 3m) = 0 (raises risk)
501449,2024-06,0,0.9983,1,High,Months since last purchase = 6 (raises risk); Transactions (last month) = 0 (raises risk); App sessions (last 3m) = 0 (raises risk)
500584,2024-06,0,0.9983,1,High,Months since last purchase = 8 (raises risk); Transactions (last month) = 0 (raises risk); App sessions (last 3m) = 0 (raises risk)
502068,2024-06,0,0.9983,1,High,Months since last purchase = 17 (raises risk); Transactions (last month) = 0 (raises risk); App sessions (last 3m) = 0 (raises risk)
502066,2024-06,0,0.9983,1,High,Months since last purchase = 8 (raises risk); Transactions (last month) = 0 (raises risk); App sessions (last 3m) = 0 (raises risk)
502060,2024-06,0,0.9983,1,High,Months since last purchase = 17 (raises risk); Transactions (last month) = 0 (raises risk); App sessions (last 3m) = 0 (raises risk)
502103,2024-06,0,0.9983,1,High,Months since last purchase = 15 (raises risk); Transactions (last month) = 0 (raises risk); App sessions (last 3m) = 0 (raises risk)
500207,2024-06,0,0.9983,1,High,Months since last purchase = 11 (raises risk); Transactions (last month) = 0 (raises risk); App sessions (last 3m) = 0 (raises risk)
502388,2024-06,0,0.9983,1,High,Months since last purchase = 15 (raises risk); Transactions (last month) = 0 (raises risk); App sessions (last 3m) = 0 (raises risk)
502376,2024-06,0,0.9983,1,High,Months since last purchase = 9 (raises risk); Transactions (last month) = 0 (raises risk); App sessions (last 3m) = 0 (raises risk)
502410,2024-06,0,0.9983,1,High,Months since last purchase = 7 (raises risk); Transactions (last month) = 0 (raises risk); App sessions (last 3m) = 0 (raises risk)
500972,2024-06,0,0.9983,1,High,Months since last purchase = 13 (raises risk); Transactions (last month) = 0 (raises risk); App sessions (last 3m) = 0 (raises risk)
501363,2024-06,0,0.9983,1,High,Months since last purchase = 9 (raises risk); Transactions (last month) = 0 (raises risk); App sessions (last 3m) = 0 (raises risk)
500987,2024-06,0,0.9983,1,High,Months since last purchase = 14 (raises risk); Transactions (last month) = 0 (raises risk); App sessions (last 3m) = 0 (raises risk)
501350,2024-06,0,0.9983,1,High,Months since last purchase = 15 (raises risk); Transactions (last month) = 0 (raises risk); App sessions (last 3m) = 0 (raises risk)
501016,2024-06,0,0.9983,1,High,Months since last purchase = 6 (raises risk); Transactions (last month) = 0 (raises risk); App sessions (last 3m) = 0 (raises risk)
501296,2024-06,0,0.9983,1,High,Months since last purchase = 15 (raises risk); Transactions (last month) = 0 (raises risk); App sessions (last 3m) = 0 (raises risk)
502252,2024-06,0,0.9983,1,High,Months since last purchase = 15 (raises risk); Transactions (last month) = 0 (raises risk); App sessions (last 3m) = 0 (raises risk)
500511,2024-06,0,0.9983,1,High,Months since last purchase = 14 (raises risk); Transactions (last month) = 0 (raises risk); App sessions (last 3m) = 0 (raises risk)
501291,2024-06,0,0.9983,1,High,Months since last purchase = 12 (raises risk); Transactions (last month) = 0 (raises risk); App sessions (last 3m) = 0 (raises risk)
501034,2024-06,0,0.9983,1,High,Months since last purchase = 14 (raises risk); Transactions (last month) = 0 (raises risk); App sessions (last 3m) = 0 (raises risk)
501033,2024-06,0,0.9983,1,High,Months since last purchase = 8 (raises risk); Transactions (last month) = 0 (raises risk); App sessions (last 3m) = 0 (raises risk)
501286,2024-06,0,0.9983,1,High,Months since last purchase = 10 (raises risk); Transactions (last month) = 0 (raises risk); App sessions (last 3m) = 0 (raises risk)
502365,2024-06,0,0.9983,1,High,Months since last purchase = 14 (raises risk); Transactions (last month) = 0 (raises risk); App sessions (last 3m) = 0 (raises risk)
502330,2024-06,0,0.9983,1,High,Months since last purchase = 12 (raises risk); Transactions (last month) = 0 (raises risk); App sessions (last 3m) = 0 (raises risk)
502308,2024-06,0,0.9983,1,High,Months since last purchase = 7 (raises risk); Transactions (last month) = 0 (raises risk); App sessions (last 3m) = 0 (raises risk)
500365,2024-06,0,0.9983,1,High,Months since last purchase = 16 (raises risk); Transactions (last month) = 0 (raises risk); App sessions (last 3m) = 0 (raises risk)
501272,2024-06,0,0.9983,1,High,Months since last purchase = 11 (raises risk); Transactions (last month) = 0 (raises risk); App sessions (last 3m) = 0 (raises risk)
501268,2024-06,0,0.9983,1,High,Months since last purchase = 11 (raises risk); Transactions (last month) = 0 (raises risk); App sessions (last 3m) = 0 (raises risk)
501262,2024-06,0,0.9983,1,High,Months since last purchase = 10 (raises risk); Transactions (last month) = 0 (raises risk); App sessions (last 3m) = 0 (raises risk)
501260,2024-06,0,0.9983,1,High,Months since last purchase = 17 (raises risk); Transactions (last month) = 0 (raises risk); App sessions (last 3m) = 0 (raises risk)
501107,2024-06,0,0.9983,1,High,Months since last purchase = 11 (raises risk); Transactions (last month) = 0 (raises risk); App sessions (last 3m) = 0 (raises risk)
501142,2024-06,0,0.9983,1,High,Months since last purchase = 15 (raises risk); Transactions (last month) = 0 (raises risk); App sessions (last 3m) = 0 (raises risk)
501126,2024-06,0,0.9983,1,High,Months since last purchase = 11 (raises risk); Transactions (last month) = 0 (raises risk); App sessions (last 3m) = 0 (raises risk)
500265,2024-06,0,0.9983,1,High,Months since last purchase = 13 (raises risk); Transactions (last month) = 0 (raises risk); App sessions (last 3m) = 0 (raises risk)
501165,2024-06,0,0.9983,1,High,Months since last purchase = 12 (raises risk); Transactions (last month) = 0 (raises risk); App sessions (last 3m) = 0 (raises risk)
501121,2024-06,0,0.9983,1,High,Months since last purchase = 10 (raises risk); Transactions (last month) = 0 (raises risk); App sessions (last 3m) = 0 (raises risk)
500374,2024-06,0,0.9982,1,High,Months since last purchase = 7 (raises risk); Transactions (last month) = 0 (raises risk); App sessions (last 3m) = 0 (raises risk)
502556,2024-06,0,0.9982,1,High,Months since last purchase = 9 (raises risk); Transactions (last month) = 0 (raises risk); App sessions (last 3m) = 0 (raises risk)
501192,2024-06,0,0.9982,1,High,Months since last purchase = 12 (raises risk); Transactions (last month) = 0 (raises risk); App sessions (last 3m) = 0 (raises risk)
501184,2024-06,0,0.9982,1,High,Months since last purchase = 6 (raises risk); Transactions (last month) = 0 (raises risk); App sessions (last 3m) = 0 (raises risk)
500395,2024-06,0,0.9982,1,High,Months since last purchase = 9 (raises risk); Transactions (last month) = 0 (raises risk); App sessions (last 3m) = 0 (raises risk)
502479,2024-06,0,0.9982,1,High,Months since last purchase = 13 (raises risk); Transactions (last month) = 0 (raises risk); App sessions (last 3m) = 0 (raises risk)
500036,2024-06,0,0.9982,1,High,Months since last purchase = 12 (raises risk); Transactions (last month) = 0 (raises risk); App sessions (last 3m) = 0 (raises risk)
502331,2024-06,0,0.9982,1,High,Months since last purchase = 7 (raises risk); Transactions (last month) = 0 (raises risk); App sessions (last 3m) = 0 (raises risk)
502258,2024-06,0,0.9982,1,High,Months since last purchase = 7 (raises risk); Transactions (last month) = 0 (raises risk); App sessions (last 3m) = 0 (raises risk)
501061,2024-06,0,0.9982,1,High,Months since last purchase = 17 (raises risk); Transactions (last month) = 0 (raises risk); App sessions (last 3m) = 0 (raises risk)
502267,2024-06,0,0.9982,1,High,Months since last purchase = 10 (raises risk); Transactions (last month) = 0 (raises risk); App sessions (last 3m) = 0 (raises risk)
502259,2024-06,0,0.9982,1,High,Months since last purchase = 13 (raises risk); Transactions (last month) = 0 (raises risk); App sessions (last 3m) = 0 (raises risk)
500221,2024-06,0,0.9982,1,High,Months since last purchase = 8 (raises risk); Transactions (last month) = 0 (raises risk); App sessions (last 3m) = 0 (raises risk)
501145,2024-06,0,0.9982,1,High,Months since last purchase = 6 (raises risk); Transactions (last month) = 0 (raises risk); App sessions (last 3m) = 0 (raises risk)
501029,2024-06,0,0.9982,1,High,Months since last purchase = 6 (raises risk); Transactions (last month) = 0 (raises risk); App sessions (last 3m) = 0 (raises risk)
501117,2024-06,0,0.9982,1,High,Months since last purchase = 9 (raises risk); Transactions (last month) = 0 (raises risk); App sessions (last 3m) = 0 (raises risk)
502541,2024-06,0,0.9982,1,High,Months since last purchase = 9 (raises risk); Transactions (last month) = 0 (raises risk); App sessions (last 3m) = 0 (raises risk)
501299,2024-06,0,0.9982,1,High,Months since last purchase = 10 (raises risk); Transactions (last month) = 0 (raises risk); App sessions (last 3m) = 0 (raises risk)
502187,2024-06,0,0.9982,1,High,Months since last purchase = 8 (raises risk); Transactions (last month) = 0 (raises risk); App sessions (last 3m) = 0 (raises risk)
500549,2024-06,0,0.9982,1,High,Months since last purchase = 7 (raises risk); Transactions (last month) = 0 (raises risk); App sessions (last 3m) = 0 (raises risk)
502128,2024-06,0,0.9982,1,High,Months since last purchase = 9 (raises risk); Transactions (last month) = 0 (raises risk); App sessions (last 3m) = 0 (raises risk)
501877,2024-06,0,0.9982,1,High,Months since last purchase = 14 (raises risk); Transactions (last month) = 0 (raises risk); App sessions (last 3m) = 0 (raises risk)
502220,2024-06,0,0.9982,1,High,Months since last purchase = 14 (raises risk); Transactions (last month) = 0 (raises risk); App sessions (last 3m) = 0 (raises risk)
500983,2024-06,0,0.9982,1,High,Months since last purchase = 14 (raises risk); Transactions (last month) = 0 (raises risk); App sessions (last 3m) = 0 (raises risk)
501008,2024-06,0,0.9982,1,High,Months since last purchase = 15 (raises risk); Transactions (last month) = 0 (raises risk); App sessions (last 3m) = 0 (raises risk)
501817,2024-06,0,0.9982,1,High,Months since last purchase = 6 (raises risk); Transactions (last month) = 0 (raises risk); App sessions (last 3m) = 0 (raises risk)
502264,2024-06,0,0.9982,1,High,Months since last purchase = 6 (raises risk); Transactions (last month) = 0 (raises risk); App sessions (last 3m) = 0 (raises risk)
501293,2024-06,0,0.9982,1,High,Months since last purchase = 11 (raises risk); Transactions (last month) = 0 (raises risk); App sessions (last 3m) = 0 (raises risk)
501615,2024-06,0,0.9982,1,High,Months since last purchase = 11 (raises risk); Transactions (last month) = 0 (raises risk); App sessions (last 3m) = 0 (raises risk)
501771,2024-06,0,0.9982,1,High,Months since last purchase = 6 (raises risk); Transactions (last month) = 0 (raises risk); App sessions (last 3m) = 0 (raises risk)
500173,2024-06,0,0.9982,1,High,Months since last purchase = 7 (raises risk); Transactions (last month) = 0 (raises risk); App sessions (last 3m) = 0 (raises risk)
501659,2024-06,0,0.9982,1,High,Months since last purchase = 16 (raises risk); Transactions (last month) = 0 (raises risk); App sessions (last 3m) = 0 (raises risk)
501755,2024-06,0,0.9982,1,High,Months since last purchase = 6 (raises risk); Transactions (last month) = 0 (raises risk); App sessions (last 3m) = 0 (raises risk)
501423,2024-06,0,0.9982,1,High,Months since last purchase = 16 (raises risk); Transactions (last month) = 0 (raises risk); App sessions (last 3m) = 0 (raises risk)
500948,2024-06,0,0.9982,1,High,Months since last purchase = 9 (raises risk); Transactions (last month) = 0 (raises risk); App sessions (last 3m) = 0 (raises risk)
501433,2024-06,0,0.9982,1,High,Months since last purchase = 7 (raises risk); Transactions (last month) = 0 (raises risk); App sessions (last 3m) = 0 (raises risk)
501574,2024-06,0,0.9982,1,High,Months since last purchase = 7 (raises risk); Transactions (last month) = 0 (raises risk); App sessions (last 3m) = 0 (raises risk)
501902,2024-06,0,0.9982,1,High,Months since last purchase = 12 (raises risk); Transactions (last month) = 0 (raises risk); App sessions (last 3m) = 0 (raises risk)
500860,2024-06,0,0.9982,1,High,Months since last purchase = 16 (raises risk); Transactions (last month) = 0 (raises risk); App sessions (last 3m) = 0 (raises risk)
500715,2024-06,0,0.9982,1,High,Months since last purchase = 15 (raises risk); Transactions (last month) = 0 (raises risk); App sessions (last 3m) = 0 (raises risk)
500125,2024-06,0,0.9982,1,High,Months since last purchase = 9 (raises risk); Transactions (last month) = 0 (raises risk); App sessions (last 3m) = 0 (raises risk)
500971,2024-06,0,0.9982,1,High,Months since last purchase = 16 (raises risk); Transactions (last month) = 0 (raises risk); App sessions (last 3m) = 0 (raises risk)
500454,2024-06,0,0.9982,1,High,Months since last purchase = 6 (raises risk); Transactions (last month) = 0 (raises risk); App sessions (last 3m) = 0 (raises risk)
501251,2024-06,0,0.9982,1,High,Months since last purchase = 17 (raises risk); Transactions (last month) = 0 (raises risk); App sessions (last 3m) = 0 (raises risk)
500152,2024-06,0,0.9982,1,High,Months since last purchase = 9 (raises risk); Transactions (last month) = 0 (raises risk); App sessions (last 3m) = 0 (raises risk)
501684,2024-06,0,0.9982,1,High,Months since last purchase = 13 (raises risk); Transactions (last month) = 0 (raises risk); App sessions (last 3m) = 0 (raises risk)
501962,2024-06,0,0.9982,1,High,Months since last purchase = 12 (raises risk); Transactions (last month) = 0 (raises risk); App sessions (last 3m) = 0 (raises risk)
501968,2024-06,0,0.9982,1,High,Months since last purchase = 10 (raises risk); Transactions (last month) = 0 (raises risk); App sessions (last 3m) = 0 (raises risk)
501974,2024-06,0,0.9982,1,High,Months since last purchase = 11 (raises risk); Transactions (last month) = 0 (raises risk); App sessions (last 3m) = 0 (raises risk)
501941,2024-06,0,0.9982,1,High,Months since last purchase = 15 (raises risk); Transactions (last month) = 0 (raises risk); App sessions (last 3m) = 0 (raises risk)
500659,2024-06,0,0.9982,1,High,Months since last purchase = 13 (raises risk); Transactions (last month) = 0 (raises risk); App sessions (last 3m) = 0 (raises risk)
501070,2024-06,0,0.9982,1,High,Months since last purchase = 7 (raises risk); Transactions (last month) = 0 (raises risk); App sessions (last 3m) = 0 (raises risk)
501071,2024-06,0,0.9982,1,High,Months since last purchase = 12 (raises risk); Transactions (last month) = 0 (raises risk); App sessions (last 3m) = 0 (raises risk)
501087,2024-06,0,0.9982,1,High,Months since last purchase = 6 (raises risk); Transactions (last month) = 0 (raises risk); App sessions (last 3m) = 0 (raises risk)
501978,2024-06,0,0.9982,1,High,Months since last purchase = 8 (raises risk); Transactions (last month) = 0 (raises risk); App sessions (last 3m) = 0 (raises risk)
501166,2024-06,0,0.9982,1,High,Months since last purchase = 17 (raises risk); Transactions (last month) = 0 (raises risk); App sessions (last 3m) = 0 (raises risk)
502597,2024-06,0,0.9982,1,High,Months since last purchase = 15 (raises risk); Transactions (last month) = 0 (raises risk); App sessions (last 3m) = 0 (raises risk)
502545,2024-06,0,0.9982,1,High,Months since last purchase = 17 (raises risk); Transactions (last month) = 0 (raises risk); App sessions (last 3m) = 0 (raises risk)
500814,2024-06,0,0.9982,1,High,Months since last purchase = 13 (raises risk); Transactions (last month) = 0 (raises risk); App sessions (last 3m) = 0 (raises risk)
500796,2024-06,0,0.9982,1,High,Months since last purchase = 16 (raises risk); Transactions (last month) = 0 (raises risk); App sessions (last 3m) = 0 (raises risk)
500891,2024-06,0,0.9982,1,High,Months since last purchase = 13 (raises risk); Transactions (last month) = 0 (raises risk); App sessions (last 3m) = 0 (raises risk)
501965,2024-06,0,0.9982,1,High,Months since last purchase = 12 (raises risk); Transactions (last month) = 0 (raises risk); App sessions (last 3m) = 0 (raises risk)
500928,2024-06,0,0.9982,1,High,Months since last purchase = 14 (raises risk); Transactions (last month) = 0 (raises risk); App sessions (last 3m) = 0 (raises risk)
500603,2024-06,0,0.9982,1,High,Months since last purchase = 10 (raises risk); Transactions (last month) = 0 (raises risk); App sessions (last 3m) = 0 (raises risk)
501495,2024-06,0,0.9982,1,High,Months since last purchase = 11 (raises risk); Transactions (last month) = 0 (raises risk); App sessions (last 3m) = 0 (raises risk)
500254,2024-06,0,0.9982,1,High,Months since last purchase = 12 (raises risk); Transactions (last month) = 0 (raises risk); App sessions (last 3m) = 0 (raises risk)
501196,2024-06,0,0.9982,1,High,Months since last purchase = 12 (raises risk); Transactions (last month) = 0 (raises risk); App sessions (last 3m) = 0 (raises risk)
502426,2024-06,0,0.9982,1,High,Months since last purchase = 9 (raises risk); Transactions (last month) = 0 (raises risk); App sessions (last 3m) = 0 (raises risk)
502447,2024-06,0,0.9982,1,High,Months since last purchase = 11 (raises risk); Transactions (last month) = 0 (raises risk); App sessions (last 3m) = 0 (raises risk)
502199,2024-06,0,0.9981,1,High,Months since last purchase = 9 (raises risk); Transactions (last month) = 0 (raises risk); App sessions (last 3m) = 0 (raises risk)
502156,2024-06,0,0.9981,1,High,Months since last purchase = 10 (raises risk); Transactions (last month) = 0 (raises risk); App sessions (last 3m) = 0 (raises risk)
500534,2024-06,0,0.9981,1,High,Months since last purchase = 7 (raises risk); Transactions (last month) = 0 (raises risk); App sessions (last 3m) = 0 (raises risk)
500723,2024-06,0,0.9981,1,High,Months since last purchase = 15 (raises risk); Transactions (last month) = 0 (raises risk); App sessions (last 3m) = 0 (raises risk)
501762,2024-06,0,0.9981,1,High,Months since last purchase = 15 (raises risk); Transactions (last month) = 0 (raises risk); App sessions (last 3m) = 0 (raises risk)
502222,2024-06,0,0.9981,1,High,Months since last purchase = 14 (raises risk); Transactions (last month) = 0 (raises risk); App sessions (last 3m) = 0 (raises risk)
502235,2024-06,0,0.9981,1,High,Months since last purchase = 14 (raises risk); Transactions (last month) = 0 (raises risk); App sessions (last 3m) = 0 (raises risk)
500492,2024-06,0,0.9981,1,High,Months since last purchase = 8 (raises risk); Transactions (last month) = 0 (raises risk); App sessions (last 3m) = 0 (raises risk)
502368,2024-06,0,0.9981,1,High,Months since last purchase = 14 (raises risk); Transactions (last month) = 0 (raises risk); App sessions (last 3m) = 0 (raises risk)
501397,2024-06,0,0.9981,1,High,Months since last purchase = 17 (raises risk); Transactions (last month) = 0 (raises risk); App sessions (last 3m) = 0 (raises risk)
502202,2024-06,0,0.9981,1,High,Months since last purchase = 15 (raises risk); Transactions (last month) = 0 (raises risk); App sessions (last 3m) = 0 (raises risk)
501583,2024-06,0,0.9981,1,High,Months since last purchase = 6 (raises risk); Transactions (last month) = 0 (raises risk); App sessions (last 3m) = 0 (raises risk)
501104,2024-06,0,0.9981,1,High,Months since last purchase = 14 (raises risk); Transactions (last month) = 0 (raises risk); App sessions (last 3m) = 0 (raises risk)
500260,2024-06,0,0.9981,1,High,Months since last purchase = 8 (raises risk); Transactions (last month) = 0 (raises risk); App sessions (last 3m) = 0 (raises risk)
501097,2024-06,0,0.9981,1,High,Months since last purchase = 10 (raises risk); Transactions (last month) = 0 (raises risk); App sessions (last 3m) = 0 (raises risk)
500808,2024-06,0,0.9981,1,High,Months since last purchase = 11 (raises risk); Transactions (last month) = 0 (raises risk); App sessions (last 3m) = 0 (raises risk)
501706,2024-06,0,0.9981,1,High,Months since last purchase = 10 (raises risk); Transactions (last month) = 0 (raises risk); App sessions (last 3m) = 0 (raises risk)
500894,2024-06,0,0.9981,1,High,Months since last purchase = 15 (raises risk); Transactions (last month) = 0 (raises risk); App sessions (last 3m) = 0 (raises risk)
500799,2024-06,0,0.9981,1,High,Months since last purchase = 6 (raises risk); Transactions (last month) = 0 (raises risk); App sessions (last 3m) = 0 (raises risk)
501687,2024-06,0,0.9981,1,High,Months since last purchase = 9 (raises risk); Transactions (last month) = 0 (raises risk); App sessions (last 3m) = 0 (raises risk)
501973,2024-06,0,0.9981,1,High,Months since last purchase = 15 (raises risk); Transactions (last month) = 0 (raises risk); App sessions (last 3m) = 0 (raises risk)
502032,2024-06,0,0.9981,1,High,Months since last purchase = 12 (raises risk); Transactions (last month) = 0 (raises risk); App sessions (last 3m) = 0 (raises risk)
500904,2024-06,0,0.9981,1,High,Months since last purchase = 6 (raises risk); Transactions (last month) = 0 (raises risk); App sessions (last 3m) = 0 (raises risk)
501067,2024-06,0,0.9981,1,High,Months since last purchase = 9 (raises risk); Transactions (last month) = 0 (raises risk); App sessions (last 3m) = 0 (raises risk)
501919,2024-06,0,0.9981,1,High,Months since last purchase = 8 (raises risk); Transactions (last month) = 0 (raises risk); App sessions (last 3m) = 0 (raises risk)
500196,2024-06,0,0.9981,1,High,Months since last purchase = 10 (raises risk); Transactions (last month) = 0 (raises risk); App sessions (last 3m) = 0 (raises risk)
501984,2024-06,0,0.9981,1,High,Months since last purchase = 17 (raises risk); Transactions (last month) = 0 (raises risk); App sessions (last 3m) = 0 (raises risk)
500641,2024-06,0,0.9981,1,High,Months since last purchase = 15 (raises risk); Transactions (last month) = 0 (raises risk); App sessions (last 3m) = 0 (raises risk)
500925,2024-06,0,0.9981,1,High,Months since last purchase = 7 (raises risk); Transactions (last month) = 0 (raises risk); App sessions (last 3m) = 0 (raises risk)
500607,2024-06,0,0.9981,1,High,Months since last purchase = 10 (raises risk); Transactions (last month) = 0 (raises risk); App sessions (last 3m) = 0 (raises risk)
501895,2024-06,0,0.9981,1,High,Months since last purchase = 10 (raises risk); Transactions (last month) = 0 (raises risk); App sessions (last 3m) = 0 (raises risk)
502108,2024-06,0,0.9981,1,High,Months since last purchase = 10 (raises risk); Transactions (last month) = 0 (raises risk); App sessions (last 3m) = 0 (raises risk)
500090,2024-06,0,0.9981,1,High,Months since last purchase = 6 (raises risk); Transactions (last month) = 0 (raises risk); App sessions (last 3m) = 0 (raises risk)
500962,2024-06,0,0.9981,1,High,Months since last purchase = 11 (raises risk); Transactions (last month) = 0 (raises risk); App sessions (last 3m) = 0 (raises risk)
501477,2024-06,0,0.9981,1,High,Months since last purchase = 11 (raises risk); Transactions (last month) = 0 (raises risk); App sessions (last 3m) = 0 (raises risk)
500871,2024-06,0,0.9981,1,High,Months since last purchase = 7 (raises risk); Transactions (last month) = 0 (raises risk); App sessions (last 3m) = 0 (raises risk)
501243,2024-06,0,0.9981,1,High,Months since last purchase = 16 (raises risk); Transactions (last month) = 0 (raises risk); App sessions (last 3m) = 0 (raises risk)
502425,2024-06,0,0.9981,1,High,Months since last purchase = 9 (raises risk); Transactions (last month) = 0 (raises risk); App sessions (last 3m) = 0 (raises risk)
502423,2024-06,0,0.9981,1,High,Months since last purchase = 17 (raises risk); Transactions (last month) = 0 (raises risk); App sessions (last 3m) = 0 (raises risk)
500082,2024-06,0,0.9981,1,High,Months since last purchase = 7 (raises risk); Transactions (last month) = 0 (raises risk); App sessions (last 3m) = 0 (raises risk)
500437,2024-06,0,0.9981,1,High,Months since last purchase = 16 (raises risk); Transactions (last month) = 0 (raises risk); App sessions (last 3m) = 0 (raises risk)
502407,2024-06,0,0.9981,1,High,Months since last purchase = 12 (raises risk); Transactions (last month) = 0 (raises risk); App sessions (last 3m) = 0 (raises risk)
500478,2024-06,0,0.9981,1,High,Months since last purchase = 8 (raises risk); Transactions (last month) = 0 (raises risk); App sessions (last 3m) = 0 (raises risk)
502448,2024-06,0,0.9981,1,High,Months since last purchase = 6 (raises risk); Transactions (last month) = 0 (raises risk); App sessions (last 3m) = 0 (raises risk)
501520,2024-06,0,0.9981,1,High,Months since last purchase = 11 (raises risk); Transactions (last month) = 0 (raises risk); App sessions (last 3m) = 0 (raises risk)
500680,2024-06,0,0.9981,1,High,Months since last purchase = 12 (raises risk); Transactions (last month) = 0 (raises risk); App sessions (last 3m) = 0 (raises risk)
501985,2024-06,0,0.9981,1,High,Months since last purchase = 16 (raises risk); Transactions (last month) = 0 (raises risk); App sessions (last 3m) = 0 (raises risk)
502013,2024-06,0,0.9981,1,High,Months since last purchase = 10 (raises risk); Transactions (last month) = 0 (raises risk); App sessions (last 3m) = 0 (raises risk)
500869,2024-06,0,0.9981,1,High,Months since last purchase = 7 (raises risk); Transactions (last month) = 0 (raises risk); App sessions (last 3m) = 0 (raises risk)
501069,2024-06,0,0.9981,1,High,Months since last purchase = 15 (raises risk); Transactions (last month) = 0 (raises risk); App sessions (last 3m) = 0 (raises risk)
500469,2024-06,0,0.9981,1,High,Months since last purchase = 14 (raises risk); Transactions (last month) = 0 (raises risk); App sessions (last 3m) = 0 (raises risk)
501252,2024-06,0,0.9981,1,High,Months since last purchase = 6 (raises risk); Transactions (last month) = 0 (raises risk); App sessions (last 3m) = 0 (raises risk)
501084,2024-06,0,0.9981,1,High,Months since last purchase = 6 (raises risk); Transactions (last month) = 0 (raises risk); App sessions (last 3m) = 0 (raises risk)
501502,2024-06,0,0.9981,1,High,Months since last purchase = 6 (raises risk); Transactions (last month) = 0 (raises risk); App sessions (last 3m) = 0 (raises risk)
500768,2024-06,0,0.998,1,High,Months since last purchase = 8 (raises risk); Transactions (last month) = 0 (raises risk); App sessions (last 3m) = 0 (raises risk)
500822,2024-06,0,0.998,1,High,Months since last purchase = 11 (raises risk); Transactions (last month) = 0 (raises risk); App sessions (last 3m) = 0 (raises risk)
502345,2024-06,0,0.998,1,High,Months since last purchase = 11 (raises risk); Transactions (last month) = 0 (raises risk); App sessions (last 3m) = 0 (raises risk)
502304,2024-06,0,0.998,1,High,Months since last purchase = 7 (raises risk); Transactions (last month) = 0 (raises risk); App sessions (last 3m) = 0 (raises risk)
501213,2024-06,0,0.998,1,High,Months since last purchase = 7 (raises risk); Transactions (last month) = 0 (raises risk); App sessions (last 3m) = 0 (raises risk)
500690,2024-06,0,0.998,1,High,Months since last purchase = 8 (raises risk); Transactions (last month) = 0 (raises risk); App sessions (last 3m) = 0 (raises risk)
500933,2024-06,0,0.998,1,High,Months since last purchase = 14 (raises risk); Transactions (last month) = 0 (raises risk); App sessions (last 3m) = 0 (raises risk)
501414,2024-06,0,0.998,1,High,Months since last purchase = 15 (raises risk); Transactions (last month) = 0 (raises risk); App sessions (last 3m) = 0 (raises risk)
501413,2024-06,0,0.998,1,High,Months since last purchase = 15 (raises risk); Transactions (last month) = 0 (raises risk); App sessions (last 3m) = 0 (raises risk)
502091,2024-06,0,0.998,1,High,Months since last purchase = 11 (raises risk); Transactions (last month) = 0 (raises risk); App sessions (last 3m) = 0 (raises risk)
502430,2024-06,0,0.998,1,High,Months since last purchase = 17 (raises risk); Transactions (last month) = 0 (raises risk); App sessions (last 3m) = 0 (raises risk)
502107,2024-06,0,0.998,1,High,Months since last purchase = 13 (raises risk); Transactions (last month) = 0 (raises risk); App sessions (last 3m) = 0 (raises risk)
502230,2024-06,0,0.998,1,High,Months since last purchase = 8 (raises risk); Transactions (last month) = 0 (raises risk); App sessions (last 3m) = 0 (raises risk)
502133,2024-06,0,0.998,1,High,Months since last purchase = 7 (raises risk); Transactions (last month) = 0 (raises risk); App sessions (last 3m) = 0 (raises risk)
502193,2024-06,0,0.998,1,High,Months since last purchase = 15 (raises risk); Transactions (last month) = 0 (raises risk); App sessions (last 3m) = 0 (raises risk)
502131,2024-06,0,0.998,1,High,Months since last purchase = 7 (raises risk); Transactions (last month) = 0 (raises risk); App sessions (last 3m) = 0 (raises risk)
501383,2024-06,0,0.998,1,High,Months since last purchase = 15 (raises risk); Transactions (last month) = 0 (raises risk); App sessions (last 3m) = 0 (raises risk)
502174,2024-06,0,0.998,1,High,Months since last purchase = 14 (raises risk); Transactions (last month) = 0 (raises risk); App sessions (last 3m) = 0 (raises risk)
501831,2024-06,0,0.998,1,High,Months since last purchase = 6 (raises risk); Transactions (last month) = 0 (raises risk); App sessions (last 3m) = 0 (raises risk)
500361,2024-06,0,0.998,1,High,Months since last purchase = 8 (raises risk); Transactions (last month) = 0 (raises risk); App sessions (last 3m) = 0 (raises risk)
501644,2024-06,0,0.998,1,High,Months since last purchase = 8 (raises risk); Transactions (last month) = 0 (raises risk); App sessions (last 3m) = 0 (raises risk)
501294,2024-06,0,0.998,1,High,Months since last purchase = 12 (raises risk); Transactions (last month) = 0 (raises risk); App sessions (last 3m) = 0 (raises risk)
501737,2024-06,0,0.998,1,High,Months since last purchase = 8 (raises risk); Transactions (last month) = 0 (raises risk); App sessions (last 3m) = 0 (raises risk)
501179,2024-06,0,0.998,1,High,Months since last purchase = 6 (raises risk); Transactions (last month) = 0 (raises risk); App sessions (last 3m) = 0 (raises risk)
500158,2024-06,0,0.998,1,High,Months since last purchase = 6 (raises risk); Transactions (last month) = 0 (raises risk); App sessions (last 3m) = 0 (raises risk)
500119,2024-06,0,0.998,1,High,Months since last purchase = 6 (raises risk); Transactions (last month) = 0 (raises risk); App sessions (last 3m) = 0 (raises risk)
500044,2024-06,0,0.998,1,High,Months since last purchase = 6 (raises risk); Transactions (last month) = 0 (raises risk); App sessions (last 3m) = 0 (raises risk)
500431,2024-06,0,0.998,1,High,Months since last purchase = 11 (raises risk); Transactions (last month) = 0 (raises risk); App sessions (last 3m) = 0 (raises risk)
501860,2024-06,0,0.998,1,High,Months since last purchase = 6 (raises risk); Transactions (last month) = 0 (raises risk); App sessions (last 3m) = 0 (raises risk)
500692,2024-06,0,0.9979,1,High,Months since last purchase = 6 (raises risk); Transactions (last month) = 0 (raises risk); App sessions (last 3m) = 0 (raises risk)
501971,2024-06,0,0.9979,1,High,Months since last purchase = 9 (raises risk); Transactions (last month) = 0 (raises risk); App sessions (last 3m) = 0 (raises risk)
500816,2024-06,0,0.9979,1,High,Months since last purchase = 9 (raises risk); Transactions (last month) = 0 (raises risk); App sessions (last 3m) = 0 (raises risk)
501181,2024-06,0,0.9979,1,High,Months since last purchase = 9 (raises risk); Transactions (last month) = 0 (raises risk); App sessions (last 3m) = 0 (raises risk)
500902,2024-06,0,0.9979,1,High,Months since last purchase = 15 (raises risk); Transactions (last month) = 0 (raises risk); App sessions (last 3m) = 0 (raises risk)
500689,2024-06,0,0.9979,1,High,Months since last purchase = 14 (raises risk); Transactions (last month) = 0 (raises risk); App sessions (last 3m) = 0 (raises risk)
502163,2024-06,0,0.9979,1,High,Months since last purchase = 16 (raises risk); Transactions (last month) = 0 (raises risk); App sessions (last 3m) = 0 (raises risk)
501116,2024-06,0,0.9979,1,High,Months since last purchase = 15 (raises risk); Transactions (last month) = 0 (raises risk); App sessions (last 3m) = 0 (raises risk)
501118,2024-06,0,0.9979,1,High,Months since last purchase = 10 (raises risk); Transactions (last month) = 0 (raises risk); App sessions (last 3m) = 0 (raises risk)
501749,2024-06,0,0.9979,1,High,Months since last purchase = 10 (raises risk); Transactions (last month) = 0 (raises risk); App sessions (last 3m) = 0 (raises risk)
502283,2024-06,0,0.9979,1,High,Months since last purchase = 15 (raises risk); Transactions (last month) = 0 (raises risk); App sessions (last 3m) = 0 (raises risk)
500750,2024-06,0,0.9979,1,High,Months since last purchase = 13 (raises risk); Transactions (last month) = 0 (raises risk); App sessions (last 3m) = 0 (raises risk)
501354,2024-06,0,0.9979,1,High,Months since last purchase = 7 (raises risk); Transactions (last month) = 0 (raises risk); App sessions (last 3m) = 0 (raises risk)
501052,2024-06,0,0.9979,1,High,Months since last purchase = 10 (raises risk); Transactions (last month) = 0 (raises risk); App sessions (last 3m) = 0 (raises risk)
502492,2024-06,0,0.9979,1,High,Months since last purchase = 8 (raises risk); Transactions (last month) = 0 (raises risk); App sessions (last 3m) = 0 (raises risk)
501989,2024-06,0,0.9979,1,High,Months since last purchase = 16 (raises risk); Transactions (last month) = 0 (raises risk); App sessions (last 3m) = 0 (raises risk)
500101,2024-06,0,0.9979,1,High,Months since last purchase = 16 (raises risk); Transactions (last month) = 0 (raises risk); App sessions (last 3m) = 0 (raises risk)
500944,2024-06,0,0.9979,1,High,Months since last purchase = 11 (raises risk); Transactions (last month) = 0 (raises risk); App sessions (last 3m) = 0 (raises risk)
501411,2024-06,0,0.9979,1,High,Months since last purchase = 7 (raises risk); Transactions (last month) = 0 (raises risk); App sessions (last 3m) = 0 (raises risk)
501887,2024-06,0,0.9979,1,High,Months since last purchase = 6 (raises risk); Transactions (last month) = 0 (raises risk); App sessions (last 3m) = 0 (raises risk)
502113,2024-06,0,0.9979,1,High,Months since last purchase = 11 (raises risk); Transactions (last month) = 0 (raises risk); App sessions (last 3m) = 0 (raises risk)
501352,2024-06,0,0.9979,1,High,Months since last purchase = 6 (raises risk); Transactions (last month) = 0 (raises risk); App sessions (last 3m) = 0 (raises risk)
502384,2024-06,0,0.9979,1,High,Months since last purchase = 7 (raises risk); Transactions (last month) = 0 (raises risk); App sessions (last 3m) = 0 (raises risk)
500218,2024-06,0,0.9979,1,High,Months since last purchase = 11 (raises risk); Transactions (last month) = 0 (raises risk); App sessions (last 3m) = 0 (raises risk)
502341,2024-06,0,0.9978,1,High,Months since last purchase = 9 (raises risk); Transactions (last month) = 0 (raises risk); App sessions (last 3m) = 0 (raises risk)
501175,2024-06,0,0.9978,1,High,Months since last purchase = 15 (raises risk); Transactions (last month) = 0 (raises risk); App sessions (last 3m) = 0 (raises risk)
501374,2024-06,0,0.9978,1,High,Months since last purchase = 11 (raises risk); Transactions (last month) = 0 (raises risk); App sessions (last 3m) = 0 (raises risk)
501384,2024-06,0,0.9978,1,High,Months since last purchase = 10 (raises risk); Transactions (last month) = 0 (raises risk); App sessions (last 3m) = 0 (raises risk)
502186,2024-06,0,0.9978,1,High,Months since last purchase = 15 (raises risk); Transactions (last month) = 0 (raises risk); App sessions (last 3m) = 0 (raises risk)
502197,2024-06,0,0.9978,1,High,Months since last purchase = 6 (raises risk); Transactions (last month) = 0 (raises risk); App sessions (last 3m) = 0 (raises risk)
500874,2024-06,0,0.9978,1,High,Months since last purchase = 14 (raises risk); Transactions (last month) = 0 (raises risk); App sessions (last 3m) = 0 (raises risk)
501300,2024-06,0,0.9978,1,High,Months since last purchase = 12 (raises risk); Transactions (last month) = 0 (raises risk); App sessions (last 3m) = 0 (raises risk)
500719,2024-06,0,0.9978,1,High,Months since last purchase = 16 (raises risk); Transactions (last month) = 0 (raises risk); App sessions (last 3m) = 0 (raises risk)
502540,2024-06,0,0.9978,1,High,Months since last purchase = 11 (raises risk); Transactions (last month) = 0 (raises risk); App sessions (last 3m) = 0 (raises risk)
501663,2024-06,0,0.9978,1,High,Months since last purchase = 11 (raises risk); Transactions (last month) = 0 (raises risk); App sessions (last 3m) = 0 (raises risk)
500019,2024-06,0,0.9978,1,High,Months since last purchase = 6 (raises risk); Transactions (last month) = 0 (raises risk); App sessions (last 3m) = 0 (raises risk)
501842,2024-06,0,0.9978,1,High,Months since last purchase = 6 (raises risk); Transactions (last month) = 0 (raises risk); App sessions (last 3m) = 0 (raises risk)
500219,2024-06,0,0.9978,1,High,Months since last purchase = 8 (raises risk); Transactions (last month) = 0 (raises risk); App sessions (last 3m) = 0 (raises risk)
500077,2024-06,0,0.9978,1,High,Months since last purchase = 7 (raises risk); Transactions (last month) = 0 (raises risk); App sessions (last 3m) = 0 (raises risk)
500211,2024-06,0,0.9978,1,High,Months since last purchase = 16 (raises risk); Transactions (last month) = 0 (raises risk); App sessions (last 3m) = 0 (raises risk)
500137,2024-06,0,0.9978,1,High,Months since last purchase = 14 (raises risk); Transactions (last month) = 0 (raises risk); App sessions (last 3m) = 0 (raises risk)
500239,2024-06,0,0.9978,1,High,Months since last purchase = 7 (raises risk); Transactions (last month) = 0 (raises risk); App sessions (last 3m) = 0 (raises risk)
501066,2024-06,0,0.9978,1,High,Months since last purchase = 15 (raises risk); Transactions (last month) = 0 (raises risk); App sessions (last 3m) = 0 (raises risk)
500654,2024-06,0,0.9978,1,High,Months since last purchase = 16 (raises risk); Transactions (last month) = 0 (raises risk); App sessions (last 3m) = 0 (raises risk)
500163,2024-06,0,0.9978,1,High,Months since last purchase = 13 (raises risk); Transactions (last month) = 0 (raises risk); App sessions (last 3m) = 0 (raises risk)
500278,2024-06,0,0.9978,1,High,Months since last purchase = 10 (raises risk); Transactions (last month) = 0 (raises risk); App sessions (last 3m) = 0 (raises risk)
501475,2024-06,0,0.9978,1,High,Months since last purchase = 6 (raises risk); Transactions (last month) = 0 (raises risk); App sessions (last 3m) = 0 (raises risk)
500333,2024-06,0,0.9978,1,High,Months since last purchase = 8 (raises risk); Transactions (last month) = 0 (raises risk); App sessions (last 3m) = 0 (raises risk)
501326,2024-06,0,0.9977,1,High,Months since last purchase = 9 (raises risk); Transactions (last month) = 0 (raises risk); App sessions (last 3m) = 0 (raises risk)
500628,2024-06,0,0.9977,1,High,Months since last purchase = 10 (raises risk); Transactions (last month) = 0 (raises risk); App sessions (last 3m) = 0 (raises risk)
501459,2024-06,0,0.9977,1,High,Months since last purchase = 6 (raises risk); Transactions (last month) = 0 (raises risk); App sessions (last 3m) = 0 (raises risk)
501558,2024-06,0,0.9977,1,High,Months since last purchase = 15 (raises risk); Transactions (last month) = 0 (raises risk); App sessions (last 3m) = 0 (raises risk)
500445,2024-06,0,0.9977,1,High,Months since last purchase = 13 (raises risk); Transactions (last month) = 0 (raises risk); App sessions (last 3m) = 0 (raises risk)
500246,2024-06,0,0.9977,1,High,Months since last purchase = 8 (raises risk); Transactions (last month) = 0 (raises risk); App sessions (last 3m) = 0 (raises risk)
500109,2024-06,0,0.9977,1,High,Months since last purchase = 15 (raises risk); Transactions (last month) = 0 (raises risk); App sessions (last 3m) = 0 (raises risk)
501673,2024-06,0,0.9977,1,High,Months since last purchase = 7 (raises risk); Transactions (last month) = 0 (raises risk); App sessions (last 3m) = 0 (raises risk)
500401,2024-06,0,0.9977,1,High,Months since last purchase = 16 (raises risk); Transactions (last month) = 0 (raises risk); App sessions (last 3m) = 0 (raises risk)
501536,2024-06,0,0.9976,1,High,Months since last purchase = 6 (raises risk); Transactions (last month) = 0 (raises risk); App sessions (last 3m) = 0 (raises risk)
500459,2024-06,0,0.9976,1,High,Months since last purchase = 9 (raises risk); Transactions (last month) = 0 (raises risk); App sessions (last 3m) = 0 (raises risk)
501824,2024-06,0,0.9976,1,High,Months since last purchase = 9 (raises risk); Transactions (last month) = 0 (raises risk); App sessions (last 3m) = 0 (raises risk)
500249,2024-06,0,0.9975,1,High,Months since last purchase = 15 (raises risk); Transactions (last month) = 0 (raises risk); App sessions (last 3m) = 0 (raises risk)
500341,2024-06,0,0.9975,1,High,Months since last purchase = 8 (raises risk); Transactions (last month) = 0 (raises risk); App sessions (last 3m) = 0 (raises risk)
500449,2024-06,0,0.9975,1,High,Months since last purchase = 13 (raises risk); Transactions (last month) = 0 (raises risk); App sessions (last 3m) = 0 (raises risk)
501406,2024-06,0,0.9974,1,High,Months since last purchase = 13 (raises risk); Transactions (last month) = 0 (raises risk); App sessions (last 3m) = 0 (raises risk)
501209,2024-06,0,0.9974,1,High,Months since last purchase = 4 (raises risk); Transactions (last month) = 0 (raises risk); App sessions (last 3m) = 0 (raises risk)
500576,2024-06,0,0.9973,1,High,Months since last purchase = 4 (raises risk); Transactions (last month) = 0 (raises risk); App sessions (last 3m) = 0 (raises risk)
502337,2024-06,0,0.9973,1,High,Months since last purchase = 4 (raises risk); Transactions (last month) = 0 (raises risk); App sessions (last 3m) = 0 (raises risk)
501595,2024-06,0,0.9972,1,High,Months since last purchase = 3 (raises risk); Transactions (last month) = 0 (raises risk); App sessions (last 3m) = 0 (raises risk)
502008,2024-06,0,0.9972,1,High,Months since last purchase = 3 (raises risk); Transactions (last month) = 0 (raises risk); App sessions (last 3m) = 0 (raises risk)
502100,2024-06,0,0.9972,1,High,Months since last purchase = 7 (raises risk); Transactions (last month) = 0 (raises risk); App sessions (last 3m) = 0 (raises risk)
501812,2024-06,0,0.9972,1,High,Months since last purchase = 3 (raises risk); Transactions (last month) = 0 (raises risk); App sessions (last 3m) = 0 (raises risk)
500580,2024-06,0,0.9971,1,High,Months since last purchase = 4 (raises risk); Transactions (last month) = 0 (raises risk); App sessions (last 3m) = 0 (raises risk)
501392,2024-06,0,0.9971,1,High,Months since last purchase = 4 (raises risk); Transactions (last month) = 0 (raises risk); App sessions (last 3m) = 0 (raises risk)
501162,2024-06,0,0.9971,1,High,Months since last purchase = 3 (raises risk); Transactions (last month) = 0 (raises risk); App sessions (last 3m) = 0 (raises risk)
501722,2024-06,0,0.9971,1,High,Months since last purchase = 4 (raises risk); Transactions (last month) = 0 (raises risk); App sessions (last 3m) = 0 (raises risk)
501604,2024-06,0,0.9971,1,High,Months since last purchase = 6 (raises risk); Transactions (last month) = 0 (raises risk); App sessions (last 3m) = 0 (raises risk)
500867,2024-06,0,0.997,1,High,Months since last purchase = 4 (raises risk); Transactions (last month) = 0 (raises risk); App sessions (last 3m) = 0 (raises risk)
502364,2024-06,0,0.997,1,High,Months since last purchase = 4 (raises risk); Transactions (last month) = 0 (raises risk); App sessions (last 3m) = 0 (raises risk)
501645,2024-06,0,0.997,1,High,Months since last purchase = 4 (raises risk); Transactions (last month) = 0 (raises risk); App sessions (last 3m) = 0 (raises risk)
501665,2024-06,0,0.9969,1,High,Months since last purchase = 3 (raises risk); Transactions (last month) = 0 (raises risk); App sessions (last 3m) = 0 (raises risk)
500022,2024-06,0,0.9969,1,High,Months since last purchase = 7 (raises risk); Transactions (last month) = 0 (raises risk); App sessions (last 3m) = 0 (raises risk)
502053,2024-06,0,0.9969,1,High,Months since last purchase = 3 (raises risk); Transactions (last month) = 0 (raises risk); App sessions (last 3m) = 0 (raises risk)
500121,2024-06,0,0.9969,1,High,Months since last purchase = 6 (raises risk); Transactions (last month) = 0 (raises risk); App sessions (last 3m) = 0 (raises risk)
500585,2024-06,0,0.9968,1,High,Months since last purchase = 3 (raises risk); Transactions (last month) = 0 (raises risk); App sessions (last 3m) = 0 (raises risk)
501893,2024-06,0,0.9968,1,High,Months since last purchase = 4 (raises risk); Transactions (last month) = 0 (raises risk); App sessions (last 3m) = 0 (raises risk)
500889,2024-06,0,0.9968,1,High,Months since last purchase = 3 (raises risk); Transactions (last month) = 0 (raises risk); App sessions (last 3m) = 0 (raises risk)
500170,2024-06,0,0.9968,1,High,Months since last purchase = 4 (raises risk); Transactions (last month) = 0 (raises risk); App sessions (last 3m) = 0 (raises risk)
500853,2024-06,0,0.9968,1,High,Months since last purchase = 4 (raises risk); Transactions (last month) = 0 (raises risk); App sessions (last 3m) = 0 (raises risk)
501879,2024-06,0,0.9968,1,High,Months since last purchase = 4 (raises risk); Transactions (last month) = 0 (raises risk); App sessions (last 3m) = 0 (raises risk)
501986,2024-06,0,0.9967,1,High,Months since last purchase = 3 (raises risk); Transactions (last month) = 0 (raises risk); App sessions (last 3m) = 0 (raises risk)
501517,2024-06,0,0.9967,1,High,Months since last purchase = 4 (raises risk); Transactions (last month) = 0 (raises risk); App sessions (last 3m) = 0 (raises risk)
500996,2024-06,0,0.9967,1,High,Months since last purchase = 3 (raises risk); Transactions (last month) = 0 (raises risk); App sessions (last 3m) = 0 (raises risk)
500763,2024-06,0,0.9967,1,High,Months since last purchase = 4 (raises risk); Transactions (last month) = 0 (raises risk); App sessions (last 3m) = 0 (raises risk)
500895,2024-06,0,0.9967,1,High,Months since last purchase = 4 (raises risk); Transactions (last month) = 0 (raises risk); App sessions (last 3m) = 0 (raises risk)
500467,2024-06,0,0.9966,1,High,Months since last purchase = 4 (raises risk); Transactions (last month) = 0 (raises risk); App sessions (last 3m) = 0 (raises risk)
502078,2024-06,0,0.9966,1,High,Months since last purchase = 3 (raises risk); Transactions (last month) = 0 (raises risk); App sessions (last 3m) = 0 (raises risk)
501429,2024-06,0,0.9966,1,High,Months since last purchase = 4 (raises risk); Transactions (last month) = 0 (raises risk); App sessions (last 3m) = 0 (raises risk)
501277,2024-06,0,0.9965,1,High,Months since last purchase = 4 (raises risk); Transactions (last month) = 0 (raises risk); App sessions (last 3m) = 0 (raises risk)
501391,2024-06,0,0.9965,1,High,Months since last purchase = 4 (raises risk); Transactions (last month) = 0 (raises risk); App sessions (last 3m) = 0 (raises risk)
502288,2024-06,0,0.9965,1,High,Months since last purchase = 4 (raises risk); Transactions (last month) = 0 (raises risk); App sessions (last 3m) = 0 (raises risk)
501038,2024-06,0,0.9965,1,High,Months since last purchase = 3 (raises risk); Transactions (last month) = 0 (raises risk); App sessions (last 3m) = 0 (raises risk)
501371,2024-06,0,0.9965,1,High,Months since last purchase = 3 (raises risk); Transactions (last month) = 0 (raises risk); App sessions (last 3m) = 0 (raises risk)
502170,2024-06,0,0.9965,1,High,Months since last purchase = 4 (raises risk); Transactions (last month) = 0 (raises risk); App sessions (last 3m) = 0 (raises risk)
500989,2024-06,0,0.9965,1,High,Months since last purchase = 4 (raises risk); Transactions (last month) = 0 (raises risk); App sessions (last 3m) = 0 (raises risk)
500085,2024-06,0,0.9965,1,High,Months since last purchase = 4 (raises risk); Transactions (last month) = 0 (raises risk); App sessions (last 3m) = 0 (raises risk)
500625,2024-06,0,0.9965,1,High,Months since last purchase = 4 (raises risk); Transactions (last month) = 0 (raises risk); App sessions (last 3m) = 0 (raises risk)
500876,2024-06,0,0.9965,1,High,Months since last purchase = 3 (raises risk); Transactions (last month) = 0 (raises risk); App sessions (last 3m) = 0 (raises risk)
501573,2024-06,0,0.9964,1,High,Months since last purchase = 3 (raises risk); Transactions (last month) = 0 (raises risk); App sessions (last 3m) = 0 (raises risk)
501442,2024-06,0,0.9964,1,High,Months since last purchase = 4 (raises risk); Transactions (last month) = 0 (raises risk); App sessions (last 3m) = 0 (raises risk)
500699,2024-06,0,0.9964,1,High,Months since last purchase = 4 (raises risk); Transactions (last month) = 0 (raises risk); App sessions (last 3m) = 0 (raises risk)
502562,2024-06,0,0.9964,1,High,Months since last purchase = 3 (raises risk); Transactions (last month) = 0 (raises risk); App sessions (last 3m) = 0 (raises risk)
501885,2024-06,0,0.9964,1,High,Months since last purchase = 8 (raises risk); Transactions (last month) = 0 (raises risk); App sessions (last 3m) = 0 (raises risk)
502420,2024-06,0,0.9964,1,High,Months since last purchase = 4 (raises risk); Transactions (last month) = 0 (raises risk); App sessions (last 3m) = 0 (raises risk)
501295,2024-06,0,0.9964,1,High,Months since last purchase = 4 (raises risk); Transactions (last month) = 0 (raises risk); App sessions (last 3m) = 0 (raises risk)
501244,2024-06,0,0.9963,1,High,Months since last purchase = 3 (raises risk); Transactions (last month) = 0 (raises risk); App sessions (last 3m) = 0 (raises risk)
500640,2024-06,0,0.9962,1,High,Months since last purchase = 4 (raises risk); Transactions (last month) = 0 (raises risk); App sessions (last 3m) = 0 (raises risk)
501804,2024-06,0,0.9962,1,High,Months since last purchase = 5 (raises risk); Transactions (last month) = 0 (raises risk); App sessions (last 3m) = 0 (raises risk)
500760,2024-06,0,0.9962,1,High,Months since last purchase = 4 (raises risk); Transactions (last month) = 0 (raises risk); App sessions (last 3m) = 0 (raises risk)
502012,2024-06,0,0.9962,1,High,Months since last purchase = 3 (raises risk); Transactions (last month) = 0 (raises risk); App sessions (last 3m) = 0 (raises risk)
501098,2024-06,0,0.9961,1,High,Months since last purchase = 4 (raises risk); Transactions (last month) = 0 (raises risk); App sessions (last 3m) = 0 (raises risk)
500981,2024-06,0,0.9961,1,High,Months since last purchase = 3 (raises risk); Transactions (last month) = 0 (raises risk); App sessions (last 3m) = 0 (raises risk)
500421,2024-06,0,0.9961,1,High,Months since last purchase = 4 (raises risk); Transactions (last month) = 0 (raises risk); App sessions (last 3m) = 0 (raises risk)
501670,2024-06,0,0.996,1,High,Months since last purchase = 3 (raises risk); Transactions (last month) = 0 (raises risk); App sessions (last 3m) = 0 (raises risk)
500014,2024-06,0,0.996,1,High,Months since last purchase = 4 (raises risk); Transactions (last month) = 0 (raises risk); App sessions (last 3m) = 0 (raises risk)
500069,2024-06,0,0.996,1,High,Months since last purchase = 3 (raises risk); Transactions (last month) = 0 (raises risk); App sessions (last 3m) = 0 (raises risk)
501776,2024-06,0,0.996,1,High,Months since last purchase = 4 (raises risk); Transactions (last month) = 0 (raises risk); App sessions (last 3m) = 0 (raises risk)
501338,2024-06,0,0.996,1,High,Months since last purchase = 5 (raises risk); Transactions (last month) = 0 (raises risk); App sessions (last 3m) = 0 (raises risk)
501496,2024-06,0,0.996,1,High,Months since last purchase = 4 (raises risk); Transactions (last month) = 0 (raises risk); App sessions (last 3m) = 0 (raises risk)
500415,2024-06,0,0.9959,1,High,Months since last purchase = 5 (raises risk); Transactions (last month) = 0 (raises risk); App sessions (last 3m) = 0 (raises risk)
500256,2024-06,0,0.9959,1,High,Months since last purchase = 3 (raises risk); Transactions (last month) = 0 (raises risk); App sessions (last 3m) = 0 (raises risk)
502551,2024-06,0,0.9959,1,High,Months since last purchase = 4 (raises risk); Transactions (last month) = 0 (raises risk); App sessions (last 3m) = 0 (raises risk)
502024,2024-06,0,0.9959,1,High,Months since last purchase = 3 (raises risk); Transactions (last month) = 0 (raises risk); App sessions (last 3m) = 0 (raises risk)
501740,2024-06,0,0.9958,1,High,Months since last purchase = 5 (raises risk); Transactions (last month) = 0 (raises risk); App sessions (last 3m) = 0 (raises risk)
502373,2024-06,0,0.9958,1,High,Months since last purchase = 5 (raises risk); Transactions (last month) = 0 (raises risk); App sessions (last 3m) = 0 (raises risk)
502086,2024-06,0,0.9958,1,High,Months since last purchase = 5 (raises risk); Transactions (last month) = 0 (raises risk); App sessions (last 3m) = 0 (raises risk)
500519,2024-06,0,0.9958,1,High,Months since last purchase = 5 (raises risk); Transactions (last month) = 0 (raises risk); App sessions (last 3m) = 0 (raises risk)
501335,2024-06,0,0.9957,1,High,Months since last purchase = 5 (raises risk); Transactions (last month) = 0 (raises risk); App sessions (last 3m) = 0 (raises risk)
500092,2024-06,0,0.9957,1,High,Months since last purchase = 4 (raises risk); Transactions (last month) = 0 (raises risk); App sessions (last 3m) = 0 (raises risk)
501535,2024-06,0,0.9957,1,High,Months since last purchase = 5 (raises risk); Transactions (last month) = 0 (raises risk); App sessions (last 3m) = 0 (raises risk)
501284,2024-06,0,0.9957,1,High,Months since last purchase = 4 (raises risk); Transactions (last month) = 0 (raises risk); App sessions (last 3m) = 0 (raises risk)
501210,2024-06,0,0.9956,1,High,Months since last purchase = 4 (raises risk); Transactions (last month) = 0 (raises risk); App sessions (last 3m) = 0 (raises risk)
500201,2024-06,0,0.9956,1,High,Months since last purchase = 5 (raises risk); Transactions (last month) = 0 (raises risk); App sessions (last 3m) = 0 (raises risk)
500269,2024-06,0,0.9956,1,High,Months since last purchase = 3 (raises risk); Transactions (last month) = 0 (raises risk); App sessions (last 3m) = 0 (raises risk)
501161,2024-06,0,0.9956,1,High,Months since last purchase = 3 (raises risk); Transactions (last month) = 0 (raises risk); App sessions (last 3m) = 0 (raises risk)
500849,2024-06,0,0.9956,1,High,Months since last purchase = 3 (raises risk); Transactions (last month) = 0 (raises risk); App sessions (last 3m) = 0 (raises risk)
501596,2024-06,0,0.9956,1,High,Months since last purchase = 5 (raises risk); Transactions (last month) = 0 (raises risk); App sessions (last 3m) = 0 (raises risk)
502561,2024-06,0,0.9956,1,High,Months since last purchase = 5 (raises risk); Transactions (last month) = 0 (raises risk); App sessions (last 3m) = 0 (raises risk)
501056,2024-06,0,0.9955,1,High,Months since last purchase = 5 (raises risk); Transactions (last month) = 0 (raises risk); App sessions (last 3m) = 0 (raises risk)
500778,2024-06,0,0.9955,1,High,Months since last purchase = 5 (raises risk); Transactions (last month) = 0 (raises risk); App sessions (last 3m) = 0 (raises risk)
500024,2024-06,0,0.9955,1,High,Months since last purchase = 5 (raises risk); Transactions (last month) = 0 (raises risk); App sessions (last 3m) = 0 (raises risk)
502542,2024-06,0,0.9955,1,High,Months since last purchase = 3 (raises risk); Transactions (last month) = 0 (raises risk); App sessions (last 3m) = 0 (raises risk)
501230,2024-06,0,0.9955,1,High,Months since last purchase = 5 (raises risk); Transactions (last month) = 0 (raises risk); App sessions (last 3m) = 0 (raises risk)
500827,2024-06,0,0.9954,1,High,Months since last purchase = 4 (raises risk); Transactions (last month) = 0 (raises risk); App sessions (last 3m) = 0 (raises risk)
500722,2024-06,0,0.9954,1,High,Months since last purchase = 4 (raises risk); Transactions (last month) = 0 (raises risk); App sessions (last 3m) = 0 (raises risk)
500606,2024-06,0,0.9954,1,High,Months since last purchase = 5 (raises risk); Transactions (last month) = 0 (raises risk); App sessions (last 3m) = 0 (raises risk)
500532,2024-06,0,0.9954,1,High,Months since last purchase = 3 (raises risk); Transactions (last month) = 0 (raises risk); App sessions (last 3m) = 0 (raises risk)
501376,2024-06,0,0.9954,1,High,Months since last purchase = 5 (raises risk); Transactions (last month) = 0 (raises risk); App sessions (last 3m) = 0 (raises risk)
502228,2024-06,0,0.9954,1,High,Months since last purchase = 4 (raises risk); Transactions (last month) = 0 (raises risk); App sessions (last 3m) = 0 (raises risk)
502076,2024-06,0,0.9953,1,High,Months since last purchase = 5 (raises risk); Transactions (last month) = 0 (raises risk); App sessions (last 3m) = 0 (raises risk)
501732,2024-06,0,0.9953,1,High,Months since last purchase = 5 (raises risk); Transactions (last month) = 0 (raises risk); App sessions (last 3m) = 0 (raises risk)
502003,2024-06,0,0.9953,1,High,Months since last purchase = 4 (raises risk); Transactions (last month) = 0 (raises risk); App sessions (last 3m) = 0 (raises risk)
501443,2024-06,0,0.9953,1,High,Months since last purchase = 4 (raises risk); Transactions (last month) = 0 (raises risk); App sessions (last 3m) = 0 (raises risk)
501505,2024-06,0,0.9952,1,High,Months since last purchase = 5 (raises risk); Transactions (last month) = 0 (raises risk); App sessions (last 3m) = 0 (raises risk)
501499,2024-06,0,0.9952,1,High,Months since last purchase = 3 (raises risk); Transactions (last month) = 0 (raises risk); App sessions (last 3m) = 0 (raises risk)
500614,2024-06,0,0.9952,1,High,Months since last purchase = 3 (raises risk); Transactions (last month) = 0 (raises risk); App sessions (last 3m) = 0 (raises risk)
501476,2024-06,0,0.9952,1,High,Months since last purchase = 5 (raises risk); Transactions (last month) = 0 (raises risk); App sessions (last 3m) = 0 (raises risk)
500734,2024-06,0,0.9951,1,High,Months since last purchase = 5 (raises risk); Transactions (last month) = 0 (raises risk); App sessions (last 3m) = 0 (raises risk)
500303,2024-06,0,0.995,1,High,Months since last purchase = 4 (raises risk); Transactions (last month) = 0 (raises risk); App sessions (last 3m) = 0 (raises risk)
500906,2024-06,0,0.995,1,High,Months since last purchase = 3 (raises risk); Transactions (last month) = 0 (raises risk); App sessions (last 3m) = 0 (raises risk)
500883,2024-06,0,0.995,1,High,Months since last purchase = 5 (raises risk); Transactions (last month) = 0 (raises risk); App sessions (last 3m) = 0 (raises risk)
501312,2024-06,0,0.995,1,High,Months since last purchase = 5 (raises risk); Transactions (last month) = 0 (raises risk); App sessions (last 3m) = 0 (raises risk)
502280,2024-06,0,0.995,1,High,Months since last purchase = 4 (raises risk); Transactions (last month) = 0 (raises risk); App sessions (last 3m) = 0 (raises risk)
500950,2024-06,0,0.9949,1,High,Months since last purchase = 4 (raises risk); Transactions (last month) = 0 (raises risk); App sessions (last 3m) = 0 (raises risk)
501110,2024-06,0,0.9949,1,High,Months since last purchase = 3 (raises risk); Transactions (last month) = 0 (raises risk); Spend (last 3m) = 0 (raises risk)
502509,2024-06,0,0.9949,1,High,Months since last purchase = 3 (raises risk); Transactions (last month) = 0 (raises risk); App sessions (last 3m) = 0 (raises risk)
501791,2024-06,0,0.9948,1,High,Months since last purchase = 4 (raises risk); Transactions (last month) = 0 (raises risk); App sessions (last 3m) = 0 (raises risk)
500802,2024-06,0,0.9948,1,High,Months since last purchase = 4 (raises risk); Transactions (last month) = 0 (raises risk); App sessions (last 3m) = 0 (raises risk)
501633,2024-06,0,0.9948,1,High,Months since last purchase = 5 (raises risk); Transactions (last month) = 0 (raises risk); App sessions (last 3m) = 0 (raises risk)
502184,2024-06,0,0.9948,1,High,Months since last purchase = 5 (raises risk); Transactions (last month) = 0 (raises risk); App sessions (last 3m) = 0 (raises risk)
501332,2024-06,0,0.9948,1,High,Months since last purchase = 5 (raises risk); Transactions (last month) = 0 (raises risk); App sessions (last 3m) = 0 (raises risk)
501918,2024-06,0,0.9948,1,High,Months since last purchase = 5 (raises risk); Transactions (last month) = 0 (raises risk); App sessions (last 3m) = 0 (raises risk)
501019,2024-06,0,0.9948,1,High,Months since last purchase = 3 (raises risk); Transactions (last month) = 0 (raises risk); App sessions (last 3m) = 0 (raises risk)
501085,2024-06,0,0.9947,1,High,Months since last purchase = 4 (raises risk); Transactions (last month) = 0 (raises risk); App sessions (last 3m) = 0 (raises risk)
501839,2024-06,0,0.9947,1,High,Months since last purchase = 5 (raises risk); Transactions (last month) = 0 (raises risk); App sessions (last 3m) = 0 (raises risk)
502050,2024-06,0,0.9947,1,High,Months since last purchase = 3 (raises risk); Transactions (last month) = 0 (raises risk); App sessions (last 3m) = 0 (raises risk)
500226,2024-06,0,0.9946,1,High,Months since last purchase = 3 (raises risk); Transactions (last month) = 0 (raises risk); App sessions (last 3m) = 0 (raises risk)
501030,2024-06,0,0.9946,1,High,Months since last purchase = 4 (raises risk); Transactions (last month) = 0 (raises risk); App sessions (last 3m) = 0 (raises risk)
500985,2024-06,0,0.9946,1,High,Months since last purchase = 3 (raises risk); Transactions (last month) = 0 (raises risk); App sessions (last 3m) = 0 (raises risk)
501490,2024-06,0,0.9946,1,High,Months since last purchase = 4 (raises risk); Transactions (last month) = 0 (raises risk); App sessions (last 3m) = 0 (raises risk)
500309,2024-06,0,0.9946,1,High,Months since last purchase = 3 (raises risk); Transactions (last month) = 0 (raises risk); App sessions (last 3m) = 0 (raises risk)
500564,2024-06,0,0.9946,1,High,Months since last purchase = 5 (raises risk); Transactions (last month) = 0 (raises risk); App sessions (last 3m) = 0 (raises risk)
502403,2024-06,0,0.9946,1,High,Months since last purchase = 5 (raises risk); Transactions (last month) = 0 (raises risk); App sessions (last 3m) = 0 (raises risk)
502183,2024-06,0,0.9945,1,High,Months since last purchase = 5 (raises risk); Transactions (last month) = 0 (raises risk); App sessions (last 3m) = 0 (raises risk)
501576,2024-06,0,0.9945,1,High,Months since last purchase = 5 (raises risk); Transactions (last month) = 0 (raises risk); App sessions (last 3m) = 0 (raises risk)
501878,2024-06,0,0.9944,1,High,Months since last purchase = 5 (raises risk); Transactions (last month) = 0 (raises risk); App sessions (last 3m) = 0 (raises risk)
501491,2024-06,0,0.9943,1,High,Months since last purchase = 3 (raises risk); Transactions (last month) = 0 (raises risk); App sessions (last 3m) = 0 (raises risk)
500631,2024-06,0,0.9943,1,High,Months since last purchase = 5 (raises risk); Transactions (last month) = 0 (raises risk); App sessions (last 3m) = 0 (raises risk)
500235,2024-06,0,0.9943,1,High,Months since last purchase = 4 (raises risk); Transactions (last month) = 0 (raises risk); App sessions (last 3m) = 0 (raises risk)
500276,2024-06,0,0.9943,1,High,Months since last purchase = 4 (raises risk); Transactions (last month) = 0 (raises risk); App sessions (last 3m) = 0 (raises risk)
500865,2024-06,0,0.9942,1,High,Months since last purchase = 4 (raises risk); Transactions (last month) = 0 (raises risk); App sessions (last 3m) = 0 (raises risk)
500282,2024-06,0,0.9942,1,High,Months since last purchase = 5 (raises risk); Transactions (last month) = 0 (raises risk); App sessions (last 3m) = 0 (raises risk)
502386,2024-06,0,0.9942,1,High,Months since last purchase = 5 (raises risk); Transactions (last month) = 0 (raises risk); App sessions (last 3m) = 0 (raises risk)
500755,2024-06,0,0.9941,1,High,Months since last purchase = 5 (raises risk); Transactions (last month) = 0 (raises risk); App sessions (last 3m) = 0 (raises risk)
502208,2024-06,0,0.9941,1,High,Months since last purchase = 5 (raises risk); Transactions (last month) = 0 (raises risk); App sessions (last 3m) = 0 (raises risk)
502350,2024-06,0,0.9941,1,High,Months since last purchase = 5 (raises risk); Transactions (last month) = 0 (raises risk); App sessions (last 3m) = 0 (raises risk)
502273,2024-06,1,0.994,1,High,Transactions (last month) = 0 (raises risk); Months since last purchase = 2 (raises risk); App sessions (last 3m) = 0 (raises risk)
502548,2024-06,0,0.994,1,High,Months since last purchase = 3 (raises risk); Transactions (last month) = 0 (raises risk); App sessions (last 3m) = 0 (raises risk)
501662,2024-06,0,0.994,1,High,Months since last purchase = 5 (raises risk); Transactions (last month) = 0 (raises risk); App sessions (last 3m) = 0 (raises risk)
501930,2024-06,0,0.9939,1,High,Months since last purchase = 3 (raises risk); Transactions (last month) = 0 (raises risk); App sessions (last 3m) = 0 (raises risk)
501369,2024-06,1,0.9938,1,High,Months since last purchase = 2 (raises risk); Transactions (last month) = 0 (raises risk); App sessions (last 3m) = 0 (raises risk)
500845,2024-06,0,0.9937,1,High,Months since last purchase = 5 (raises risk); Transactions (last month) = 0 (raises risk); App sessions (last 3m) = 0 (raises risk)
501756,2024-06,0,0.9937,1,High,Months since last purchase = 4 (raises risk); Transactions (last month) = 0 (raises risk); App sessions (last 3m) = 0 (raises risk)
501688,2024-06,0,0.9936,1,High,Months since last purchase = 5 (raises risk); Transactions (last month) = 0 (raises risk); App sessions (last 3m) = 0 (raises risk)
502415,2024-06,0,0.9936,1,High,Months since last purchase = 5 (raises risk); Transactions (last month) = 0 (raises risk); App sessions (last 3m) = 0 (raises risk)
502530,2024-06,0,0.9935,1,High,Months since last purchase = 3 (raises risk); Transactions (last month) = 0 (raises risk); App sessions (last 3m) = 0 (raises risk)
502092,2024-06,0,0.9933,1,High,Months since last purchase = 5 (raises risk); Transactions (last month) = 0 (raises risk); App sessions (last 3m) = 0 (raises risk)
500222,2024-06,0,0.9933,1,High,Months since last purchase = 5 (raises risk); Transactions (last month) = 0 (raises risk); App sessions (last 3m) = 0 (raises risk)
501862,2024-06,0,0.9932,1,High,Months since last purchase = 5 (raises risk); Transactions (last month) = 0 (raises risk); App sessions (last 3m) = 0 (raises risk)
502033,2024-06,0,0.9928,1,High,Months since last purchase = 4 (raises risk); Transactions (last month) = 0 (raises risk); App sessions (last 3m) = 0 (raises risk)
501830,2024-06,1,0.9925,1,High,Months since last purchase = 2 (raises risk); Transactions (last month) = 0 (raises risk); App sessions (last 3m) = 0 (raises risk)
500167,2024-06,1,0.9924,1,High,Months since last purchase = 2 (raises risk); Transactions (last month) = 0 (raises risk); App sessions (last 3m) = 0 (raises risk)
501127,2024-06,0,0.9923,1,High,Months since last purchase = 3 (raises risk); Transactions (last month) = 0 (raises risk); Spend (last 3m) = 0 (raises risk)
500419,2024-06,1,0.9921,1,High,Months since last purchase = 2 (raises risk); Transactions (last month) = 0 (raises risk); App sessions (last 3m) = 0 (raises risk)
500958,2024-06,0,0.9914,1,High,Months since last purchase = 5 (raises risk); Transactions (last month) = 0 (raises risk); App sessions (last 3m) = 0 (raises risk)
502281,2024-06,1,0.991,1,High,Months since last purchase = 2 (raises risk); Transactions (last month) = 0 (raises risk); App sessions (last 3m) = 0 (raises risk)
502134,2024-06,1,0.9899,1,High,Transactions (last month) = 0 (raises risk); App sessions (last 3m) = 0 (raises risk); Transactions (last 3m) = 3 (raises risk)
500769,2024-06,0,0.9899,1,High,Months since last purchase = 3 (raises risk); Transactions (last month) = 0 (raises risk); Spend (last 3m) = 0 (raises risk)
501404,2024-06,1,0.9896,1,High,Transactions (last month) = 0 (raises risk); Months since last purchase = 2 (raises risk); App sessions (last 3m) = 0 (raises risk)
501351,2024-06,1,0.9875,1,High,Transactions (last month) = 0 (raises risk); Months since last purchase = 2 (raises risk); Support tickets (last 3m) = 3 (raises risk)
501617,2024-06,1,0.9869,1,High,Months since last purchase = 2 (raises risk); Transactions (last month) = 0 (raises risk); App sessions (last 3m) = 0 (raises risk)
501514,2024-06,1,0.9869,1,High,Transactions (last month) = 0 (raises risk); App sessions (last 3m) = 0 (raises risk); Transactions (last 3m) = 2 (raises risk)
501788,2024-06,0,0.9866,1,High,Months since last purchase = 3 (raises risk); Transactions (last month) = 0 (raises risk); Spend (last 3m) = 0 (raises risk)
500248,2024-06,1,0.9864,1,High,Transactions (last month) = 0 (raises risk); Months since last purchase = 2 (raises risk); Spend (last 3m) = 59.87 (raises risk)
502223,2024-06,1,0.9863,1,High,Months since last purchase = 2 (raises risk); Transactions (last month) = 0 (raises risk); App sessions (last 3m) = 0 (raises risk)
501840,2024-06,1,0.9854,1,High,Months since last purchase = 2 (raises risk); Transactions (last month) = 0 (raises risk); App sessions (last 3m) = 0 (raises risk)
502275,2024-06,1,0.9845,1,High,Transactions (last month) = 0 (raises risk); Support tickets (last 3m) = 2 (raises risk); App sessions (last 3m) = 1 (raises risk)
501698,2024-06,1,0.9829,1,High,Transactions (last month) = 0 (raises risk); App sessions (last 3m) = 0 (raises risk); Support tickets (last 3m) = 2 (raises risk)
500242,2024-06,0,0.9827,1,High,Months since last purchase = 3 (raises risk); Transactions (last month) = 0 (raises risk); Spend (last 3m) = 0 (raises risk)
501538,2024-06,1,0.9823,1,High,Months since last purchase = 2 (raises risk); Transactions (last month) = 0 (raises risk); App sessions (last 3m) = 0 (raises risk)
500484,2024-06,1,0.9815,1,High,Months since last purchase = 2 (raises risk); Transactions (last month) = 0 (raises risk); App sessions (last 3m) = 0 (raises risk)
500382,2024-06,1,0.9812,1,High,Months since last purchase = 2 (raises risk); Transactions (last month) = 0 (raises risk); Spend (last 3m) = 31.08 (raises risk)
501023,2024-06,1,0.9808,1,High,Months since last purchase = 2 (raises risk); Transactions (last month) = 0 (raises risk); App sessions (last 3m) = 0 (raises risk)
501672,2024-06,1,0.9808,1,High,Transactions (last month) = 0 (raises risk); Months since last purchase = 2 (raises risk); Support tickets (last 3m) = 3 (raises risk)
501420,2024-06,1,0.9805,1,High,Months since last purchase = 2 (raises risk); Transactions (last month) = 0 (raises risk); App sessions (last 3m) = 0 (raises risk)
500037,2024-06,1,0.9789,1,High,Months since last purchase = 2 (raises risk); Transactions (last month) = 0 (raises risk); App sessions (last 3m) = 0 (raises risk)
500343,2024-06,1,0.9783,1,High,Months since last purchase = 2 (raises risk); Transactions (last month) = 0 (raises risk); App sessions (last 3m) = 0 (raises risk)
501987,2024-06,1,0.9765,1,High,Transactions (last month) = 0 (raises risk); Months since last purchase = 2 (raises risk); Spend (last 3m) = 23.05 (raises risk)
501561,2024-06,1,0.9762,1,High,Transactions (last month) = 0 (raises risk); Months since last purchase = 2 (raises risk); Support tickets (last 3m) = 2 (raises risk)
501900,2024-06,0,0.9756,1,High,Months since last purchase = 4 (raises risk); Transactions (last month) = 0 (raises risk); App sessions (last 3m) = 0 (raises risk)
502537,2024-06,1,0.9756,1,High,Months since last purchase = 2 (raises risk); Transactions (last month) = 0 (raises risk); App sessions (last 3m) = 0 (raises risk)
500398,2024-06,1,0.9754,1,High,Months since last purchase = 2 (raises risk); Transactions (last month) = 0 (raises risk); App sessions (last 3m) = 0 (raises risk)
500643,2024-06,1,0.975,1,High,Months since last purchase = 2 (raises risk); Transactions (last month) = 0 (raises risk); App sessions (last 3m) = 0 (raises risk)
501655,2024-06,1,0.9746,1,High,Transactions (last month) = 0 (raises risk); Support tickets (last 3m) = 2 (raises risk); Spend (last 3m) = 35.75 (raises risk)
501869,2024-06,0,0.9744,1,High,Months since last purchase = 3 (raises risk); Transactions (last month) = 0 (raises risk); Spend (last 3m) = 0 (raises risk)
500146,2024-06,1,0.9737,1,High,Months since last purchase = 2 (raises risk); Transactions (last month) = 0 (raises risk); Spend (last 3m) = 26.21 (raises risk)
500596,2024-06,1,0.9732,1,High,Months since last purchase = 2 (raises risk); Transactions (last month) = 0 (raises risk); App sessions (last 3m) = 0 (raises risk)
500884,2024-06,1,0.9731,1,High,Transactions (last month) = 0 (raises risk); App sessions (last 3m) = 0 (raises risk); Support tickets (last 3m) = 2 (raises risk)
500568,2024-06,1,0.9729,1,High,Months since last purchase = 2 (raises risk); Transactions (last month) = 0 (raises risk); Support tickets (last 3m) = 2 (raises risk)
500624,2024-06,1,0.9713,1,High,Months since last purchase = 2 (raises risk); Transactions (last month) = 0 (raises risk); App sessions (last 3m) = 0 (raises risk)
501257,2024-06,1,0.9712,1,High,Transactions (last month) = 0 (raises risk); Support tickets (last 3m) = 3 (raises risk); Transactions (last 3m) = 2 (raises risk)
500032,2024-06,0,0.9662,1,High,Months since last purchase = 4 (raises risk); Transactions (last month) = 0 (raises risk); App sessions (last 3m) = 0 (raises risk)
500613,2024-06,1,0.9657,1,High,Transactions (last month) = 0 (raises risk); Months since last purchase = 2 (raises risk); App sessions (last 3m) = 0 (raises risk)
500075,2024-06,1,0.9655,1,High,Transactions (last month) = 0 (raises risk); Months since last purchase = 2 (raises risk); App sessions (last 3m) = 0 (raises risk)
500829,2024-06,1,0.9639,1,High,Months since last purchase = 2 (raises risk); Transactions (last month) = 0 (raises risk); Spend (last 3m) = 32.11 (raises risk)
502089,2024-06,1,0.9635,1,High,Transactions (last month) = 1 (raises risk); Support tickets (last 3m) = 3 (raises risk); Transactions (last 3m) = 4 (raises risk)
502035,2024-06,1,0.9628,1,High,Months since last purchase = 2 (raises risk); Transactions (last month) = 0 (raises risk); Spend (last 3m) = 32.72 (raises risk)
501590,2024-06,1,0.9618,1,High,Transactions (last month) = 0 (raises risk); App sessions (last 3m) = 0 (raises risk); App-session trend = 0.25 (raises risk)
502506,2024-06,1,0.9607,1,High,Months since last purchase = 2 (raises risk); Transactions (last month) = 0 (raises risk); App sessions (last 3m) = 0 (raises risk)
500947,2024-06,1,0.9607,1,High,Transactions (last month) = 0 (raises risk); App sessions (last 3m) = 0 (raises risk); App-session trend = 0.14 (raises risk)
502198,2024-06,1,0.9596,1,High,Transactions (last month) = 0 (raises risk); Transactions (last 3m) = 2 (raises risk); Spend (last 3m) = 31.8 (raises risk)
502152,2024-06,1,0.9594,1,High,Transactions (last month) = 0 (raises risk); Months since last purchase = 2 (raises risk); Spend (last 3m) = 28.95 (raises risk)
502563,2024-06,1,0.9577,1,High,Months since last purchase = 2 (raises risk); Transactions (last month) = 0 (raises risk); App sessions (last 3m) = 0 (raises risk)
502535,2024-06,0,0.9577,1,High,Transactions (last month) = 0 (raises risk); Months since last purchase = 3 (raises risk); App sessions (last 3m) = 0 (raises risk)
502292,2024-06,1,0.9564,1,High,Transactions (last month) = 0 (raises risk); Spend (last 3m) = 54.89 (raises risk); App-session trend = 0.22 (raises risk)
500801,2024-06,1,0.9549,1,High,Months since last purchase = 2 (raises risk); Transactions (last month) = 0 (raises risk); App sessions (last 3m) = 0 (raises risk)
500394,2024-06,1,0.9547,1,High,Months since last purchase = 2 (raises risk); Transactions (last month) = 0 (raises risk); Spend (last 3m) = 37.56 (raises risk)
500738,2024-06,0,0.9521,1,High,Transactions (last month) = 0 (raises risk); Months since last purchase = 3 (raises risk); App sessions (last 3m) = 0 (raises risk)
500120,2024-06,1,0.9472,1,High,Transactions (last month) = 0 (raises risk); Months since last purchase = 2 (raises risk); App sessions (last 3m) = 0 (raises risk)
502555,2024-06,1,0.9471,1,High,Transactions (last month) = 0 (raises risk); Months since last purchase = 2 (raises risk); App sessions (last 3m) = 0 (raises risk)
502466,2024-06,1,0.9465,1,High,Transactions (last month) = 0 (raises risk); Months since last purchase = 2 (raises risk); App-session trend = 0.29 (raises risk)
500210,2024-06,1,0.9441,1,High,Transactions (last month) = 1 (raises risk); Months since last purchase = 0 (lowers risk); Transactions (last 3m) = 3 (raises risk)
501137,2024-06,1,0.9426,1,High,Months since last purchase = 2 (raises risk); Transactions (last month) = 0 (raises risk); Spend (last 3m) = 46.63 (raises risk)
500262,2024-06,0,0.9408,1,High,Transactions (last month) = 0 (raises risk); Months since last purchase = 3 (raises risk); App sessions (last 3m) = 0 (raises risk)
500806,2024-06,1,0.9405,1,High,Transactions (last month) = 0 (raises risk); App sessions (last 3m) = 0 (raises risk); Spend (last 3m) = 38.38 (raises risk)
501635,2024-06,1,0.9394,1,High,Transactions (last month) = 1 (raises risk); App sessions (last 3m) = 0 (raises risk); Support tickets (last 3m) = 2 (raises risk)
502238,2024-06,1,0.936,1,High,Transactions (last month) = 0 (raises risk); Transactions (last 3m) = 5 (raises risk); Months since last purchase = 1 (raises risk)
501790,2024-06,0,0.935,1,High,Transactions (last month) = 0 (raises risk); Months since last purchase = 3 (raises risk); Spend (last 3m) = 0 (raises risk)
502408,2024-06,1,0.934,1,High,Months since last purchase = 2 (raises risk); Transactions (last month) = 0 (raises risk); App sessions (last 3m) = 0 (raises risk)
502504,2024-06,1,0.9306,1,High,Transactions (last month) = 0 (raises risk); App sessions (last 3m) = 0 (raises risk); App-session trend = 0.17 (raises risk)
500140,2024-06,1,0.9289,1,High,Months since last purchase = 2 (raises risk); Transactions (last month) = 0 (raises risk); App sessions (last 3m) = 0 (raises risk)
500097,2024-06,1,0.9251,1,High,Transactions (last month) = 0 (raises risk); App-session trend = 0.18 (raises risk); Transactions (last 3m) = 2 (raises risk)
500168,2024-06,1,0.9143,1,High,Transactions (last month) = 0 (raises risk); Months since last purchase = 2 (raises risk); Transactions (last 3m) = 2 (raises risk)
502567,2024-06,1,0.911,1,High,Transactions (last month) = 1 (raises risk); Support tickets (last 3m) = 2 (raises risk); Months since last purchase = 0 (lowers risk)
500851,2024-06,1,0.9054,1,High,Months since last purchase = 2 (raises risk); Transactions (last month) = 0 (raises risk); Transactions (last 3m) = 3 (raises risk)
501569,2024-06,1,0.9046,1,High,Transactions (last month) = 0 (raises risk); Emails opened (last 3m) = 4 (lowers risk); App sessions (last 3m) = 0 (raises risk)
500105,2024-06,1,0.8958,1,High,Transactions (last month) = 0 (raises risk); App sessions (last 3m) = 0 (raises risk); App-session trend = 0.17 (raises risk)
502493,2024-06,1,0.8931,1,High,Transactions (last month) = 1 (raises risk); Months since last purchase = 0 (lowers risk); Transactions (last 3m) = 3 (raises risk)
502261,2024-06,1,0.8921,1,High,Months since last purchase = 2 (raises risk); Transactions (last month) = 0 (raises risk); App sessions (last 3m) = 0 (raises risk)
500716,2024-06,1,0.8859,1,High,Transactions (last month) = 0 (raises risk); App sessions (last 3m) = 0 (raises risk); Spend (last 3m) = 47.16 (raises risk)
501746,2024-06,0,0.8858,1,High,Months since last purchase = 3 (raises risk); Transactions (last month) = 0 (raises risk); Coupons redeemed (last 3m) = 1 (lowers risk)
501378,2024-06,1,0.8841,1,High,Months since last purchase = 2 (raises risk); Transactions (last month) = 0 (raises risk); App sessions (last 3m) = 0 (raises risk)
501418,2024-06,1,0.8698,1,High,Transactions (last month) = 1 (raises risk); Support tickets (last 3m) = 3 (raises risk); Transactions (last 3m) = 5 (raises risk)
501990,2024-06,0,0.8682,1,High,Months since last purchase = 3 (raises risk); Transactions (last month) = 0 (raises risk); App sessions per purchase = 3 (lowers risk)
500961,2024-06,1,0.8659,1,High,Transactions (last month) = 0 (raises risk); App sessions (last 3m) = 0 (raises risk); App-session trend = 0.2 (raises risk)
500319,2024-06,1,0.8544,1,High,Transactions (last month) = 1 (raises risk); App-session trend = 0.24 (raises risk); Support tickets (last 3m) = 1 (raises risk)
501945,2024-06,1,0.8497,1,High,Support tickets (last 3m) = 2 (raises risk); App sessions (last 3m) = 0 (raises risk); App-session trend = 0.2 (raises risk)
502421,2024-06,1,0.8463,1,High,Transactions (last month) = 0 (raises risk); Emails opened (last 3m) = 4 (lowers risk); Support tickets (last 3m) = 3 (raises risk)
500118,2024-06,1,0.8453,1,High,Months since last purchase = 2 (raises risk); Transactions (last month) = 0 (raises risk); Transactions (last 3m) = 2 (raises risk)
501507,2024-06,1,0.8412,1,High,Transactions (last month) = 0 (raises risk); Emails opened (last 3m) = 0 (raises risk); Promo share of purchases = 0.21 (lowers risk)
500324,2024-06,0,0.8337,1,High,Months since last purchase = 3 (raises risk); Transactions (last month) = 0 (raises risk); Coupons redeemed (last 3m) = 1 (lowers risk)
500807,2024-06,1,0.8256,1,High,Transactions (last month) = 0 (raises risk); Support tickets (last 3m) = 2 (raises risk); Spend (last 3m) = 520.51 (lowers risk)
500457,2024-06,1,0.8064,1,High,Transactions (last month) = 0 (raises risk); Months since last purchase = 2 (raises risk); App sessions (last 3m) = 6 (lowers risk)
502363,2024-06,1,0.8007,1,High,Transactions (last month) = 0 (raises risk); Support tickets (last 3m) = 4 (raises risk); Coupons redeemed (last 3m) = 2 (lowers risk)
501304,2024-06,1,0.795,1,High,Transactions (last month) = 0 (raises risk); App sessions (last 3m) = 0 (raises risk); Spend (last 3m) = 56.36 (raises risk)
501627,2024-06,1,0.7907,1,High,Transactions (last month) = 0 (raises risk); App sessions (last 3m) = 0 (raises risk); Promo share of purchases = 0.17 (lowers risk)
501129,2024-06,0,0.7717,1,High,Months since last purchase = 6 (raises risk); Emails opened (last 3m) = 4 (lowers risk); Transactions (last month) = 0 (raises risk)
502295,2024-06,1,0.7614,1,High,Transactions (last month) = 0 (raises risk); Transactions (last 3m) = 3 (raises risk); Emails opened (last 3m) = 0 (raises risk)
500076,2024-06,1,0.7534,1,High,Months since last purchase = 2 (raises risk); Transactions (last month) = 0 (raises risk); App sessions (last 3m) = 0 (raises risk)
500831,2024-06,1,0.7395,1,High,Support tickets (last 3m) = 2 (raises risk); Months since last purchase = 0 (lowers risk); Transactions (last month) = 3 (raises risk)
502311,2024-06,1,0.7267,1,High,Months since last purchase = 2 (raises risk); Emails opened (last 3m) = 4 (lowers risk); Transactions (last month) = 0 (raises risk)
500473,2024-06,1,0.7175,1,High,Transactions (last month) = 0 (raises risk); Emails opened (last 3m) = 0 (raises risk); Transactions (last 3m) = 5 (raises risk)
500352,2024-06,1,0.7141,1,High,Transactions (last month) = 0 (raises risk); Transactions (last 3m) = 3 (raises risk); Promo share of purchases = 0.21 (lowers risk)
500984,2024-06,1,0.7141,1,High,Transactions (last month) = 0 (raises risk); Emails opened (last 3m) = 0 (raises risk); Transactions (last 3m) = 4 (raises risk)
502404,2024-06,1,0.7127,1,High,Transactions (last month) = 0 (raises risk); Spend (last 3m) = 25.65 (raises risk); Promo share of purchases = 0.11 (lowers risk)
502123,2024-06,1,0.7087,1,High,Transactions (last month) = 1 (raises risk); Transaction trend (last3/prior3) = 0.36 (raises risk); Months since last purchase = 0 (lowers risk)
502132,2024-06,1,0.7032,1,High,Transactions (last month) = 1 (raises risk); App sessions (last 3m) = 0 (raises risk); App-session trend = 0.25 (raises risk)
502101,2024-06,1,0.6986,1,High,Transactions (last month) = 0 (raises risk); Emails opened (last 3m) = 0 (raises risk); Support tickets (last 3m) = 1 (raises risk)
501472,2024-06,1,0.697,1,High,Transactions (last month) = 1 (raises risk); Spend (last 3m) = 38.18 (raises risk); Months since last purchase = 0 (lowers risk)
502045,2024-06,1,0.6805,1,High,Transactions (last month) = 0 (raises risk); Months since last purchase = 2 (raises risk); App sessions (last 3m) = 4 (lowers risk)
501903,2024-06,1,0.6708,1,High,Transactions (last month) = 0 (raises risk); Promo share of purchases = 0.64 (raises risk); App sessions (last 3m) = 4 (lowers risk)
500416,2024-06,0,0.6704,1,High,Months since last purchase = 4 (raises risk); Transactions (last month) = 0 (raises risk); Emails opened (last 3m) = 3 (lowers risk)
500939,2024-06,1,0.6607,1,High,Transactions (last month) = 1 (raises risk); Support tickets (last 3m) = 2 (raises risk); Promo share of purchases = 0.19 (lowers risk)
500188,2024-06,1,0.6491,1,High,Transactions (last month) = 0 (raises risk); App-session trend = 0.18 (raises risk); Emails opened (last 3m) = 0 (raises risk)
500627,2024-06,1,0.6211,1,High,Transactions (last month) = 0 (raises risk); Transactions (last 3m) = 2 (raises risk); Spend (last 3m) = 54.69 (raises risk)
500453,2024-06,1,0.61,1,High,Transactions (last month) = 1 (raises risk); Months since last purchase = 0 (lowers risk); Transactions (last 3m) = 3 (raises risk)
500455,2024-06,1,0.61,1,High,Transactions (last month) = 0 (raises risk); App sessions (last 3m) = 0 (raises risk); Transactions (last 3m) = 2 (raises risk)
502085,2024-06,1,0.5953,1,High,Transactions (last month) = 1 (raises risk); Months since last purchase = 0 (lowers risk); Support tickets (last 3m) = 1 (raises risk)
501834,2024-06,1,0.5909,1,High,Transactions (last month) = 1 (raises risk); App sessions per purchase = 2 (lowers risk); Months since last purchase = 0 (lowers risk)
502460,2024-06,1,0.5809,1,High,Transactions (last month) = 0 (raises risk); App-session trend = 0.18 (raises risk); Email-open trend = 0.25 (raises risk)
501484,2024-06,1,0.5763,1,High,Transactions (last month) = 0 (raises risk); Transaction trend (last3/prior3) = 0.26 (raises risk); Emails opened (last 3m) = 0 (raises risk)
502158,2024-06,1,0.5632,1,High,Support tickets (last 3m) = 4 (raises risk); Transactions (last month) = 2 (raises risk); Months since last purchase = 0 (lowers risk)
500955,2024-06,0,0.5621,1,High,Months since last purchase = 4 (raises risk); Transactions (last month) = 0 (raises risk); App sessions per purchase = 2 (lowers risk)
501447,2024-06,1,0.5618,1,High,Support tickets (last 3m) = 2 (raises risk); Transactions (last month) = 2 (raises risk); Months since last purchase = 0 (lowers risk)
500177,2024-06,1,0.5553,1,High,Transactions (last month) = 1 (raises risk); App sessions (last 3m) = 0 (raises risk); App-session trend = 0.1 (raises risk)
500776,2024-06,0,0.5457,1,High,Months since last purchase = 5 (raises risk); Transactions (last month) = 0 (raises risk); Coupons redeemed (last 3m) = 1 (lowers risk)
501626,2024-06,1,0.531,0,Medium,Transactions (last month) = 0 (raises risk); Months since last purchase = 2 (raises risk); Emails opened (last 3m) = 3 (lowers risk)
501186,2024-06,0,0.5249,0,Medium,Transactions (last month) = 0 (raises risk); Coupons redeemed (last 3m) = 2 (lowers risk); Months since last purchase = 3 (raises risk)
501752,2024-06,1,0.5246,0,Medium,Transactions (last month) = 0 (raises risk); Support tickets (last 3m) = 3 (raises risk); Coupons redeemed (last 3m) = 2 (lowers risk)
502435,2024-06,1,0.5222,0,Medium,Transactions (last month) = 0 (raises risk); Support tickets (last 3m) = 1 (raises risk); Transactions (last 3m) = 5 (raises risk)
501667,2024-06,1,0.5134,0,Medium,Transactions (last month) = 0 (raises risk); Emails opened (last 3m) = 4 (lowers risk); Transactions (last 3m) = 4 (raises risk)
502584,2024-06,1,0.4894,0,Medium,Transactions (last month) = 0 (raises risk); App-session trend = 0.27 (raises risk); Promo share of purchases = 0.11 (lowers risk)
500650,2024-06,1,0.4865,0,Medium,Transactions (last month) = 1 (raises risk); Support tickets (last 3m) = 3 (raises risk); Coupons redeemed (last 3m) = 3 (lowers risk)
501695,2024-06,1,0.4802,0,Medium,Transactions (last month) = 0 (raises risk); Promo share of purchases = 0.17 (lowers risk); Months since last purchase = 1 (raises risk)
501189,2024-06,1,0.4729,0,Medium,Transactions (last month) = 0 (raises risk); App sessions (last 3m) = 5 (lowers risk); Spend trend = 0.37 (raises risk)
500777,2024-06,1,0.464,0,Medium,Transactions (last month) = 1 (raises risk); Support tickets (last 3m) = 3 (raises risk); Months since last purchase = 0 (lowers risk)
501253,2024-06,1,0.4355,0,Medium,Transactions (last month) = 1 (raises risk); App sessions (last 3m) = 0 (raises risk); Emails opened (last 3m) = 3 (lowers risk)
502547,2024-06,1,0.4344,0,Medium,Transactions (last month) = 0 (raises risk); Support tickets (last 3m) = 1 (raises risk); Promo share of purchases = 0.2 (lowers risk)
501388,2024-06,1,0.4335,0,Medium,Months since last purchase = 2 (raises risk); Emails opened (last 3m) = 7 (lowers risk); Transactions (last month) = 0 (raises risk)
500426,2024-06,1,0.4332,0,Medium,Transactions (last month) = 0 (raises risk); Support tickets (last 3m) = 2 (raises risk); Emails opened (last 3m) = 3 (lowers risk)
501770,2024-06,1,0.4264,0,Medium,Transactions (last month) = 0 (raises risk); Promo share of purchases = 0.13 (lowers risk); Support tickets (last 3m) = 1 (raises risk)
500896,2024-06,1,0.4258,0,Medium,Transactions (last month) = 1 (raises risk); Emails opened (last 3m) = 3 (lowers risk); Months since last purchase = 0 (lowers risk)
502140,2024-06,1,0.4091,0,Medium,Support tickets (last 3m) = 2 (raises risk); Transactions (last month) = 2 (raises risk); Months since last purchase = 0 (lowers risk)
502206,2024-06,1,0.4081,0,Medium,Transactions (last month) = 0 (raises risk); Coupons redeemed (last 3m) = 4 (lowers risk); Emails opened (last 3m) = 5 (lowers risk)
501718,2024-06,1,0.4023,0,Medium,Transactions (last month) = 0 (raises risk); Coupons redeemed (last 3m) = 2 (lowers risk); App-session trend = 0.33 (raises risk)
500782,2024-06,1,0.3978,0,Medium,Transactions (last month) = 0 (raises risk); Support tickets (last 3m) = 2 (raises risk); Emails opened (last 3m) = 4 (lowers risk)
500330,2024-06,1,0.3848,0,Medium,Transactions (last month) = 0 (raises risk); App sessions (last 3m) = 7 (lowers risk); Promo share of purchases = 0.17 (lowers risk)
501727,2024-06,1,0.3814,0,Medium,Transactions (last month) = 1 (raises risk); Support tickets (last 3m) = 2 (raises risk); Months since last purchase = 0 (lowers risk)
500156,2024-06,1,0.3728,0,Medium,Transactions (last month) = 1 (raises risk); App-session trend = 0.25 (raises risk); Emails opened (last 3m) = 3 (lowers risk)
500648,2024-06,1,0.3727,0,Medium,Months since last purchase = 2 (raises risk); Transactions (last month) = 0 (raises risk); Emails opened (last 3m) = 3 (lowers risk)
500927,2024-06,1,0.3714,0,Medium,Transactions (last month) = 1 (raises risk); App-session trend = 0.33 (raises risk); Promo share of purchases = 0.15 (lowers risk)
500946,2024-06,1,0.3633,0,Medium,App sessions (last 3m) = 0 (raises risk); Months since last purchase = 0 (lowers risk); Spend (last 3m) = 51.63 (raises risk)
500271,2024-06,1,0.3529,0,Medium,Transactions (last month) = 0 (raises risk); App sessions (last 3m) = 0 (raises risk); Coupons redeemed (last 3m) = 4 (lowers risk)
501715,2024-06,0,0.3437,0,Medium,Months since last purchase = 3 (raises risk); Transactions (last month) = 0 (raises risk); Coupons redeemed (last 3m) = 3 (lowers risk)
501409,2024-06,1,0.343,0,Medium,Transactions (last month) = 0 (raises risk); Coupons redeemed (last 3m) = 2 (lowers risk); Transactions (last 3m) = 5 (raises risk)
501082,2024-06,1,0.3409,0,Medium,Transactions (last month) = 0 (raises risk); App sessions (last 3m) = 7 (lowers risk); Transactions (last 3m) = 5 (raises risk)
500440,2024-06,1,0.3406,0,Medium,Transactions (last month) = 1 (raises risk); Promo share of purchases = 0.15 (lowers risk); Months since last purchase = 0 (lowers risk)
500252,2024-06,1,0.3333,0,Medium,Transactions (last month) = 1 (raises risk); Support tickets (last 3m) = 3 (raises risk); Coupons redeemed (last 3m) = 2 (lowers risk)
500604,2024-06,1,0.3247,0,Medium,Months since last purchase = 2 (raises risk); Transactions (last month) = 0 (raises risk); Coupons redeemed (last 3m) = 1 (lowers risk)
501329,2024-06,1,0.3244,0,Medium,Transactions (last month) = 1 (raises risk); Months since last purchase = 0 (lowers risk); Transactions (last 3m) = 5 (raises risk)
502030,2024-06,1,0.3078,0,Medium,Transactions (last month) = 1 (raises risk); Emails opened (last 3m) = 4 (lowers risk); Months since last purchase = 0 (lowers risk)
500544,2024-06,1,0.3055,0,Medium,Months since last purchase = 2 (raises risk); Transactions (last month) = 0 (raises risk); Coupons redeemed (last 3m) = 3 (lowers risk)
502226,2024-06,1,0.3036,0,Medium,Months since last purchase = 2 (raises risk); Transactions (last month) = 0 (raises risk); Coupons redeemed (last 3m) = 2 (lowers risk)
501138,2024-06,1,0.2958,0,Medium,Transactions (last month) = 0 (raises risk); Emails opened (last 3m) = 5 (lowers risk); Spend (last 3m) = 34.82 (raises risk)
502022,2024-06,1,0.2935,0,Medium,Emails opened (last 3m) = 5 (lowers risk); App sessions (last 3m) = 0 (raises risk); Months since last purchase = 0 (lowers risk)
501876,2024-06,1,0.2928,0,Medium,Support tickets (last 3m) = 2 (raises risk); App sessions (last 3m) = 9 (lowers risk); Transactions (last month) = 3 (raises risk)
502139,2024-06,1,0.2901,0,Medium,Transactions (last month) = 1 (raises risk); Support tickets (last 3m) = 2 (raises risk); Emails opened (last 3m) = 4 (lowers risk)
501764,2024-06,1,0.288,0,Medium,Transactions (last month) = 1 (raises risk); Months since last purchase = 0 (lowers risk); Support tickets (last 3m) = 1 (raises risk)
500468,2024-06,1,0.2809,0,Medium,Transactions (last month) = 0 (raises risk); Coupons redeemed (last 3m) = 3 (lowers risk); App-session trend = 0.3 (raises risk)
500737,2024-06,1,0.2793,0,Medium,Transactions (last month) = 1 (raises risk); Transactions (last 3m) = 5 (raises risk); Months since last purchase = 0 (lowers risk)
502576,2024-06,1,0.2714,0,Medium,Transactions (last month) = 0 (raises risk); Promo share of purchases = 0.13 (lowers risk); Spend (last 3m) = 30.69 (raises risk)
501353,2024-06,1,0.2667,0,Medium,Transactions (last month) = 1 (raises risk); Months since last purchase = 0 (lowers risk); Emails opened (last 3m) = 0 (raises risk)
501777,2024-06,1,0.2596,0,Medium,Transactions (last month) = 0 (raises risk); Emails opened (last 3m) = 7 (lowers risk); Spend (last 3m) = 40.2 (raises risk)
501897,2024-06,1,0.2593,0,Medium,Transactions (last month) = 1 (raises risk); Support tickets (last 3m) = 3 (raises risk); Emails opened (last 3m) = 7 (lowers risk)
501729,2024-06,1,0.2545,0,Medium,Transactions (last month) = 0 (raises risk); Emails opened (last 3m) = 3 (lowers risk); App sessions (last 3m) = 6 (lowers risk)
500030,2024-06,1,0.2533,0,Medium,Transactions (last month) = 1 (raises risk); App-session trend = 0.22 (raises risk); Coupons redeemed (last 3m) = 3 (lowers risk)
502573,2024-06,1,0.2481,0,Medium,Transactions (last month) = 1 (raises risk); App sessions (last 3m) = 0 (raises risk); Emails opened (last 3m) = 4 (lowers risk)
502049,2024-06,1,0.2383,0,Medium,Transactions (last month) = 0 (raises risk); App sessions (last 3m) = 4 (lowers risk); Spend (last 3m) = 106.04 (raises risk)
501072,2024-06,1,0.236,0,Medium,Transactions (last month) = 0 (raises risk); Coupons redeemed (last 3m) = 2 (lowers risk); Spend (last 3m) = 68.61 (raises risk)
501248,2024-06,1,0.2327,0,Medium,Transactions (last month) = 0 (raises risk); Emails opened (last 3m) = 6 (lowers risk); Coupons redeemed (last 3m) = 2 (lowers risk)
500805,2024-06,1,0.2307,0,Medium,Transactions (last month) = 1 (raises risk); Months since last purchase = 0 (lowers risk); Emails opened (last 3m) = 0 (raises risk)
501799,2024-06,1,0.2307,0,Medium,Transactions (last month) = 0 (raises risk); App sessions (last 3m) = 6 (lowers risk); Spend trend = 0.46 (raises risk)
502518,2024-06,1,0.2258,0,Medium,Transactions (last month) = 1 (raises risk); Emails opened (last 3m) = 4 (lowers risk); Months since last purchase = 0 (lowers risk)
501156,2024-06,1,0.2248,0,Medium,Months since last purchase = 0 (lowers risk); Promo share of purchases = 0.1 (lowers risk); Transactions (last 3m) = 3 (raises risk)
500169,2024-06,1,0.2243,0,Medium,Transactions (last month) = 0 (raises risk); Coupons redeemed (last 3m) = 1 (lowers risk); App sessions (last 3m) = 3 (lowers risk)
502047,2024-06,1,0.2208,0,Medium,Transactions (last month) = 0 (raises risk); Coupons redeemed (last 3m) = 2 (lowers risk); Spend (last 3m) = 25.77 (raises risk)
500346,2024-06,1,0.2167,0,Medium,Transactions (last month) = 1 (raises risk); App sessions (last 3m) = 0 (raises risk); App sessions per purchase = 0 (raises risk)
500012,2024-06,1,0.2143,0,Medium,Transactions (last month) = 0 (raises risk); Emails opened (last 3m) = 5 (lowers risk); Promo share of purchases = 0.22 (lowers risk)
501176,2024-06,1,0.2116,0,Medium,Transactions (last month) = 1 (raises risk); App sessions (last 3m) = 0 (raises risk); Months since last purchase = 0 (lowers risk)
500504,2024-06,1,0.2057,0,Medium,Transactions (last month) = 0 (raises risk); App sessions (last 3m) = 4 (lowers risk); Transactions (last 3m) = 3 (raises risk)
500521,2024-06,1,0.202,0,Medium,Transactions (last month) = 1 (raises risk); App sessions (last 3m) = 8 (lowers risk); Emails opened (last 3m) = 3 (lowers risk)
502578,2024-06,1,0.1926,0,Medium,Transactions (last month) = 1 (raises risk); Coupons redeemed (last 3m) = 2 (lowers risk); Promo share of purchases = 0.63 (raises risk)
500280,2024-06,1,0.1902,0,Medium,Transactions (last month) = 1 (raises risk); Coupons redeemed (last 3m) = 3 (lowers risk); Months since last purchase = 0 (lowers risk)
500530,2024-06,1,0.1885,0,Medium,Transactions (last month) = 1 (raises risk); Months since last purchase = 0 (lowers risk); Emails opened (last 3m) = 0 (raises risk)
502507,2024-06,1,0.1878,0,Medium,Transactions (last month) = 1 (raises risk); App sessions (last 3m) = 0 (raises risk); Promo share of purchases = 0.08 (lowers risk)
501063,2024-06,1,0.1871,0,Medium,Transactions (last month) = 0 (raises risk); Coupons redeemed (last 3m) = 2 (lowers risk); App-session trend = 0.25 (raises risk)
501439,2024-06,1,0.1865,0,Medium,Transactions (last month) = 1 (raises risk); Support tickets (last 3m) = 2 (raises risk); Emails opened (last 3m) = 3 (lowers risk)
502116,2024-06,1,0.1826,0,Medium,Transactions (last month) = 0 (raises risk); App sessions (last 3m) = 4 (lowers risk); Transactions (last 3m) = 4 (raises risk)
501320,2024-06,1,0.1782,0,Medium,Transactions (last month) = 1 (raises risk); App-session trend = 0.3 (raises risk); Emails opened (last 3m) = 4 (lowers risk)
500758,2024-06,1,0.178,0,Medium,Transactions (last month) = 0 (raises risk); Coupons redeemed (last 3m) = 1 (lowers risk); App sessions (last 3m) = 1 (raises risk)
500942,2024-06,1,0.1754,0,Medium,Transactions (last month) = 1 (raises risk); Emails opened (last 3m) = 5 (lowers risk); App sessions (last 3m) = 6 (lowers risk)
502211,2024-06,1,0.1751,0,Medium,Months since last purchase = 2 (raises risk); Transactions (last month) = 0 (raises risk); Emails opened (last 3m) = 7 (lowers risk)
500982,2024-06,1,0.1704,0,Medium,Support tickets (last 3m) = 2 (raises risk); Transactions (last month) = 3 (raises risk); Months since last purchase = 0 (lowers risk)
500283,2024-06,1,0.1703,0,Medium,Support tickets (last 3m) = 2 (raises risk); Transactions (last month) = 3 (raises risk); Months since last purchase = 0 (lowers risk)
501133,2024-06,1,0.1695,0,Medium,Transactions (last month) = 0 (raises risk); Transactions (last 3m) = 16 (lowers risk); Support tickets (last 3m) = 1 (raises risk)
500490,2024-06,1,0.1675,0,Medium,Transactions (last month) = 0 (raises risk); App sessions (last 3m) = 12 (lowers risk); Emails opened (last 3m) = 3 (lowers risk)
501240,2024-06,1,0.1662,0,Medium,Transactions (last month) = 0 (raises risk); Coupons redeemed (last 3m) = 2 (lowers risk); App sessions (last 3m) = 1 (raises risk)
501395,2024-06,1,0.1631,0,Medium,Transactions (last month) = 0 (raises risk); Emails opened (last 3m) = 4 (lowers risk); Coupons redeemed (last 3m) = 2 (lowers risk)
502098,2024-06,1,0.1615,0,Medium,Transactions (last month) = 0 (raises risk); Coupons redeemed (last 3m) = 2 (lowers risk); Promo share of purchases = 0.13 (lowers risk)
501532,2024-06,1,0.1611,0,Medium,Transactions (last month) = 0 (raises risk); Emails opened (last 3m) = 3 (lowers risk); Promo share of purchases = 0.14 (lowers risk)
501250,2024-06,1,0.1596,0,Medium,Transactions (last month) = 0 (raises risk); App-session trend = 0.2 (raises risk); Promo share of purchases = 0.2 (lowers risk)
500397,2024-06,1,0.1594,0,Medium,Transactions (last month) = 1 (raises risk); App sessions (last 3m) = 0 (raises risk); Emails opened (last 3m) = 6 (lowers risk)
501805,2024-06,1,0.1592,0,Medium,Transactions (last month) = 0 (raises risk); App sessions (last 3m) = 11 (lowers risk); Transactions (last 3m) = 2 (raises risk)
501935,2024-06,1,0.1577,0,Medium,Transactions (last month) = 0 (raises risk); Emails opened (last 3m) = 8 (lowers risk); Spend (last 3m) = 47.54 (raises risk)
500672,2024-06,1,0.1541,0,Medium,Transactions (last month) = 0 (raises risk); Coupons redeemed (last 3m) = 3 (lowers risk); Transactions (last 3m) = 3 (raises risk)
500058,2024-06,1,0.1536,0,Medium,App-session trend = 0.18 (raises risk); Spend (last 3m) = 772.78 (lowers risk); App sessions per purchase = 0.05 (raises risk)
502278,2024-06,1,0.1534,0,Medium,Months since last purchase = 2 (raises risk); Transactions (last month) = 0 (raises risk); Coupons redeemed (last 3m) = 3 (lowers risk)
502455,2024-06,1,0.1438,0,Medium,Transactions (last month) = 0 (raises risk); Coupons redeemed (last 3m) = 3 (lowers risk); Coupons redeemed (last 6m) = 6 (lowers risk)
501874,2024-06,1,0.1431,0,Medium,Transactions (last month) = 1 (raises risk); App sessions (last 3m) = 0 (raises risk); Coupons redeemed (last 3m) = 2 (lowers risk)
500949,2024-06,1,0.1413,0,Medium,Transactions (last month) = 0 (raises risk); App sessions (last 3m) = 5 (lowers risk); Transactions (last 3m) = 5 (raises risk)
501464,2024-06,1,0.1413,0,Medium,Transactions (last month) = 1 (raises risk); Emails opened (last 3m) = 6 (lowers risk); Support tickets (last 3m) = 2 (raises risk)
500195,2024-06,1,0.1368,0,Medium,App sessions (last 3m) = 0 (raises risk); Months since last purchase = 0 (lowers risk); App sessions per purchase = 0 (raises risk)
501048,2024-06,1,0.1364,0,Medium,Transactions (last month) = 1 (raises risk); Coupons redeemed (last 3m) = 2 (lowers risk); Months since last purchase = 0 (lowers risk)
502251,2024-06,1,0.1362,0,Medium,Months since last purchase = 0 (lowers risk); Transactions (last 3m) = 3 (raises risk); Emails opened (last 3m) = 0 (raises risk)
501393,2024-06,1,0.136,0,Medium,Transactions (last month) = 1 (raises risk); Months since last purchase = 0 (lowers risk); Promo share of purchases = 0.14 (lowers risk)
502582,2024-06,1,0.1301,0,Medium,Transactions (last month) = 1 (raises risk); Emails opened (last 3m) = 5 (lowers risk); Transactions (last 3m) = 3 (raises risk)
500571,2024-06,1,0.126,0,Medium,App-session trend = 0.12 (raises risk); App sessions (last 3m) = 0 (raises risk); Emails opened (last 3m) = 6 (lowers risk)
500149,2024-06,1,0.1259,0,Medium,Transactions (last month) = 0 (raises risk); App sessions (last 3m) = 6 (lowers risk); Promo share of purchases = 0.09 (lowers risk)
500693,2024-06,1,0.1223,0,Medium,Transactions (last month) = 0 (raises risk); Promo share of purchases = 0.04 (lowers risk); App sessions (last 3m) = 3 (lowers risk)
500223,2024-06,1,0.1182,0,Medium,Transactions (last month) = 1 (raises risk); Coupons redeemed (last 3m) = 4 (lowers risk); Months since last purchase = 0 (lowers risk)
500854,2024-06,1,0.1181,0,Medium,Emails opened (last 3m) = 4 (lowers risk); App sessions (last 3m) = 0 (raises risk); Months since last purchase = 0 (lowers risk)
501766,2024-06,1,0.1173,0,Medium,Transactions (last month) = 0 (raises risk); Coupons redeemed (last 3m) = 2 (lowers risk); Emails opened (last 3m) = 3 (lowers risk)
500402,2024-06,1,0.1164,0,Medium,Transactions (last month) = 0 (raises risk); App sessions (last 3m) = 5 (lowers risk); Transactions (last 3m) = 4 (raises risk)
502141,2024-06,1,0.1126,0,Medium,Transactions (last month) = 0 (raises risk); App sessions (last 3m) = 7 (lowers risk); Coupons redeemed (last 3m) = 2 (lowers risk)
500175,2024-06,1,0.1118,0,Medium,Coupons redeemed (last 3m) = 4 (lowers risk); App sessions (last 3m) = 0 (raises risk); Months since last purchase = 0 (lowers risk)
500899,2024-06,1,0.1111,0,Medium,Months since last purchase = 2 (raises risk); Emails opened (last 3m) = 9 (lowers risk); Transactions (last month) = 0 (raises risk)
501500,2024-06,1,0.1097,0,Medium,Transactions (last month) = 1 (raises risk); Months since last purchase = 0 (lowers risk); Transactions (last 3m) = 5 (raises risk)
501731,2024-06,1,0.1077,0,Medium,Transactions (last month) = 0 (raises risk); App-session trend = 0.27 (raises risk); Transactions (last 3m) = 8 (lowers risk)
502262,2024-06,1,0.1059,0,Medium,Transactions (last month) = 0 (raises risk); Months since last purchase = 2 (raises risk); Coupons redeemed (last 3m) = 2 (lowers risk)
501606,2024-06,1,0.1051,0,Medium,Transactions (last month) = 0 (raises risk); Emails opened (last 3m) = 5 (lowers risk); Coupons redeemed (last 3m) = 2 (lowers risk)
501308,2024-06,1,0.1042,0,Medium,Transactions (last month) = 0 (raises risk); Emails opened (last 3m) = 5 (lowers risk); App sessions (last 3m) = 6 (lowers risk)
500661,2024-06,1,0.1008,0,Medium,Transactions (last month) = 1 (raises risk); Months since last purchase = 0 (lowers risk); Transactions (last 3m) = 4 (raises risk)
502225,2024-06,1,0.1007,0,Medium,Transactions (last month) = 0 (raises risk); Emails opened (last 3m) = 4 (lowers risk); Coupons redeemed (last 3m) = 2 (lowers risk)
501489,2024-06,1,0.1005,0,Medium,Transactions (last month) = 0 (raises risk); Coupons redeemed (last 3m) = 3 (lowers risk); Emails opened (last 3m) = 3 (lowers risk)
501735,2024-06,1,0.0995,0,Low,Months since last purchase = 0 (lowers risk); Emails opened (last 3m) = 5 (lowers risk); Transactions (last 3m) = 3 (raises risk)
500707,2024-06,1,0.0967,0,Low,Transactions (last month) = 1 (raises risk); Months since last purchase = 0 (lowers risk); Emails opened (last 3m) = 3 (lowers risk)
500061,2024-06,1,0.0967,0,Low,Months since last purchase = 0 (lowers risk); Spend (last 3m) = 55.2 (raises risk); Transactions (last 3m) = 2 (raises risk)
501997,2024-06,1,0.0963,0,Low,Transactions (last month) = 1 (raises risk); Coupons redeemed (last 3m) = 4 (lowers risk); Months since last purchase = 0 (lowers risk)
502382,2024-06,1,0.0957,0,Low,Transactions (last month) = 1 (raises risk); Emails opened (last 3m) = 5 (lowers risk); Coupons redeemed (last 3m) = 2 (lowers risk)
501526,2024-06,1,0.0949,0,Low,Transactions (last month) = 1 (raises risk); Months since last purchase = 0 (lowers risk); Support tickets (last 3m) = 0 (lowers risk)
502005,2024-06,1,0.0938,0,Low,Transactions (last month) = 1 (raises risk); Emails opened (last 3m) = 3 (lowers risk); Months since last purchase = 0 (lowers risk)
500279,2024-06,1,0.0933,0,Low,Transactions (last month) = 0 (raises risk); Emails opened (last 3m) = 4 (lowers risk); Coupons redeemed (last 3m) = 2 (lowers risk)
500482,2024-06,1,0.0933,0,Low,Transactions (last month) = 1 (raises risk); Support tickets (last 3m) = 3 (raises risk); App sessions (last 3m) = 8 (lowers risk)
501453,2024-06,1,0.0929,0,Low,Emails opened (last 3m) = 10 (lowers risk); Transactions (last month) = 0 (raises risk); Spend (last 3m) = 107.45 (raises risk)
500642,2024-06,1,0.0927,0,Low,Months since last purchase = 0 (lowers risk); Transactions (last 3m) = 14 (lowers risk); App-session trend = 0.31 (raises risk)
501194,2024-06,1,0.0926,0,Low,Transactions (last month) = 0 (raises risk); App sessions (last 3m) = 11 (lowers risk); Coupons redeemed (last 3m) = 3 (lowers risk)
500243,2024-06,1,0.0916,0,Low,Transactions (last month) = 0 (raises risk); Emails opened (last 3m) = 4 (lowers risk); App-session trend = 0.19 (raises risk)
501331,2024-06,1,0.0903,0,Low,Transactions (last month) = 0 (raises risk); App sessions (last 3m) = 8 (lowers risk); Coupons redeemed (last 3m) = 0 (raises risk)
501139,2024-06,1,0.0901,0,Low,Transactions (last month) = 1 (raises risk); Months since last purchase = 0 (lowers risk); App sessions (last 3m) = 5 (lowers risk)
500792,2024-06,1,0.0901,0,Low,Support tickets (last 3m) = 2 (raises risk); Transactions (last month) = 2 (raises risk); App sessions (last 3m) = 10 (lowers risk)
502164,2024-06,1,0.0892,0,Low,Transactions (last month) = 0 (raises risk); App sessions (last 3m) = 11 (lowers risk); Transactions (last 3m) = 21 (lowers risk)
502237,2024-06,1,0.0891,0,Low,Support tickets (last 3m) = 2 (raises risk); Transactions (last month) = 3 (raises risk); Emails opened (last 3m) = 4 (lowers risk)
501241,2024-06,1,0.0882,0,Low,Transactions (last month) = 1 (raises risk); Coupons redeemed (last 3m) = 3 (lowers risk); Emails opened (last 3m) = 3 (lowers risk)
501282,2024-06,1,0.0872,0,Low,App sessions (last 3m) = 0 (raises risk); Emails opened (last 3m) = 5 (lowers risk); Months since last purchase = 0 (lowers risk)
501368,2024-06,1,0.0867,0,Low,Transactions (last month) = 1 (raises risk); Emails opened (last 3m) = 8 (lowers risk); Transactions (last 3m) = 2 (raises risk)
500464,2024-06,1,0.0857,0,Low,Months since last purchase = 0 (lowers risk); Transactions (last 3m) = 4 (raises risk); Coupons redeemed (last 3m) = 0 (raises risk)
501772,2024-06,1,0.085,0,Low,Transactions (last month) = 1 (raises risk); Emails opened (last 3m) = 6 (lowers risk); Months since last purchase = 0 (lowers risk)
500572,2024-06,1,0.0849,0,Low,Transactions (last month) = 0 (raises risk); Emails opened (last 3m) = 8 (lowers risk); App sessions (last 3m) = 8 (lowers risk)
502149,2024-06,1,0.0843,0,Low,App sessions (last 3m) = 0 (raises risk); App sessions per purchase = 0 (raises risk); Months since last purchase = 0 (lowers risk)
500220,2024-06,1,0.0834,0,Low,Transactions (last month) = 1 (raises risk); Months since last purchase = 0 (lowers risk); Emails opened (last 3m) = 0 (raises risk)
500277,2024-06,1,0.0832,0,Low,Transactions (last month) = 0 (raises risk); Coupons redeemed (last 3m) = 2 (lowers risk); Coupons redeemed (last 6m) = 5 (lowers risk)
500337,2024-06,1,0.0825,0,Low,Transactions (last month) = 0 (raises risk); Coupons redeemed (last 3m) = 3 (lowers risk); App sessions (last 3m) = 4 (lowers risk)
502599,2024-06,1,0.0817,0,Low,Emails opened (last 3m) = 5 (lowers risk); Months since last purchase = 0 (lowers risk); Transaction trend (last3/prior3) = 0.26 (raises risk)
501347,2024-06,1,0.0814,0,Low,Transactions (last month) = 0 (raises risk); App sessions (last 3m) = 11 (lowers risk); Coupons redeemed (last 3m) = 2 (lowers risk)
500652,2024-06,1,0.0814,0,Low,Transactions (last month) = 0 (raises risk); Emails opened (last 3m) = 4 (lowers risk); Coupons redeemed (last 3m) = 2 (lowers risk)
502464,2024-06,1,0.0812,0,Low,Transactions (last month) = 1 (raises risk); Emails opened (last 3m) = 5 (lowers risk); Months since last purchase = 0 (lowers risk)
501975,2024-06,1,0.0811,0,Low,Transactions (last month) = 1 (raises risk); Emails opened (last 3m) = 7 (lowers risk); Months since last purchase = 0 (lowers risk)
500004,2024-06,1,0.0808,0,Low,Support tickets (last 3m) = 2 (raises risk); Emails opened (last 3m) = 7 (lowers risk); App sessions (last 3m) = 10 (lowers risk)
502201,2024-06,1,0.0802,0,Low,Transactions (last month) = 1 (raises risk); Emails opened (last 3m) = 6 (lowers risk); Months since last purchase = 0 (lowers risk)
501716,2024-06,1,0.0793,0,Low,Months since last purchase = 0 (lowers risk); Transactions (last 3m) = 5 (raises risk); Promo share of purchases = 0.13 (lowers risk)
501761,2024-06,1,0.0775,0,Low,Months since last purchase = 0 (lowers risk); Coupons redeemed (last 3m) = 3 (lowers risk); Transactions (last month) = 2 (raises risk)
500378,2024-06,1,0.0774,0,Low,Coupons redeemed (last 3m) = 4 (lowers risk); Months since last purchase = 0 (lowers risk); Emails opened (last 3m) = 0 (raises risk)
502272,2024-06,1,0.077,0,Low,Transactions (last month) = 1 (raises risk); Months since last purchase = 0 (lowers risk); Email-open trend = 0.25 (raises risk)
502106,2024-06,1,0.0769,0,Low,Support tickets (last 3m) = 3 (raises risk); Transactions (last month) = 3 (raises risk); App sessions (last 3m) = 14 (lowers risk)
501080,2024-06,1,0.0766,0,Low,Transactions (last month) = 1 (raises risk); Emails opened (last 3m) = 8 (lowers risk); Months since last purchase = 0 (lowers risk)
500214,2024-06,1,0.0758,0,Low,Transactions (last month) = 0 (raises risk); Emails opened (last 3m) = 6 (lowers risk); Promo share of purchases = 0.1 (lowers risk)
500736,2024-06,1,0.0754,0,Low,Transactions (last month) = 1 (raises risk); Coupons redeemed (last 3m) = 4 (lowers risk); Months since last purchase = 0 (lowers risk)
501768,2024-06,1,0.0746,0,Low,Transactions (last month) = 1 (raises risk); Months since last purchase = 0 (lowers risk); Promo share of purchases = 0.12 (lowers risk)
501957,2024-06,1,0.0743,0,Low,Transactions (last month) = 1 (raises risk); Emails opened (last 3m) = 10 (lowers risk); Transactions (last 3m) = 4 (raises risk)
501402,2024-06,1,0.0717,0,Low,Months since last purchase = 0 (lowers risk); Coupons redeemed (last 3m) = 2 (lowers risk); Transactions (last month) = 3 (raises risk)
501890,2024-06,1,0.0705,0,Low,Transactions (last month) = 0 (raises risk); App sessions (last 3m) = 6 (lowers risk); App sessions per purchase = 2 (lowers risk)
500306,2024-06,1,0.0692,0,Low,Months since last purchase = 0 (lowers risk); Promo share of purchases = 0.16 (lowers risk); Transactions (last month) = 2 (raises risk)
500523,2024-06,1,0.0691,0,Low,Transactions (last month) = 0 (raises risk); App sessions (last 3m) = 4 (lowers risk); Transactions (last 3m) = 10 (lowers risk)
500952,2024-06,1,0.0689,0,Low,Transactions (last month) = 1 (raises risk); App sessions (last 3m) = 7 (lowers risk); Coupons redeemed (last 3m) = 3 (lowers risk)
502505,2024-06,1,0.0676,0,Low,App-session trend = 0.12 (raises risk); Months since last purchase = 0 (lowers risk); App sessions per purchase = 0.06 (raises risk)
500114,2024-06,1,0.0675,0,Low,Transactions (last month) = 1 (raises risk); Months since last purchase = 0 (lowers risk); Coupons redeemed (last 3m) = 4 (lowers risk)
501856,2024-06,1,0.0663,0,Low,Emails opened (last 3m) = 8 (lowers risk); App-session trend = 0.25 (raises risk); Months since last purchase = 0 (lowers risk)
500943,2024-06,1,0.0662,0,Low,Transactions (last month) = 0 (raises risk); App sessions (last 3m) = 4 (lowers risk); Promo share of purchases = 0.13 (lowers risk)
502214,2024-06,1,0.0661,0,Low,Transactions (last month) = 0 (raises risk); Emails opened (last 3m) = 4 (lowers risk); Coupons redeemed (last 3m) = 3 (lowers risk)
502324,2024-06,1,0.0652,0,Low,App sessions (last 3m) = 0 (raises risk); App sessions per purchase = 0 (raises risk); Emails opened (last 3m) = 5 (lowers risk)
500926,2024-06,1,0.0648,0,Low,Transactions (last month) = 0 (raises risk); Emails opened (last 3m) = 5 (lowers risk); Support tickets (last 3m) = 2 (raises risk)
501763,2024-06,1,0.064,0,Low,Transactions (last month) = 1 (raises risk); Months since last purchase = 0 (lowers risk); Support tickets (last 6m) = 2 (raises risk)
502346,2024-06,1,0.0622,0,Low,Transactions (last month) = 1 (raises risk); App sessions (last 3m) = 8 (lowers risk); Months since last purchase = 0 (lowers risk)
500600,2024-06,1,0.0622,0,Low,Transactions (last month) = 1 (raises risk); App sessions (last 3m) = 8 (lowers risk); Support tickets (last 3m) = 2 (raises risk)
501246,2024-06,1,0.062,0,Low,Months since last purchase = 0 (lowers risk); Transactions (last 3m) = 4 (raises risk); Support tickets (last 6m) = 3 (raises risk)
501310,2024-06,1,0.0619,0,Low,Months since last purchase = 0 (lowers risk); Coupons redeemed (last 3m) = 5 (lowers risk); Transactions (last month) = 2 (raises risk)
502044,2024-06,1,0.0613,0,Low,Transactions (last month) = 1 (raises risk); Months since last purchase = 0 (lowers risk); Promo share of purchases = 0.12 (lowers risk)
501373,2024-06,1,0.0609,0,Low,Months since last purchase = 0 (lowers risk); Transactions (last 3m) = 5 (raises risk); App sessions (last 3m) = 6 (lowers risk)
502036,2024-06,1,0.0602,0,Low,Months since last purchase = 0 (lowers risk); Transactions (last 3m) = 4 (raises risk); Spend (last 3m) = 106.64 (raises risk)
500751,2024-06,1,0.0598,0,Low,Transactions (last month) = 0 (raises risk); Emails opened (last 3m) = 3 (lowers risk); Spend (last 3m) = 25.07 (raises risk)
500080,2024-06,1,0.0595,0,Low,Transactions (last month) = 0 (raises risk); Emails opened (last 3m) = 4 (lowers risk); Coupons redeemed (last 3m) = 2 (lowers risk)
501148,2024-06,1,0.0593,0,Low,Transactions (last month) = 1 (raises risk); Transactions (last 3m) = 16 (lowers risk); Months since last purchase = 0 (lowers risk)
502467,2024-06,1,0.0592,0,Low,Transactions (last month) = 1 (raises risk); Emails opened (last 3m) = 6 (lowers risk); Months since last purchase = 0 (lowers risk)
501683,2024-06,1,0.059,0,Low,Support tickets (last 3m) = 2 (raises risk); App sessions (last 3m) = 9 (lowers risk); Transactions (last month) = 3 (raises risk)
500911,2024-06,1,0.0585,0,Low,Support tickets (last 3m) = 2 (raises risk); Emails opened (last 3m) = 13 (lowers risk); Transactions (last month) = 3 (raises risk)
501992,2024-06,1,0.0567,0,Low,Transactions (last month) = 1 (raises risk); Emails opened (last 3m) = 3 (lowers risk); Months since last purchase = 0 (lowers risk)
500973,2024-06,1,0.0565,0,Low,Transactions (last month) = 1 (raises risk); Emails opened (last 3m) = 5 (lowers risk); Months since last purchase = 0 (lowers risk)
501857,2024-06,1,0.0561,0,Low,Months since last purchase = 0 (lowers risk); Spend (last 3m) = 61.64 (raises risk); Coupons redeemed (last 3m) = 3 (lowers risk)
502478,2024-06,1,0.0556,0,Low,Transactions (last month) = 0 (raises risk); Emails opened (last 3m) = 4 (lowers risk); App sessions (last 3m) = 4 (lowers risk)
502534,2024-06,1,0.0545,0,Low,Transactions (last month) = 0 (raises risk); App sessions (last 3m) = 9 (lowers risk); Emails opened (last 3m) = 4 (lowers risk)
501343,2024-06,1,0.0545,0,Low,Transactions (last month) = 1 (raises risk); Emails opened (last 3m) = 5 (lowers risk); Months since last purchase = 0 (lowers risk)
501334,2024-06,1,0.0544,0,Low,Transactions (last month) = 0 (raises risk); Coupons redeemed (last 3m) = 3 (lowers risk); Emails opened (last 3m) = 3 (lowers risk)
500100,2024-06,1,0.0538,0,Low,Months since last purchase = 0 (lowers risk); Promo share of purchases = 0.09 (lowers risk); Spend (last 3m) = 56.5 (raises risk)
501564,2024-06,1,0.0527,0,Low,Support tickets (last 3m) = 2 (raises risk); App sessions (last 3m) = 7 (lowers risk); Transactions (last month) = 3 (raises risk)
501786,2024-06,1,0.0526,0,Low,Transactions (last month) = 1 (raises risk); Coupons redeemed (last 3m) = 3 (lowers risk); Months since last purchase = 0 (lowers risk)
501939,2024-06,1,0.0516,0,Low,Transactions (last month) = 1 (raises risk); Months since last purchase = 0 (lowers risk); Emails opened (last 3m) = 4 (lowers risk)
502470,2024-06,1,0.0512,0,Low,Support tickets (last 3m) = 2 (raises risk); Emails opened (last 3m) = 8 (lowers risk); App sessions (last 3m) = 12 (lowers risk)
502320,2024-06,1,0.0512,0,Low,Transactions (last month) = 1 (raises risk); Months since last purchase = 0 (lowers risk); Coupons redeemed (last 3m) = 3 (lowers risk)
500476,2024-06,1,0.0508,0,Low,Months since last purchase = 0 (lowers risk); App sessions (last 3m) = 1 (raises risk); Email-open trend = 0.25 (raises risk)
500623,2024-06,1,0.0507,0,Low,Transactions (last month) = 1 (raises risk); Months since last purchase = 0 (lowers risk); Coupons redeemed (last 3m) = 2 (lowers risk)
501942,2024-06,1,0.0503,0,Low,Transactions (last month) = 1 (raises risk); Coupons redeemed (last 3m) = 2 (lowers risk); Months since last purchase = 0 (lowers risk)
501285,2024-06,1,0.05,0,Low,Months since last purchase = 0 (lowers risk); Transactions (last month) = 3 (raises risk); Transactions (last 3m) = 13 (lowers risk)
502352,2024-06,1,0.0486,0,Low,Support tickets (last 3m) = 2 (raises risk); Transactions (last month) = 3 (raises risk); Emails opened (last 3m) = 5 (lowers risk)
502182,2024-06,1,0.0482,0,Low,Months since last purchase = 0 (lowers risk); Emails opened (last 3m) = 0 (raises risk); Transactions (last month) = 4 (lowers risk)
500443,2024-06,1,0.0477,0,Low,Transactions (last month) = 1 (raises risk); Emails opened (last 3m) = 4 (lowers risk); Months since last purchase = 0 (lowers risk)
500539,2024-06,1,0.0474,0,Low,Transactions (last month) = 1 (raises risk); Emails opened (last 3m) = 4 (lowers risk); Months since last purchase = 0 (lowers risk)
501652,2024-06,1,0.0473,0,Low,Transactions (last month) = 0 (raises risk); Coupons redeemed (last 3m) = 2 (lowers risk); Promo share of purchases = 0.16 (lowers risk)
501346,2024-06,1,0.0461,0,Low,Months since last purchase = 0 (lowers risk); Transactions (last month) = 2 (raises risk); Transactions (last 3m) = 5 (raises risk)
502401,2024-06,1,0.0458,0,Low,Transactions (last month) = 0 (raises risk); App sessions (last 3m) = 8 (lowers risk); Promo share of purchases = 0.42 (lowers risk)
500404,2024-06,1,0.0456,0,Low,Transactions (last month) = 1 (raises risk); Coupons redeemed (last 3m) = 2 (lowers risk); Months since last purchase = 0 (lowers risk)
500072,2024-06,1,0.0454,0,Low,Months since last purchase = 0 (lowers risk); Transactions (last month) = 2 (raises risk); Support tickets (last 6m) = 2 (raises risk)
500901,2024-06,1,0.0452,0,Low,App-session trend = 0.22 (raises risk); Months since last purchase = 0 (lowers risk); Coupons redeemed (last 3m) = 3 (lowers risk)
500674,2024-06,1,0.0449,0,Low,Months since last purchase = 0 (lowers risk); Promo share of purchases = 0.18 (lowers risk); Transactions (last month) = 2 (raises risk)
500493,2024-06,1,0.0448,0,Low,Months since last purchase = 0 (lowers risk); Promo share of purchases = 0.06 (lowers risk); Spend (last 3m) = 525.31 (lowers risk)
501037,2024-06,1,0.0446,0,Low,Transactions (last month) = 1 (raises risk); Months since last purchase = 0 (lowers risk); Coupons redeemed (last 3m) = 2 (lowers risk)
500165,2024-06,1,0.0442,0,Low,Months since last purchase = 0 (lowers risk); Coupons redeemed (last 3m) = 2 (lowers risk); Coupons redeemed (last 6m) = 5 (lowers risk)
500190,2024-06,1,0.044,0,Low,Months since last purchase = 0 (lowers risk); Emails opened (last 3m) = 3 (lowers risk); Spend (prior 3m) = 666.11 (raises risk)
502290,2024-06,1,0.0435,0,Low,Transactions (last month) = 1 (raises risk); Coupons redeemed (last 3m) = 4 (lowers risk); Emails opened (last 3m) = 3 (lowers risk)
501225,2024-06,1,0.0434,0,Low,Months since last purchase = 0 (lowers risk); Transactions (last 3m) = 5 (raises risk); Coupons redeemed (last 3m) = 0 (raises risk)
500261,2024-06,1,0.0433,0,Low,Transactions (last month) = 1 (raises risk); App sessions (last 3m) = 9 (lowers risk); Emails opened (last 3m) = 3 (lowers risk)
500031,2024-06,1,0.0432,0,Low,Months since last purchase = 0 (lowers risk); Coupons redeemed (last 3m) = 5 (lowers risk); Spend (last 3m) = 51.1 (raises risk)
500578,2024-06,1,0.0431,0,Low,Emails opened (last 3m) = 5 (lowers risk); Months since last purchase = 0 (lowers risk); Coupons redeemed (last 3m) = 4 (lowers risk)
501814,2024-06,1,0.0424,0,Low,Transactions (last month) = 0 (raises risk); Emails opened (last 3m) = 4 (lowers risk); Transactions (last 3m) = 10 (lowers risk)
501537,2024-06,1,0.0423,0,Low,Months since last purchase = 0 (lowers risk); Promo share of purchases = 0.11 (lowers risk); Transactions (last 3m) = 5 (raises risk)
500746,2024-06,1,0.0421,0,Low,Transactions (last month) = 1 (raises risk); Emails opened (last 3m) = 4 (lowers risk); Months since last purchase = 0 (lowers risk)
501017,2024-06,1,0.0419,0,Low,Months since last purchase = 0 (lowers risk); Transactions (last month) = 2 (raises risk); Coupons redeemed (last 3m) = 2 (lowers risk)
501988,2024-06,1,0.0417,0,Low,Months since last purchase = 0 (lowers risk); Transactions (last month) = 2 (raises risk); App sessions (last 3m) = 4 (lowers risk)
502437,2024-06,1,0.0414,0,Low,Months since last purchase = 0 (lowers risk); Coupons redeemed (last 3m) = 2 (lowers risk); Transactions (last 3m) = 3 (raises risk)
501551,2024-06,1,0.0413,0,Low,Months since last purchase = 0 (lowers risk); Transactions (last 3m) = 3 (raises risk); Coupons redeemed (last 3m) = 4 (lowers risk)
500818,2024-06,1,0.041,0,Low,Transactions (last month) = 0 (raises risk); Emails opened (last 3m) = 9 (lowers risk); App sessions (last 3m) = 4 (lowers risk)
502517,2024-06,1,0.0408,0,Low,Transactions (last month) = 1 (raises risk); Spend (last 3m) = 490.09 (lowers risk); Emails opened (last 3m) = 4 (lowers risk)
500563,2024-06,1,0.0405,0,Low,Transactions (last month) = 1 (raises risk); Emails opened (last 3m) = 5 (lowers risk); Months since last purchase = 0 (lowers risk)
502454,2024-06,1,0.0401,0,Low,Transactions (last month) = 8 (lowers risk); App sessions (last 3m) = 0 (raises risk); App-session trend = 0.14 (raises risk)
502142,2024-06,1,0.0397,0,Low,Transactions (last month) = 1 (raises risk); Emails opened (last 3m) = 6 (lowers risk); App sessions (last 3m) = 7 (lowers risk)
501828,2024-06,1,0.0392,0,Low,Months since last purchase = 0 (lowers risk); Transactions (last month) = 2 (raises risk); Emails opened (last 3m) = 0 (raises risk)
502336,2024-06,1,0.039,0,Low,Months since last purchase = 0 (lowers risk); App sessions (last 3m) = 0 (raises risk); Promo share of purchases = 0.15 (lowers risk)
502344,2024-06,1,0.0388,0,Low,Transactions (last month) = 0 (raises risk); Coupons redeemed (last 3m) = 2 (lowers risk); App sessions (last 3m) = 4 (lowers risk)
502327,2024-06,1,0.0387,0,Low,Months since last purchase = 0 (lowers risk); Months with no record (last 6) = 1 (lowers risk); Promo share of purchases = 0.22 (lowers risk)
500965,2024-06,1,0.0385,0,Low,Transactions (last month) = 1 (raises risk); Emails opened (last 3m) = 5 (lowers risk); Months since last purchase = 0 (lowers risk)
502245,2024-06,1,0.0383,0,Low,Transactions (last month) = 1 (raises risk); Emails opened (last 3m) = 5 (lowers risk); Months since last purchase = 0 (lowers risk)
502439,2024-06,1,0.0383,0,Low,Transactions (last month) = 1 (raises risk); Coupons redeemed (last 3m) = 3 (lowers risk); Months since last purchase = 0 (lowers risk)
501661,2024-06,1,0.0382,0,Low,Months since last purchase = 0 (lowers risk); Spend (last 3m) = 490.37 (lowers risk); App-session trend = 0.3 (raises risk)
500957,2024-06,1,0.038,0,Low,Transactions (last month) = 0 (raises risk); App sessions (last 3m) = 10 (lowers risk); Coupons redeemed (last 3m) = 2 (lowers risk)
502209,2024-06,1,0.0378,0,Low,Transactions (last month) = 0 (raises risk); Transactions (last 3m) = 18 (lowers risk); Spend (last 3m) = 596.07 (lowers risk)
500844,2024-06,1,0.0375,0,Low,Transactions (last month) = 1 (raises risk); Emails opened (last 3m) = 5 (lowers risk); Months since last purchase = 0 (lowers risk)
500645,2024-06,1,0.0374,0,Low,Transactions (last month) = 0 (raises risk); App sessions (last 3m) = 10 (lowers risk); Promo share of purchases = 0.03 (lowers risk)
501158,2024-06,1,0.037,0,Low,Months since last purchase = 0 (lowers risk); App sessions per purchase = 0.08 (raises risk); App-session trend = 0.29 (raises risk)
500929,2024-06,1,0.0367,0,Low,Transactions (last month) = 1 (raises risk); Emails opened (last 3m) = 7 (lowers risk); Months since last purchase = 0 (lowers risk)
501991,2024-06,1,0.0362,0,Low,App sessions (last 3m) = 0 (raises risk); Months since last purchase = 0 (lowers risk); Emails opened (last 3m) = 3 (lowers risk)
502194,2024-06,1,0.0362,0,Low,Months since last purchase = 0 (lowers risk); Spend (last 3m) = 45.06 (raises risk); Promo share of purchases = 0.06 (lowers risk)
501417,2024-06,1,0.0361,0,Low,Transactions (last month) = 0 (raises risk); App sessions (last 3m) = 7 (lowers risk); Promo share of purchases = 0.11 (lowers risk)
502243,2024-06,1,0.0361,0,Low,Transactions (last month) = 1 (raises risk); App sessions (last 3m) = 9 (lowers risk); Emails opened (last 3m) = 5 (lowers risk)
500424,2024-06,1,0.036,0,Low,App-session trend = 0.22 (raises risk); Months since last purchase = 0 (lowers risk); Emails opened (last 3m) = 5 (lowers risk)
500363,2024-06,1,0.0359,0,Low,Months since last purchase = 0 (lowers risk); Coupons redeemed (last 3m) = 3 (lowers risk); Coupons redeemed (last 6m) = 5 (lowers risk)
500679,2024-06,1,0.0358,0,Low,Transactions (last month) = 0 (raises risk); Emails opened (last 3m) = 3 (lowers risk); Coupons redeemed (last 3m) = 3 (lowers risk)
500439,2024-06,1,0.0355,0,Low,Transactions (last month) = 0 (raises risk); Coupons redeemed (last 3m) = 3 (lowers risk); Emails opened (last 3m) = 3 (lowers risk)
500509,2024-06,1,0.0355,0,Low,Months since last purchase = 0 (lowers risk); Emails opened (last 3m) = 3 (lowers risk); App sessions (last 3m) = 5 (lowers risk)
500602,2024-06,1,0.0354,0,Low,Transactions (last month) = 1 (raises risk); Coupons redeemed (last 3m) = 2 (lowers risk); Months since last purchase = 0 (lowers risk)
500696,2024-06,1,0.0353,0,Low,Transactions (last month) = 1 (raises risk); Emails opened (last 3m) = 4 (lowers risk); Spend (last 3m) = 508.49 (lowers risk)
500757,2024-06,1,0.0353,0,Low,Transactions (last month) = 1 (raises risk); Months since last purchase = 0 (lowers risk); App sessions (last 3m) = 6 (lowers risk)
502452,2024-06,1,0.0352,0,Low,Months since last purchase = 0 (lowers risk); Promo share of purchases = 0.14 (lowers risk); Transactions (last month) = 2 (raises risk)
500448,2024-06,1,0.0351,0,Low,App-session trend = 0.17 (raises risk); App sessions (last 3m) = 0 (raises risk); App sessions per purchase = 0 (raises risk)
502343,2024-06,1,0.035,0,Low,Transactions (last month) = 1 (raises risk); Months since last purchase = 0 (lowers risk); Support tickets (last 3m) = 0 (lowers risk)
500709,2024-06,1,0.0345,0,Low,Transactions (last month) = 0 (raises risk); App sessions (last 3m) = 7 (lowers risk); Emails opened (last 3m) = 4 (lowers risk)
502126,2024-06,1,0.0343,0,Low,Emails opened (last 3m) = 6 (lowers risk); App-session trend = 0.29 (raises risk); Months since last purchase = 0 (lowers risk)
502154,2024-06,1,0.0343,0,Low,Months since last purchase = 0 (lowers risk); Emails opened (last 3m) = 0 (raises risk); App sessions (last 3m) = 4 (lowers risk)
500975,2024-06,1,0.0341,0,Low,Transactions (last month) = 1 (raises risk); Emails opened (last 3m) = 4 (lowers risk); Months since last purchase = 0 (lowers risk)
502512,2024-06,1,0.034,0,Low,Transactions (last month) = 0 (raises risk); Coupons redeemed (last 3m) = 2 (lowers risk); App sessions (last 3m) = 5 (lowers risk)
500384,2024-06,1,0.0339,0,Low,Transactions (last month) = 1 (raises risk); Coupons redeemed (last 3m) = 3 (lowers risk); Months since last purchase = 0 (lowers risk)
501059,2024-06,1,0.0339,0,Low,Months since last purchase = 0 (lowers risk); Transactions (last month) = 2 (raises risk); Promo share of purchases = 0.21 (lowers risk)
501632,2024-06,1,0.0336,0,Low,Transactions (last month) = 10 (lowers risk); Support tickets (last 3m) = 3 (raises risk); Spend (last 3m) = 570.46 (lowers risk)
501571,2024-06,1,0.033,0,Low,Emails opened (last 3m) = 4 (lowers risk); Months since last purchase = 0 (lowers risk); Transactions (last 3m) = 5 (raises risk)
501042,2024-06,1,0.0328,0,Low,Months since last purchase = 0 (lowers risk); Coupons redeemed (last 3m) = 3 (lowers risk); Transactions (last month) = 2 (raises risk)
502025,2024-06,1,0.0324,0,Low,App sessions (last 3m) = 8 (lowers risk); Months since last purchase = 0 (lowers risk); Transaction trend (last3/prior3) = 0.37 (raises risk)
501861,2024-06,1,0.0322,0,Low,Transactions (last month) = 0 (raises risk); App sessions (last 3m) = 7 (lowers risk); Coupons redeemed (last 3m) = 1 (lowers risk)
500433,2024-06,1,0.0317,0,Low,App-session trend = 0.25 (raises risk); Months since last purchase = 0 (lowers risk); Coupons redeemed (last 3m) = 2 (lowers risk)
502029,2024-06,1,0.0314,0,Low,Emails opened (last 3m) = 7 (lowers risk); Months since last purchase = 0 (lowers risk); Transactions (last 3m) = 3 (raises risk)
500273,2024-06,1,0.0311,0,Low,Months since last purchase = 0 (lowers risk); Emails opened (last 3m) = 5 (lowers risk); Spend (last 3m) = 104.43 (raises risk)
501492,2024-06,1,0.0305,0,Low,Months since last purchase = 0 (lowers risk); Emails opened (last 3m) = 5 (lowers risk); Promo share of purchases = 0.43 (lowers risk)
500803,2024-06,1,0.0303,0,Low,Transactions (last month) = 0 (raises risk); App sessions (last 3m) = 11 (lowers risk); Promo share of purchases = 0.15 (lowers risk)
500294,2024-06,1,0.0302,0,Low,Months since last purchase = 0 (lowers risk); Emails opened (last 3m) = 3 (lowers risk); Spend (last 3m) = 96.21 (raises risk)
501587,2024-06,1,0.0302,0,Low,App sessions (last 3m) = 7 (lowers risk); Months since last purchase = 0 (lowers risk); Home-store price tier = Value (raises risk)
501463,2024-06,1,0.0301,0,Low,Months since last purchase = 0 (lowers risk); App sessions per purchase = 0.08 (raises risk); App sessions (last 3m) = 1 (raises risk)
501154,2024-06,1,0.0301,0,Low,Months since last purchase = 0 (lowers risk); App sessions (last 3m) = 6 (lowers risk); Coupons redeemed (last 3m) = 2 (lowers risk)
502389,2024-06,1,0.03,0,Low,App sessions (last 3m) = 11 (lowers risk); Months since last purchase = 0 (lowers risk); Emails opened (last 3m) = 4 (lowers risk)
500626,2024-06,1,0.0299,0,Low,App sessions (last 3m) = 7 (lowers risk); Months since last purchase = 0 (lowers risk); Transactions (last month) = 2 (raises risk)
501785,2024-06,1,0.0295,0,Low,Months since last purchase = 0 (lowers risk); Transactions (last month) = 2 (raises risk); Spend (prior 3m) = 562.1 (raises risk)
501049,2024-06,1,0.0293,0,Low,App sessions (last 3m) = 11 (lowers risk); Months since last purchase = 0 (lowers risk); Transactions (last month) = 3 (raises risk)
501883,2024-06,1,0.029,0,Low,Transactions (last month) = 1 (raises risk); Months since last purchase = 0 (lowers risk); Emails opened (last 3m) = 4 (lowers risk)
500791,2024-06,1,0.0284,0,Low,Transactions (last month) = 1 (raises risk); Emails opened (last 3m) = 5 (lowers risk); Months since last purchase = 0 (lowers risk)
502385,2024-06,1,0.0283,0,Low,Transactions (last month) = 1 (raises risk); Emails opened (last 3m) = 6 (lowers risk); App sessions (last 3m) = 9 (lowers risk)
501936,2024-06,1,0.0281,0,Low,Months since last purchase = 0 (lowers risk); Coupons redeemed (last 3m) = 4 (lowers risk); Coupons redeemed (last 6m) = 6 (lowers risk)
502591,2024-06,1,0.0279,0,Low,Transactions (last month) = 0 (raises risk); Emails opened (last 3m) = 6 (lowers risk); App sessions (last 3m) = 7 (lowers risk)
500414,2024-06,1,0.0278,0,Low,Transactions (last month) = 1 (raises risk); Coupons redeemed (last 3m) = 5 (lowers risk); Months since last purchase = 0 (lowers risk)
500441,2024-06,1,0.0277,0,Low,Months since last purchase = 0 (lowers risk); App sessions (last 3m) = 6 (lowers risk); Transactions (last month) = 3 (raises risk)
502178,2024-06,1,0.0275,0,Low,Transactions (last month) = 0 (raises risk); App sessions (last 3m) = 8 (lowers risk); Coupons redeemed (last 3m) = 3 (lowers risk)
501607,2024-06,1,0.0273,0,Low,Transactions (last month) = 0 (raises risk); Coupons redeemed (last 3m) = 4 (lowers risk); Transactions (last 3m) = 17 (lowers risk)
501289,2024-06,1,0.0271,0,Low,Transactions (last month) = 5 (lowers risk); Support tickets (last 3m) = 2 (raises risk); Spend (last 3m) = 545.03 (lowers risk)
500877,2024-06,1,0.0271,0,Low,Months since last purchase = 0 (lowers risk); Coupons redeemed (last 3m) = 2 (lowers risk); Transactions (last 3m) = 5 (raises risk)
500311,2024-06,1,0.0271,0,Low,Months since last purchase = 0 (lowers risk); Transactions (last month) = 4 (lowers risk); App sessions (last 3m) = 5 (lowers risk)
500413,2024-06,1,0.027,0,Low,Months since last purchase = 0 (lowers risk); Emails opened (last 3m) = 3 (lowers risk); Transactions (last month) = 2 (raises risk)
502378,2024-06,1,0.0268,0,Low,Transactions (last month) = 0 (raises risk); Emails opened (last 3m) = 7 (lowers risk); Spend (last 3m) = 496.87 (lowers risk)
500658,2024-06,1,0.0266,0,Low,Months since last purchase = 0 (lowers risk); Emails opened (last 3m) = 4 (lowers risk); App-session trend = 0.33 (raises risk)
501509,2024-06,1,0.0266,0,Low,Months since last purchase = 0 (lowers risk); App sessions per purchase = 0.07 (raises risk); Emails opened (last 3m) = 3 (lowers risk)
500405,2024-06,1,0.0265,0,Low,Transactions (last month) = 0 (raises risk); App sessions (last 3m) = 7 (lowers risk); Emails opened (last 3m) = 5 (lowers risk)
502216,2024-06,1,0.0265,0,Low,Transactions (last month) = 1 (raises risk); Months since last purchase = 0 (lowers risk); Emails opened (last 3m) = 3 (lowers risk)
502189,2024-06,1,0.0264,0,Low,Transactions (last month) = 1 (raises risk); Spend (last 3m) = 464.9 (lowers risk); Months since last purchase = 0 (lowers risk)
500465,2024-06,1,0.0263,0,Low,Months since last purchase = 0 (lowers risk); Emails opened (last 3m) = 0 (raises risk); App sessions (last 3m) = 1 (raises risk)
500775,2024-06,1,0.0262,0,Low,Transactions (last month) = 0 (raises risk); App sessions (last 3m) = 8 (lowers risk); Transactions (last 3m) = 11 (lowers risk)
500731,2024-06,1,0.0261,0,Low,Transactions (last month) = 0 (raises risk); Emails opened (last 3m) = 5 (lowers risk); Spend (last 3m) = 522.46 (lowers risk)
502056,2024-06,1,0.026,0,Low,Transactions (last month) = 1 (raises risk); Emails opened (last 3m) = 4 (lowers risk); Months since last purchase = 0 (lowers risk)
501592,2024-06,1,0.0258,0,Low,Transactions (last month) = 0 (raises risk); Emails opened (last 3m) = 8 (lowers risk); Transactions (last 3m) = 12 (lowers risk)
501728,2024-06,1,0.0256,0,Low,App sessions (last 3m) = 0 (raises risk); App sessions per purchase = 0 (raises risk); Months since last purchase = 0 (lowers risk)
500123,2024-06,1,0.0256,0,Low,Transactions (last month) = 0 (raises risk); App sessions (last 3m) = 7 (lowers risk); Emails opened (last 3m) = 4 (lowers risk)
502254,2024-06,1,0.0256,0,Low,Months since last purchase = 0 (lowers risk); Coupons redeemed (last 3m) = 3 (lowers risk); Transactions (last month) = 2 (raises risk)
500508,2024-06,1,0.0255,0,Low,Months since last purchase = 0 (lowers risk); Coupons redeemed (last 3m) = 3 (lowers risk); Emails opened (last 3m) = 0 (raises risk)
501778,2024-06,1,0.0255,0,Low,Transactions (last month) = 1 (raises risk); Emails opened (last 3m) = 5 (lowers risk); Months since last purchase = 0 (lowers risk)
501914,2024-06,1,0.0255,0,Low,Transactions (last month) = 6 (lowers risk); App-session trend = 0.12 (raises risk); Months since last purchase = 0 (lowers risk)
502313,2024-06,1,0.0254,0,Low,Transactions (last month) = 1 (raises risk); App sessions (last 3m) = 11 (lowers risk); Coupons redeemed (last 3m) = 3 (lowers risk)
500160,2024-06,1,0.0254,0,Low,Transactions (last month) = 0 (raises risk); Emails opened (last 3m) = 5 (lowers risk); Coupons redeemed (last 3m) = 3 (lowers risk)
501361,2024-06,1,0.0253,0,Low,Transactions (last month) = 0 (raises risk); Emails opened (last 3m) = 6 (lowers risk); Coupons redeemed (last 3m) = 2 (lowers risk)
501198,2024-06,1,0.0252,0,Low,Months since last purchase = 0 (lowers risk); Promo share of purchases = 0.19 (lowers risk); Transactions (last month) = 2 (raises risk)
501010,2024-06,1,0.0251,0,Low,Support tickets (last 3m) = 2 (raises risk); App sessions (last 3m) = 11 (lowers risk); Transactions (last month) = 3 (raises risk)
502329,2024-06,1,0.025,0,Low,Emails opened (last 3m) = 5 (lowers risk); Months since last purchase = 0 (lowers risk); Transactions (last month) = 2 (raises risk)
501152,2024-06,1,0.0249,0,Low,Months since last purchase = 0 (lowers risk); App sessions per purchase = 0.08 (raises risk); Coupons redeemed (last 3m) = 2 (lowers risk)
501170,2024-06,1,0.0249,0,Low,App sessions (last 3m) = 0 (raises risk); Months since last purchase = 0 (lowers risk); Emails opened (last 3m) = 3 (lowers risk)
500263,2024-06,1,0.0247,0,Low,Months since last purchase = 0 (lowers risk); App sessions (last 3m) = 6 (lowers risk); Transactions (last month) = 3 (raises risk)
501723,2024-06,1,0.0246,0,Low,Emails opened (last 3m) = 5 (lowers risk); Months since last purchase = 0 (lowers risk); Transactions (last month) = 2 (raises risk)
500772,2024-06,1,0.0246,0,Low,Transactions (last month) = 1 (raises risk); Emails opened (last 3m) = 4 (lowers risk); Months since last purchase = 0 (lowers risk)
500184,2024-06,1,0.0246,0,Low,Months since last purchase = 0 (lowers risk); Coupons redeemed (last 3m) = 2 (lowers risk); App sessions (last 3m) = 6 (lowers risk)
502369,2024-06,1,0.0246,0,Low,Transactions (last month) = 9 (lowers risk); App-session trend = 0.29 (raises risk); Months since last purchase = 0 (lowers risk)
500389,2024-06,1,0.0245,0,Low,Transactions (last month) = 0 (raises risk); App sessions (last 3m) = 10 (lowers risk); Emails opened (last 3m) = 3 (lowers risk)
501083,2024-06,1,0.0242,0,Low,App sessions (last 3m) = 8 (lowers risk); Months since last purchase = 0 (lowers risk); Coupons redeemed (last 3m) = 4 (lowers risk)
500770,2024-06,1,0.0241,0,Low,Months since last purchase = 0 (lowers risk); Transactions (last month) = 4 (lowers risk); Emails opened (last 3m) = 2 (lowers risk)
500102,2024-06,1,0.0241,0,Low,Months since last purchase = 0 (lowers risk); Promo share of purchases = 0.14 (lowers risk); Emails opened (last 3m) = 4 (lowers risk)
501238,2024-06,1,0.024,0,Low,Emails opened (last 3m) = 6 (lowers risk); Months since last purchase = 0 (lowers risk); Support tickets (last 6m) = 3 (raises risk)
501867,2024-06,1,0.024,0,Low,App sessions (last 3m) = 8 (lowers risk); Months since last purchase = 0 (lowers risk); Coupons redeemed (last 3m) = 0 (raises risk)
501516,2024-06,1,0.0238,0,Low,Months since last purchase = 0 (lowers risk); Emails opened (last 3m) = 4 (lowers risk); Transactions (last month) = 4 (lowers risk)
501702,2024-06,1,0.0238,0,Low,Support tickets (last 3m) = 2 (raises risk); Emails opened (last 3m) = 6 (lowers risk); Transactions (last month) = 3 (raises risk)
502161,2024-06,1,0.0237,0,Low,Transactions (last month) = 0 (raises risk); Spend (last 3m) = 555.54 (lowers risk); Transactions (last 3m) = 13 (lowers risk)
500956,2024-06,1,0.0236,0,Low,Transactions (last month) = 0 (raises risk); App sessions (last 3m) = 6 (lowers risk); Spend (last 3m) = 520.08 (lowers risk)
502528,2024-06,1,0.0236,0,Low,Emails opened (last 3m) = 6 (lowers risk); Months since last purchase = 0 (lowers risk); Transactions (last month) = 2 (raises risk)
500106,2024-06,1,0.0235,0,Low,Months since last purchase = 0 (lowers risk); Spend (last 3m) = 513.02 (lowers risk); App sessions (last 3m) = 5 (lowers risk)
501441,2024-06,1,0.0233,0,Low,Months since last purchase = 0 (lowers risk); Transactions (last month) = 2 (raises risk); Transactions (last 3m) = 5 (raises risk)
500393,2024-06,1,0.0233,0,Low,Months since last purchase = 0 (lowers risk); App sessions (last 3m) = 14 (lowers risk); Emails opened (last 3m) = 4 (lowers risk)
502553,2024-06,1,0.0231,0,Low,Months since last purchase = 0 (lowers risk); Coupons redeemed (last 3m) = 3 (lowers risk); Transactions (last month) = 2 (raises risk)
501134,2024-06,1,0.023,0,Low,Support tickets (last 3m) = 2 (raises risk); Months since last purchase = 0 (lowers risk); Transactions (last 3m) = 15 (lowers risk)
500706,2024-06,1,0.0229,0,Low,App sessions (last 3m) = 7 (lowers risk); Months since last purchase = 0 (lowers risk); Emails opened (last 3m) = 4 (lowers risk)
502325,2024-06,1,0.0229,0,Low,Months since last purchase = 0 (lowers risk); Emails opened (last 3m) = 4 (lowers risk); App sessions (last 3m) = 15 (lowers risk)
502299,2024-06,1,0.0228,0,Low,Transactions (last month) = 7 (lowers risk); Months since last purchase = 0 (lowers risk); Promo share of purchases = 0.17 (lowers risk)
501333,2024-06,1,0.0228,0,Low,Months since last purchase = 0 (lowers risk); Emails opened (last 3m) = 3 (lowers risk); Spend (last 3m) = 95.98 (raises risk)
500673,2024-06,1,0.0227,0,Low,Transactions (last month) = 1 (raises risk); App sessions (last 3m) = 7 (lowers risk); Months since last purchase = 0 (lowers risk)
500313,2024-06,1,0.0227,0,Low,Transactions (last month) = 0 (raises risk); App sessions (last 3m) = 6 (lowers risk); Transactions (last 3m) = 15 (lowers risk)
500339,2024-06,1,0.0226,0,Low,Months since last purchase = 0 (lowers risk); Transactions (last month) = 4 (lowers risk); App sessions (last 3m) = 5 (lowers risk)
500336,2024-06,1,0.0225,0,Low,Transactions (last month) = 1 (raises risk); App sessions (last 3m) = 7 (lowers risk); Months since last purchase = 0 (lowers risk)
500355,2024-06,1,0.0225,0,Low,Transactions (last month) = 0 (raises risk); Emails opened (last 3m) = 6 (lowers risk); Transactions (last 3m) = 17 (lowers risk)
500025,2024-06,1,0.0222,0,Low,Months since last purchase = 0 (lowers risk); Transactions (last month) = 2 (raises risk); Spend (last 3m) = 376.23 (lowers risk)
501403,2024-06,1,0.0221,0,Low,Months since last purchase = 0 (lowers risk); Coupons redeemed (last 3m) = 4 (lowers risk); Transactions (last month) = 2 (raises risk)
500505,2024-06,1,0.0221,0,Low,Months since last purchase = 0 (lowers risk); Emails opened (last 3m) = 3 (lowers risk); Transactions (last month) = 3 (raises risk)
502590,2024-06,1,0.0221,0,Low,App sessions (last 3m) = 10 (lowers risk); Months since last purchase = 0 (lowers risk); Coupons redeemed (last 3m) = 2 (lowers risk)
501701,2024-06,1,0.0221,0,Low,Months since last purchase = 0 (lowers risk); Promo share of purchases = 0.14 (lowers risk); Emails opened (last 3m) = 0 (raises risk)
502117,2024-06,1,0.022,0,Low,Emails opened (last 3m) = 6 (lowers risk); Months since last purchase = 0 (lowers risk); Spend (last 3m) = 102.74 (raises risk)
500460,2024-06,1,0.022,0,Low,Emails opened (last 3m) = 7 (lowers risk); App sessions (last 3m) = 0 (raises risk); Months since last purchase = 0 (lowers risk)
501745,2024-06,1,0.022,0,Low,Transactions (last month) = 1 (raises risk); App sessions (last 3m) = 10 (lowers risk); Emails opened (last 3m) = 4 (lowers risk)
502340,2024-06,1,0.0216,0,Low,Months since last purchase = 0 (lowers risk); Coupons redeemed (last 3m) = 2 (lowers risk); Promo share of purchases = 0.12 (lowers risk)
501886,2024-06,1,0.0216,0,Low,Months since last purchase = 0 (lowers risk); Support tickets (last 3m) = 0 (lowers risk); Emails opened (last 3m) = 2 (lowers risk)
501664,2024-06,1,0.0216,0,Low,Months since last purchase = 0 (lowers risk); Coupons redeemed (last 3m) = 2 (lowers risk); App sessions (last 3m) = 5 (lowers risk)
500187,2024-06,1,0.0215,0,Low,Months since last purchase = 0 (lowers risk); Emails opened (last 3m) = 3 (lowers risk); Promo share of purchases = 0.21 (lowers risk)
500150,2024-06,1,0.0214,0,Low,Months since last purchase = 0 (lowers risk); Transactions (last month) = 2 (raises risk); Promo share of purchases = 0.21 (lowers risk)
500917,2024-06,1,0.0214,0,Low,Months since last purchase = 0 (lowers risk); Emails opened (last 3m) = 3 (lowers risk); Support tickets (last 3m) = 0 (lowers risk)
502565,2024-06,1,0.0212,0,Low,Months since last purchase = 0 (lowers risk); Promo share of purchases = 0.07 (lowers risk); Transactions (last month) = 2 (raises risk)
500655,2024-06,1,0.0211,0,Low,App sessions (last 3m) = 12 (lowers risk); Months since last purchase = 0 (lowers risk); Coupons redeemed (last 3m) = 3 (lowers risk)
500111,2024-06,1,0.0211,0,Low,Months since last purchase = 0 (lowers risk); App sessions (last 3m) = 15 (lowers risk); Emails opened (last 3m) = 0 (raises risk)
501750,2024-06,1,0.0211,0,Low,Emails opened (last 3m) = 7 (lowers risk); Months since last purchase = 0 (lowers risk); Promo share of purchases = 0.41 (lowers risk)
501882,2024-06,1,0.021,0,Low,Emails opened (last 3m) = 5 (lowers risk); Months since last purchase = 0 (lowers risk); Transactions (last month) = 3 (raises risk)
502374,2024-06,1,0.0208,0,Low,Months since last purchase = 0 (lowers risk); Transactions (last month) = 4 (lowers risk); Promo share of purchases = 0.45 (lowers risk)
501713,2024-06,1,0.0207,0,Low,Transactions (last month) = 1 (raises risk); Emails opened (last 3m) = 5 (lowers risk); Months since last purchase = 0 (lowers risk)
501440,2024-06,1,0.0207,0,Low,App sessions (last 3m) = 10 (lowers risk); Support tickets (last 3m) = 2 (raises risk); Transactions (last 3m) = 16 (lowers risk)
501696,2024-06,1,0.0205,0,Low,Months since last purchase = 0 (lowers risk); Coupons redeemed (last 3m) = 3 (lowers risk); Transactions (last month) = 2 (raises risk)
501047,2024-06,1,0.0203,0,Low,Months since last purchase = 0 (lowers risk); Promo share of purchases = 0.19 (lowers risk); Transactions (last month) = 2 (raises risk)
500020,2024-06,1,0.0203,0,Low,Months since last purchase = 0 (lowers risk); Coupons redeemed (last 3m) = 4 (lowers risk); Transactions (last month) = 2 (raises risk)
501114,2024-06,1,0.0203,0,Low,Months since last purchase = 0 (lowers risk); Promo share of purchases = 0.12 (lowers risk); Coupons redeemed (last 3m) = 2 (lowers risk)
500213,2024-06,1,0.0203,0,Low,Months since last purchase = 0 (lowers risk); Coupons redeemed (last 3m) = 3 (lowers risk); Transactions (last month) = 2 (raises risk)
500900,2024-06,1,0.0202,0,Low,App sessions (last 3m) = 8 (lowers risk); Months since last purchase = 0 (lowers risk); Coupons redeemed (last 3m) = 2 (lowers risk)
502538,2024-06,1,0.0202,0,Low,App sessions (last 3m) = 8 (lowers risk); Months since last purchase = 0 (lowers risk); Emails opened (last 3m) = 5 (lowers risk)
500630,2024-06,1,0.0202,0,Low,Months since last purchase = 0 (lowers risk); Transactions (last month) = 4 (lowers risk); Transactions (last 3m) = 12 (lowers risk)
501355,2024-06,1,0.0202,0,Low,Transactions (last month) = 1 (raises risk); Emails opened (last 3m) = 6 (lowers risk); Months since last purchase = 0 (lowers risk)
500930,2024-06,1,0.0201,0,Low,Transactions (last month) = 1 (raises risk); Months since last purchase = 0 (lowers risk); Emails opened (last 3m) = 4 (lowers risk)
500403,2024-06,1,0.0201,0,Low,Transactions (last 3m) = 14 (lowers risk); Months since last purchase = 0 (lowers risk); App sessions (last 3m) = 6 (lowers risk)
500193,2024-06,1,0.0201,0,Low,Transactions (last month) = 0 (raises risk); App sessions (last 3m) = 9 (lowers risk); Emails opened (last 3m) = 4 (lowers risk)
502400,2024-06,1,0.0201,0,Low,Emails opened (last 3m) = 6 (lowers risk); Months since last purchase = 0 (lowers risk); Transactions (last 3m) = 5 (raises risk)
501183,2024-06,1,0.02,0,Low,App sessions (last 3m) = 9 (lowers risk); Months since last purchase = 0 (lowers risk); Promo share of purchases = 0.17 (lowers risk)
501513,2024-06,1,0.0198,0,Low,App sessions (last 3m) = 10 (lowers risk); Months since last purchase = 0 (lowers risk); Coupons redeemed (last 3m) = 2 (lowers risk)
501153,2024-06,1,0.0198,0,Low,Months since last purchase = 0 (lowers risk); Promo share of purchases = 0.14 (lowers risk); App sessions (last 3m) = 5 (lowers risk)
500635,2024-06,1,0.0197,0,Low,Transactions (last month) = 1 (raises risk); Coupons redeemed (last 3m) = 2 (lowers risk); Months since last purchase = 0 (lowers risk)
500471,2024-06,1,0.0195,0,Low,App sessions (last 3m) = 8 (lowers risk); Months since last purchase = 0 (lowers risk); Coupons redeemed (last 3m) = 3 (lowers risk)
502217,2024-06,1,0.0193,0,Low,App sessions (last 3m) = 8 (lowers risk); Months since last purchase = 0 (lowers risk); Transactions (last month) = 2 (raises risk)
501925,2024-06,1,0.0192,0,Low,Transactions (last month) = 0 (raises risk); Emails opened (last 3m) = 6 (lowers risk); App sessions (last 3m) = 6 (lowers risk)
501276,2024-06,1,0.0192,0,Low,Months since last purchase = 0 (lowers risk); Coupons redeemed (last 3m) = 4 (lowers risk); Promo share of purchases = 0.17 (lowers risk)
502000,2024-06,1,0.0192,0,Low,Months since last purchase = 0 (lowers risk); Promo share of purchases = 0.17 (lowers risk); Coupons redeemed (last 3m) = 3 (lowers risk)
502102,2024-06,1,0.0191,0,Low,Months since last purchase = 0 (lowers risk); Emails opened (last 3m) = 3 (lowers risk); Transactions (last 3m) = 5 (raises risk)
500682,2024-06,1,0.0191,0,Low,App sessions (last 3m) = 10 (lowers risk); Months since last purchase = 0 (lowers risk); Coupons redeemed (last 3m) = 2 (lowers risk)
501172,2024-06,1,0.0189,0,Low,Transactions (last month) = 0 (raises risk); App sessions (last 3m) = 9 (lowers risk); Emails opened (last 3m) = 6 (lowers risk)
501758,2024-06,1,0.0189,0,Low,Support tickets (last 3m) = 3 (raises risk); App sessions (last 3m) = 7 (lowers risk); Months since last purchase = 0 (lowers risk)
500325,2024-06,1,0.0189,0,Low,Months since last purchase = 0 (lowers risk); Emails opened (last 3m) = 3 (lowers risk); Transactions (last month) = 2 (raises risk)
500095,2024-06,1,0.0189,0,Low,Months since last purchase = 0 (lowers risk); Coupons redeemed (last 3m) = 2 (lowers risk); Transactions (last month) = 2 (raises risk)
502428,2024-06,1,0.0188,0,Low,Months since last purchase = 0 (lowers risk); Promo share of purchases = 0.12 (lowers risk); Transactions (last month) = 2 (raises risk)
501760,2024-06,1,0.0188,0,Low,Transactions (last month) = 1 (raises risk); Emails opened (last 3m) = 6 (lowers risk); Months since last purchase = 0 (lowers risk)
501946,2024-06,1,0.0186,0,Low,Months since last purchase = 0 (lowers risk); Emails opened (last 3m) = 5 (lowers risk); App sessions (last 3m) = 6 (lowers risk)
501586,2024-06,1,0.0186,0,Low,Months since last purchase = 0 (lowers risk); Transactions (last month) = 2 (raises risk); Coupons redeemed (last 3m) = 2 (lowers risk)
500182,2024-06,1,0.0186,0,Low,Months since last purchase = 0 (lowers risk); Transactions (last month) = 2 (raises risk); Support tickets (last 3m) = 0 (lowers risk)
500480,2024-06,1,0.0186,0,Low,Emails opened (last 3m) = 7 (lowers risk); Months since last purchase = 0 (lowers risk); App sessions (last 3m) = 6 (lowers risk)
500740,2024-06,1,0.0185,0,Low,Emails opened (last 3m) = 5 (lowers risk); Months since last purchase = 0 (lowers risk); App sessions (last 3m) = 12 (lowers risk)
502151,2024-06,1,0.0184,0,Low,App sessions (last 3m) = 7 (lowers risk); Months since last purchase = 0 (lowers risk); Emails opened (last 3m) = 4 (lowers risk)
502176,2024-06,1,0.0184,0,Low,Months since last purchase = 0 (lowers risk); Coupons redeemed (last 3m) = 2 (lowers risk); Transactions (last month) = 3 (raises risk)
501342,2024-06,1,0.0182,0,Low,Months since last purchase = 0 (lowers risk); Transactions (last 3m) = 12 (lowers risk); Support tickets (last 3m) = 1 (raises risk)
502310,2024-06,1,0.0181,0,Low,App sessions (last 3m) = 11 (lowers risk); Months since last purchase = 0 (lowers risk); Coupons redeemed (last 3m) = 2 (lowers risk)
501372,2024-06,1,0.018,0,Low,Months since last purchase = 0 (lowers risk); Promo share of purchases = 0.18 (lowers risk); Transactions (last month) = 3 (raises risk)
501523,2024-06,1,0.0179,0,Low,Transactions (last month) = 0 (raises risk); Emails opened (last 3m) = 4 (lowers risk); Coupons redeemed (last 3m) = 4 (lowers risk)
500458,2024-06,1,0.0178,0,Low,Transactions (last month) = 1 (raises risk); Emails opened (last 3m) = 7 (lowers risk); App sessions (last 3m) = 9 (lowers risk)
501431,2024-06,1,0.0178,0,Low,Transactions (last month) = 1 (raises risk); Coupons redeemed (last 3m) = 4 (lowers risk); Months since last purchase = 0 (lowers risk)
500161,2024-06,1,0.0178,0,Low,Transactions (last month) = 0 (raises risk); Emails opened (last 3m) = 5 (lowers risk); App sessions (last 3m) = 6 (lowers risk)
501187,2024-06,1,0.0178,0,Low,Months since last purchase = 0 (lowers risk); Coupons redeemed (last 3m) = 3 (lowers risk); App sessions (last 3m) = 6 (lowers risk)
501955,2024-06,1,0.0177,0,Low,Transactions (last month) = 8 (lowers risk); Emails opened (last 3m) = 6 (lowers risk); App sessions per purchase = 0.07 (raises risk)
501280,2024-06,1,0.0177,0,Low,Transactions (last month) = 1 (raises risk); Emails opened (last 3m) = 6 (lowers risk); Months since last purchase = 0 (lowers risk)
501511,2024-06,1,0.0177,0,Low,Months since last purchase = 0 (lowers risk); Transactions (last 3m) = 13 (lowers risk); App sessions (last 3m) = 6 (lowers risk)
500923,2024-06,1,0.0176,0,Low,App sessions (last 3m) = 9 (lowers risk); Months since last purchase = 0 (lowers risk); Transactions (last 3m) = 14 (lowers risk)
500533,2024-06,1,0.0175,0,Low,Transactions (last month) = 0 (raises risk); App sessions (last 3m) = 7 (lowers risk); Emails opened (last 3m) = 4 (lowers risk)
501591,2024-06,1,0.0175,0,Low,Emails opened (last 3m) = 6 (lowers risk); Months since last purchase = 0 (lowers risk); Transactions (last month) = 4 (lowers risk)
502338,2024-06,1,0.0175,0,Low,App sessions (last 3m) = 7 (lowers risk); Months since last purchase = 0 (lowers risk); Coupons redeemed (last 3m) = 3 (lowers risk)
500703,2024-06,1,0.0175,0,Low,Months since last purchase = 0 (lowers risk); Coupons redeemed (last 3m) = 2 (lowers risk); Spend (last 3m) = 84.36 (raises risk)
502516,2024-06,1,0.0174,0,Low,Months since last purchase = 0 (lowers risk); Emails opened (last 3m) = 5 (lowers risk); Coupons redeemed (last 3m) = 3 (lowers risk)
500228,2024-06,1,0.0174,0,Low,Emails opened (last 3m) = 5 (lowers risk); Months since last purchase = 0 (lowers risk); Coupons redeemed (last 3m) = 3 (lowers risk)
502004,2024-06,1,0.0174,0,Low,Spend (last 3m) = 555.3 (lowers risk); Months since last purchase = 0 (lowers risk); Emails opened (last 3m) = 0 (raises risk)
500636,2024-06,1,0.0174,0,Low,App-session trend = 0.25 (raises risk); Emails opened (last 3m) = 6 (lowers risk); Months since last purchase = 0 (lowers risk)
500326,2024-06,1,0.0173,0,Low,Transactions (last month) = 7 (lowers risk); Emails opened (last 3m) = 6 (lowers risk); Months since last purchase = 0 (lowers risk)
501554,2024-06,1,0.0172,0,Low,Emails opened (last 3m) = 5 (lowers risk); Months since last purchase = 0 (lowers risk); Months with no record (last 6) = 1 (lowers risk)
501493,2024-06,1,0.0172,0,Low,App sessions (last 3m) = 8 (lowers risk); Months since last purchase = 0 (lowers risk); Transactions (last month) = 2 (raises risk)
500695,2024-06,1,0.0171,0,Low,Transactions (last month) = 1 (raises risk); Transactions (last 3m) = 15 (lowers risk); Emails opened (last 3m) = 4 (lowers risk)
502392,2024-06,1,0.0171,0,Low,Months since last purchase = 0 (lowers risk); Transactions (last month) = 2 (raises risk); Promo share of purchases = 0.19 (lowers risk)
501425,2024-06,1,0.017,0,Low,Months since last purchase = 0 (lowers risk); Coupons redeemed (last 3m) = 2 (lowers risk); App sessions (last 3m) = 5 (lowers risk)
501575,2024-06,1,0.017,0,Low,Months since last purchase = 0 (lowers risk); Emails opened (last 3m) = 3 (lowers risk); Promo share of purchases = 0.16 (lowers risk)
500093,2024-06,1,0.0169,0,Low,Months since last purchase = 0 (lowers risk); Promo share of purchases = 0.09 (lowers risk); Emails opened (last 3m) = 3 (lowers risk)
500139,2024-06,1,0.0169,0,Low,Months since last purchase = 0 (lowers risk); App sessions (last 3m) = 4 (lowers risk); Support tickets (last 3m) = 0 (lowers risk)
502046,2024-06,1,0.0168,0,Low,App-session trend = 0.3 (raises risk); Months since last purchase = 0 (lowers risk); Emails opened (last 3m) = 4 (lowers risk)
501004,2024-06,1,0.0168,0,Low,Months since last purchase = 0 (lowers risk); Coupons redeemed (last 3m) = 3 (lowers risk); Emails opened (last 3m) = 3 (lowers risk)
502370,2024-06,1,0.0168,0,Low,Transactions (last month) = 1 (raises risk); Coupons redeemed (last 3m) = 2 (lowers risk); Months since last purchase = 0 (lowers risk)
501275,2024-06,1,0.0163,0,Low,App sessions (last 3m) = 10 (lowers risk); Months since last purchase = 0 (lowers risk); Coupons redeemed (last 3m) = 2 (lowers risk)
501694,2024-06,1,0.0163,0,Low,Months since last purchase = 0 (lowers risk); Transactions (last 3m) = 13 (lowers risk); App sessions (last 3m) = 5 (lowers risk)
501015,2024-06,1,0.0162,0,Low,Months since last purchase = 0 (lowers risk); Coupons redeemed (last 3m) = 4 (lowers risk); App sessions (last 3m) = 5 (lowers risk)
500524,2024-06,1,0.0161,0,Low,Transactions (last month) = 1 (raises risk); App sessions (last 3m) = 9 (lowers risk); Months since last purchase = 0 (lowers risk)
501676,2024-06,1,0.0161,0,Low,App sessions (last 3m) = 7 (lowers risk); Months since last purchase = 0 (lowers risk); Emails opened (last 3m) = 4 (lowers risk)
501419,2024-06,1,0.016,0,Low,Months since last purchase = 0 (lowers risk); Emails opened (last 3m) = 5 (lowers risk); Spend (last 3m) = 466.54 (lowers risk)
501998,2024-06,1,0.016,0,Low,Emails opened (last 3m) = 5 (lowers risk); Months since last purchase = 0 (lowers risk); App sessions (last 3m) = 5 (lowers risk)
502381,2024-06,1,0.0159,0,Low,App sessions (last 3m) = 10 (lowers risk); Months since last purchase = 0 (lowers risk); Coupons redeemed (last 3m) = 2 (lowers risk)
501855,2024-06,1,0.0158,0,Low,App sessions (last 3m) = 9 (lowers risk); Months since last purchase = 0 (lowers risk); Transactions (last month) = 3 (raises risk)
501364,2024-06,1,0.0158,0,Low,Months since last purchase = 0 (lowers risk); Emails opened (last 3m) = 4 (lowers risk); Promo share of purchases = 0.17 (lowers risk)
500112,2024-06,1,0.0158,0,Low,Months since last purchase = 0 (lowers risk); Coupons redeemed (last 3m) = 2 (lowers risk); Promo share of purchases = 0.21 (lowers risk)
501026,2024-06,1,0.0158,0,Low,Months since last purchase = 0 (lowers risk); Coupons redeemed (last 3m) = 2 (lowers risk); App sessions (last 3m) = 6 (lowers risk)
501818,2024-06,1,0.0158,0,Low,Months since last purchase = 0 (lowers risk); App sessions (last 3m) = 18 (lowers risk); Promo share of purchases = 0.19 (lowers risk)
502172,2024-06,1,0.0158,0,Low,Transactions (last month) = 0 (raises risk); Coupons redeemed (last 3m) = 2 (lowers risk); Emails opened (last 3m) = 3 (lowers risk)
501940,2024-06,1,0.0156,0,Low,App sessions (last 3m) = 12 (lowers risk); Months since last purchase = 0 (lowers risk); Transactions (last month) = 3 (raises risk)
502153,2024-06,1,0.0155,0,Low,Months since last purchase = 0 (lowers risk); Emails opened (last 3m) = 3 (lowers risk); Coupons redeemed (last 3m) = 2 (lowers risk)
500922,2024-06,1,0.0155,0,Low,Months since last purchase = 0 (lowers risk); Coupons redeemed (last 3m) = 2 (lowers risk); Promo share of purchases = 0.19 (lowers risk)
502424,2024-06,1,0.0154,0,Low,Months since last purchase = 0 (lowers risk); App sessions (last 3m) = 6 (lowers risk); Promo share of purchases = 0.42 (lowers risk)
501207,2024-06,1,0.0154,0,Low,Months since last purchase = 0 (lowers risk); Coupons redeemed (last 6m) = 5 (lowers risk); Transactions (last month) = 2 (raises risk)
501020,2024-06,1,0.0153,0,Low,Emails opened (last 3m) = 6 (lowers risk); Months since last purchase = 0 (lowers risk); Coupons redeemed (last 3m) = 3 (lowers risk)
500411,2024-06,1,0.0152,0,Low,Months since last purchase = 0 (lowers risk); Transactions (last month) = 4 (lowers risk); App sessions (last 3m) = 1 (raises risk)
501053,2024-06,1,0.0152,0,Low,Months since last purchase = 0 (lowers risk); Emails opened (last 3m) = 3 (lowers risk); Transactions (last 3m) = 13 (lowers risk)
500293,2024-06,1,0.0151,0,Low,Months since last purchase = 0 (lowers risk); Promo share of purchases = 0.14 (lowers risk); Emails opened (last 3m) = 3 (lowers risk)
500657,2024-06,1,0.0151,0,Low,Months since last purchase = 0 (lowers risk); Emails opened (last 3m) = 4 (lowers risk); Avg basket (last 3m) = 22.03 (lowers risk)
500322,2024-06,1,0.015,0,Low,App sessions (last 3m) = 9 (lowers risk); Emails opened (last 3m) = 5 (lowers risk); Months since last purchase = 0 (lowers risk)
500857,2024-06,1,0.015,0,Low,App sessions (last 3m) = 8 (lowers risk); Months since last purchase = 0 (lowers risk); Transactions (last month) = 2 (raises risk)
500835,2024-06,1,0.0149,0,Low,Transactions (last month) = 5 (lowers risk); Months since last purchase = 0 (lowers risk); App sessions (last 3m) = 6 (lowers risk)
502527,2024-06,1,0.0149,0,Low,Transactions (last month) = 6 (lowers risk); App sessions (last 3m) = 0 (raises risk); App-session trend = 0.12 (raises risk)
502300,2024-06,1,0.0148,0,Low,Months since last purchase = 0 (lowers risk); Emails opened (last 3m) = 5 (lowers risk); Coupons redeemed (last 3m) = 2 (lowers risk)
500817,2024-06,1,0.0147,0,Low,Months since last purchase = 0 (lowers risk); Coupons redeemed (last 3m) = 3 (lowers risk); Transactions (last month) = 2 (raises risk)
502414,2024-06,1,0.0147,0,Low,Spend (last 3m) = 548.39 (lowers risk); Months since last purchase = 0 (lowers risk); Transactions (last month) = 2 (raises risk)
500592,2024-06,1,0.0146,0,Low,App sessions (last 3m) = 8 (lowers risk); Months since last purchase = 0 (lowers risk); Emails opened (last 3m) = 4 (lowers risk)
502491,2024-06,1,0.0146,0,Low,Transactions (last month) = 1 (raises risk); Emails opened (last 3m) = 6 (lowers risk); Months since last purchase = 0 (lowers risk)
500793,2024-06,1,0.0146,0,Low,Months since last purchase = 0 (lowers risk); Transactions (last month) = 4 (lowers risk); App sessions (last 3m) = 5 (lowers risk)
501341,2024-06,1,0.0145,0,Low,App sessions (last 3m) = 9 (lowers risk); Emails opened (last 3m) = 5 (lowers risk); Months since last purchase = 0 (lowers risk)
501646,2024-06,1,0.0144,0,Low,Months since last purchase = 0 (lowers risk); Coupons redeemed (last 3m) = 2 (lowers risk); App sessions (last 3m) = 5 (lowers risk)
500685,2024-06,1,0.0144,0,Low,Transactions (last month) = 6 (lowers risk); Months since last purchase = 0 (lowers risk); App-session trend = 0.29 (raises risk)
501217,2024-06,1,0.0144,0,Low,Months since last purchase = 0 (lowers risk); Promo share of purchases = 0.19 (lowers risk); Emails opened (last 3m) = 3 (lowers risk)
500375,2024-06,1,0.0144,0,Low,Months since last purchase = 0 (lowers risk); Promo share of purchases = 0.08 (lowers risk); Transactions (last month) = 2 (raises risk)
501949,2024-06,1,0.0144,0,Low,Months since last purchase = 0 (lowers risk); Emails opened (last 3m) = 4 (lowers risk); Promo share of purchases = 0.37 (lowers risk)
501408,2024-06,1,0.0144,0,Low,Months since last purchase = 0 (lowers risk); Transactions (last 3m) = 14 (lowers risk); Coupons redeemed (last 3m) = 4 (lowers risk)
501348,2024-06,1,0.0143,0,Low,Transactions (last month) = 0 (raises risk); App sessions (last 3m) = 10 (lowers risk); Transactions (last 3m) = 17 (lowers risk)
500847,2024-06,1,0.0143,0,Low,App sessions (last 3m) = 12 (lowers risk); Months since last purchase = 0 (lowers risk); Coupons redeemed (last 3m) = 3 (lowers risk)
501647,2024-06,1,0.0143,0,Low,Months since last purchase = 0 (lowers risk); Promo share of purchases = 0.14 (lowers risk); Transactions (last 3m) = 17 (lowers risk)
502017,2024-06,1,0.0142,0,Low,Months since last purchase = 0 (lowers risk); Coupons redeemed (last 3m) = 5 (lowers risk); Emails opened (last 3m) = 3 (lowers risk)
502515,2024-06,1,0.0142,0,Low,Emails opened (last 3m) = 6 (lowers risk); Transactions (last 3m) = 14 (lowers risk); Months since last purchase = 0 (lowers risk)
501769,2024-06,1,0.0142,0,Low,Spend (last 3m) = 591.06 (lowers risk); Months since last purchase = 0 (lowers risk); Transactions (last 3m) = 14 (lowers risk)
500370,2024-06,1,0.0141,0,Low,Transactions (last month) = 1 (raises risk); App sessions (last 3m) = 8 (lowers risk); Emails opened (last 3m) = 4 (lowers risk)
501546,2024-06,1,0.014,0,Low,Emails opened (last 3m) = 7 (lowers risk); Months since last purchase = 0 (lowers risk); App sessions (last 3m) = 5 (lowers risk)
502129,2024-06,1,0.014,0,Low,App sessions (last 3m) = 8 (lowers risk); Months since last purchase = 0 (lowers risk); Promo share of purchases = 0.11 (lowers risk)
501787,2024-06,1,0.0139,0,Low,Months since last purchase = 0 (lowers risk); Promo share of purchases = 0.18 (lowers risk); Transactions (last 3m) = 13 (lowers risk)
500466,2024-06,1,0.0139,0,Low,Emails opened (last 3m) = 6 (lowers risk); App sessions (last 3m) = 7 (lowers risk); Months since last purchase = 0 (lowers risk)
500292,2024-06,1,0.0139,0,Low,Months since last purchase = 0 (lowers risk); Coupons redeemed (last 3m) = 4 (lowers risk); App sessions (last 3m) = 5 (lowers risk)
502450,2024-06,1,0.0139,0,Low,Months since last purchase = 0 (lowers risk); Emails opened (last 3m) = 4 (lowers risk); Coupons redeemed (last 3m) = 2 (lowers risk)
502549,2024-06,1,0.0138,0,Low,App sessions (last 3m) = 10 (lowers risk); Emails opened (last 3m) = 5 (lowers risk); Months since last purchase = 0 (lowers risk)
500477,2024-06,1,0.0138,0,Low,Emails opened (last 3m) = 6 (lowers risk); App sessions (last 3m) = 7 (lowers risk); Months since last purchase = 0 (lowers risk)
501319,2024-06,1,0.0137,0,Low,Months since last purchase = 0 (lowers risk); Transactions (last month) = 2 (raises risk); Coupons redeemed (last 3m) = 2 (lowers risk)
500200,2024-06,1,0.0136,0,Low,Months since last purchase = 0 (lowers risk); Emails opened (last 3m) = 4 (lowers risk); Transactions (last month) = 4 (lowers risk)
502322,2024-06,1,0.0135,0,Low,App sessions (last 3m) = 11 (lowers risk); Months since last purchase = 0 (lowers risk); Coupons redeemed (last 3m) = 4 (lowers risk)
500491,2024-06,1,0.0135,0,Low,App sessions (last 3m) = 10 (lowers risk); Months since last purchase = 0 (lowers risk); Transactions (last 3m) = 13 (lowers risk)
501896,2024-06,1,0.0135,0,Low,Months since last purchase = 0 (lowers risk); Spend (last 3m) = 496.22 (lowers risk); Transactions (last 3m) = 15 (lowers risk)
501960,2024-06,1,0.0134,0,Low,Months since last purchase = 0 (lowers risk); Coupons redeemed (last 3m) = 3 (lowers risk); Coupons redeemed (last 6m) = 5 (lowers risk)
502143,2024-06,1,0.0134,0,Low,App sessions (last 3m) = 12 (lowers risk); Months since last purchase = 0 (lowers risk); Emails opened (last 3m) = 3 (lowers risk)
501264,2024-06,1,0.0134,0,Low,Months since last purchase = 0 (lowers risk); Coupons redeemed (last 3m) = 3 (lowers risk); Transactions (last 3m) = 13 (lowers risk)
502180,2024-06,1,0.0133,0,Low,App sessions (last 3m) = 8 (lowers risk); Months since last purchase = 0 (lowers risk); Emails opened (last 3m) = 3 (lowers risk)
500432,2024-06,1,0.0133,0,Low,Transactions (last month) = 1 (raises risk); Emails opened (last 3m) = 5 (lowers risk); Months since last purchase = 0 (lowers risk)
500233,2024-06,1,0.0133,0,Low,Transactions (last month) = 1 (raises risk); App sessions (last 3m) = 8 (lowers risk); Emails opened (last 3m) = 5 (lowers risk)
502083,2024-06,1,0.0131,0,Low,App sessions (last 3m) = 7 (lowers risk); Months since last purchase = 0 (lowers risk); Emails opened (last 3m) = 5 (lowers risk)
501345,2024-06,1,0.0131,0,Low,Months since last purchase = 0 (lowers risk); Promo share of purchases = 0.17 (lowers risk); App sessions (last 3m) = 6 (lowers risk)
502387,2024-06,1,0.013,0,Low,Emails opened (last 3m) = 6 (lowers risk); App sessions (last 3m) = 7 (lowers risk); Months since last purchase = 0 (lowers risk)
501657,2024-06,1,0.013,0,Low,Months since last purchase = 0 (lowers risk); Emails opened (last 3m) = 4 (lowers risk); Coupons redeemed (last 3m) = 2 (lowers risk)
501446,2024-06,1,0.013,0,Low,Months since last purchase = 0 (lowers risk); Emails opened (last 3m) = 4 (lowers risk); Coupons redeemed (last 3m) = 3 (lowers risk)
501952,2024-06,1,0.0129,0,Low,App sessions (last 3m) = 9 (lowers risk); Months since last purchase = 0 (lowers risk); Emails opened (last 3m) = 0 (raises risk)
500528,2024-06,1,0.0128,0,Low,Months since last purchase = 0 (lowers risk); Emails opened (last 3m) = 3 (lowers risk); Promo share of purchases = 0.2 (lowers risk)
502179,2024-06,1,0.0128,0,Low,Months since last purchase = 0 (lowers risk); Emails opened (last 3m) = 3 (lowers risk); Coupons redeemed (last 3m) = 2 (lowers risk)
502543,2024-06,1,0.0128,0,Low,Months since last purchase = 0 (lowers risk); Emails opened (last 3m) = 4 (lowers risk); Promo share of purchases = 0.22 (lowers risk)
500359,2024-06,1,0.0128,0,Low,Transactions (last month) = 1 (raises risk); App sessions (last 3m) = 7 (lowers risk); Months since last purchase = 0 (lowers risk)
501779,2024-06,1,0.0127,0,Low,App sessions (last 3m) = 7 (lowers risk); Months since last purchase = 0 (lowers risk); Emails opened (last 3m) = 5 (lowers risk)
500010,2024-06,1,0.0127,0,Low,Months since last purchase = 0 (lowers risk); Coupons redeemed (last 3m) = 2 (lowers risk); Coupons redeemed (last 6m) = 6 (lowers risk)
500660,2024-06,1,0.0126,0,Low,App sessions (last 3m) = 9 (lowers risk); Months since last purchase = 0 (lowers risk); Promo share of purchases = 0.17 (lowers risk)
502282,2024-06,1,0.0126,0,Low,App sessions (last 3m) = 7 (lowers risk); Months since last purchase = 0 (lowers risk); Emails opened (last 3m) = 5 (lowers risk)
500206,2024-06,1,0.0126,0,Low,App sessions (last 3m) = 11 (lowers risk); Months since last purchase = 0 (lowers risk); Coupons redeemed (last 3m) = 3 (lowers risk)
501529,2024-06,1,0.0125,0,Low,Months since last purchase = 0 (lowers risk); Emails opened (last 3m) = 4 (lowers risk); Promo share of purchases = 0.15 (lowers risk)
502136,2024-06,1,0.0125,0,Low,Emails opened (last 3m) = 7 (lowers risk); Months since last purchase = 0 (lowers risk); Promo share of purchases = 0.18 (lowers risk)
501557,2024-06,1,0.0125,0,Low,Months since last purchase = 0 (lowers risk); Emails opened (last 3m) = 5 (lowers risk); Transactions (last 3m) = 13 (lowers risk)
501800,2024-06,1,0.0124,0,Low,Transactions (last month) = 9 (lowers risk); App-session trend = 0.25 (raises risk); Months since last purchase = 0 (lowers risk)
502441,2024-06,1,0.0122,0,Low,Emails opened (last 3m) = 6 (lowers risk); Months since last purchase = 0 (lowers risk); Transactions (last 3m) = 3 (raises risk)
502531,2024-06,1,0.0122,0,Low,App sessions (last 3m) = 9 (lowers risk); Months since last purchase = 0 (lowers risk); Spend (last 3m) = 513.17 (lowers risk)
500194,2024-06,1,0.0122,0,Low,App sessions (last 3m) = 7 (lowers risk); Months since last purchase = 0 (lowers risk); Coupons redeemed (last 3m) = 3 (lowers risk)
500369,2024-06,1,0.0122,0,Low,Transactions (last month) = 8 (lowers risk); App-session trend = 0.25 (raises risk); Spend (last 3m) = 682.73 (lowers risk)
500843,2024-06,1,0.0121,0,Low,App sessions (last 3m) = 11 (lowers risk); Months since last purchase = 0 (lowers risk); Transactions (last month) = 2 (raises risk)
501717,2024-06,1,0.0121,0,Low,App sessions (last 3m) = 9 (lowers risk); Months since last purchase = 0 (lowers risk); Emails opened (last 3m) = 3 (lowers risk)
500191,2024-06,1,0.012,0,Low,Months since last purchase = 0 (lowers risk); Spend (last 3m) = 501.15 (lowers risk); App sessions (last 3m) = 5 (lowers risk)
501916,2024-06,1,0.012,0,Low,Months since last purchase = 0 (lowers risk); Coupons redeemed (last 3m) = 2 (lowers risk); Coupons redeemed (last 6m) = 6 (lowers risk)
502094,2024-06,1,0.012,0,Low,App sessions (last 3m) = 11 (lowers risk); Emails opened (last 3m) = 7 (lowers risk); Months since last purchase = 0 (lowers risk)
502422,2024-06,1,0.012,0,Low,Months since last purchase = 0 (lowers risk); Emails opened (last 3m) = 5 (lowers risk); Transactions (last month) = 2 (raises risk)
502577,2024-06,1,0.0119,0,Low,App sessions (last 3m) = 8 (lowers risk); Emails opened (last 3m) = 7 (lowers risk); Months since last purchase = 0 (lowers risk)
502496,2024-06,1,0.0119,0,Low,Months since last purchase = 0 (lowers risk); Promo share of purchases = 0.44 (lowers risk); Transactions (last month) = 2 (raises risk)
501365,2024-06,1,0.0118,0,Low,App sessions (last 3m) = 10 (lowers risk); Months since last purchase = 0 (lowers risk); Coupons redeemed (last 3m) = 2 (lowers risk)
501719,2024-06,1,0.0118,0,Low,Emails opened (last 3m) = 6 (lowers risk); Months since last purchase = 0 (lowers risk); Coupons redeemed (last 3m) = 3 (lowers risk)
501076,2024-06,1,0.0117,0,Low,App sessions (last 3m) = 8 (lowers risk); Months since last purchase = 0 (lowers risk); Coupons redeemed (last 3m) = 3 (lowers risk)
500427,2024-06,1,0.0117,0,Low,Transactions (last month) = 1 (raises risk); App sessions (last 3m) = 7 (lowers risk); Emails opened (last 3m) = 4 (lowers risk)
500007,2024-06,1,0.0117,0,Low,Transactions (last month) = 1 (raises risk); Spend (last 3m) = 534.26 (lowers risk); Months since last purchase = 0 (lowers risk)
502580,2024-06,1,0.0116,0,Low,Transactions (last month) = 11 (lowers risk); Months since last purchase = 0 (lowers risk); App-session trend = 0.25 (raises risk)
500559,2024-06,1,0.0115,0,Low,Months since last purchase = 0 (lowers risk); Emails opened (last 3m) = 5 (lowers risk); App sessions (last 3m) = 6 (lowers risk)
501328,2024-06,1,0.0115,0,Low,Months since last purchase = 0 (lowers risk); Promo share of purchases = 0.16 (lowers risk); Coupons redeemed (last 3m) = 2 (lowers risk)
501854,2024-06,1,0.0115,0,Low,Months since last purchase = 0 (lowers risk); Coupons redeemed (last 3m) = 4 (lowers risk); Emails opened (last 3m) = 4 (lowers risk)
501123,2024-06,1,0.0115,0,Low,App sessions (last 3m) = 8 (lowers risk); Support tickets (last 3m) = 2 (raises risk); Months since last purchase = 0 (lowers risk)
500103,2024-06,1,0.0114,0,Low,Months since last purchase = 0 (lowers risk); Emails opened (last 3m) = 3 (lowers risk); Promo share of purchases = 0.17 (lowers risk)
501191,2024-06,1,0.0114,0,Low,Transactions (last 3m) = 18 (lowers risk); Months since last purchase = 0 (lowers risk); Emails opened (last 3m) = 4 (lowers risk)
502476,2024-06,1,0.0114,0,Low,Transactions (last month) = 5 (lowers risk); Months since last purchase = 0 (lowers risk); App sessions (last 3m) = 4 (lowers risk)
501471,2024-06,1,0.0114,0,Low,Months since last purchase = 0 (lowers risk); Transactions (last 3m) = 15 (lowers risk); Coupons redeemed (last 3m) = 2 (lowers risk)
501923,2024-06,1,0.0113,0,Low,Spend (last 3m) = 575.4 (lowers risk); Months since last purchase = 0 (lowers risk); Transactions (last 3m) = 16 (lowers risk)
501819,2024-06,1,0.0113,0,Low,Months since last purchase = 0 (lowers risk); Emails opened (last 3m) = 4 (lowers risk); Coupons redeemed (last 6m) = 5 (lowers risk)
501699,2024-06,1,0.0113,0,Low,Emails opened (last 3m) = 7 (lowers risk); Months since last purchase = 0 (lowers risk); Transactions (last month) = 4 (lowers risk)
501927,2024-06,1,0.0112,0,Low,Transactions (last month) = 6 (lowers risk); Months since last purchase = 0 (lowers risk); App-session trend = 0.33 (raises risk)
501943,2024-06,1,0.0112,0,Low,Months since last purchase = 0 (lowers risk); Coupons redeemed (last 3m) = 3 (lowers risk); Transactions (last month) = 2 (raises risk)
502317,2024-06,1,0.0112,0,Low,Transactions (last month) = 6 (lowers risk); Months since last purchase = 0 (lowers risk); App sessions per purchase = 0.06 (raises risk)
502233,2024-06,1,0.0112,0,Low,Months since last purchase = 0 (lowers risk); Coupons redeemed (last 3m) = 2 (lowers risk); App sessions (last 3m) = 4 (lowers risk)
502195,2024-06,1,0.0112,0,Low,Months since last purchase = 0 (lowers risk); Emails opened (last 3m) = 4 (lowers risk); App sessions (last 3m) = 6 (lowers risk)
501269,2024-06,1,0.011,0,Low,Months since last purchase = 0 (lowers risk); Coupons redeemed (last 3m) = 3 (lowers risk); Promo share of purchases = 0.43 (lowers risk)
500744,2024-06,1,0.011,0,Low,Emails opened (last 3m) = 9 (lowers risk); Spend (last 3m) = 701.24 (lowers risk); Transactions (last 3m) = 16 (lowers risk)
502360,2024-06,1,0.011,0,Low,App sessions (last 3m) = 8 (lowers risk); Months since last purchase = 0 (lowers risk); Coupons redeemed (last 3m) = 2 (lowers risk)
502090,2024-06,1,0.0109,0,Low,App sessions (last 3m) = 9 (lowers risk); Months since last purchase = 0 (lowers risk); Emails opened (last 3m) = 3 (lowers risk)
501793,2024-06,1,0.0109,0,Low,Months since last purchase = 0 (lowers risk); Emails opened (last 3m) = 3 (lowers risk); Promo share of purchases = 0.21 (lowers risk)
501428,2024-06,1,0.0109,0,Low,App sessions (last 3m) = 12 (lowers risk); Months since last purchase = 0 (lowers risk); Emails opened (last 3m) = 4 (lowers risk)
501458,2024-06,1,0.0109,0,Low,Months since last purchase = 0 (lowers risk); Coupons redeemed (last 3m) = 2 (lowers risk); App sessions (last 3m) = 5 (lowers risk)
500142,2024-06,1,0.0109,0,Low,App sessions (last 3m) = 14 (lowers risk); Months since last purchase = 0 (lowers risk); Transactions (last month) = 2 (raises risk)
502002,2024-06,1,0.0109,0,Low,Transactions (last month) = 0 (raises risk); App sessions (last 3m) = 7 (lowers risk); Spend (last 3m) = 532.51 (lowers risk)
500837,2024-06,1,0.0109,0,Low,Transactions (last 3m) = 16 (lowers risk); Months since last purchase = 0 (lowers risk); Coupons redeemed (last 3m) = 2 (lowers risk)
501963,2024-06,1,0.0108,0,Low,App sessions (last 3m) = 11 (lowers risk); Months since last purchase = 0 (lowers risk); Promo share of purchases = 0.17 (lowers risk)
500789,2024-06,1,0.0108,0,Low,Emails opened (last 3m) = 8 (lowers risk); Months since last purchase = 0 (lowers risk); Promo share of purchases = 0.38 (lowers risk)
501002,2024-06,1,0.0108,0,Low,Transactions (last month) = 5 (lowers risk); Months since last purchase = 0 (lowers risk); App sessions per purchase = 0.05 (raises risk)
501078,2024-06,1,0.0107,0,Low,Transactions (last month) = 0 (raises risk); Emails opened (last 3m) = 8 (lowers risk); App sessions (last 3m) = 7 (lowers risk)
500931,2024-06,1,0.0107,0,Low,Emails opened (last 3m) = 6 (lowers risk); Months since last purchase = 0 (lowers risk); Coupons redeemed (last 6m) = 6 (lowers risk)
502399,2024-06,1,0.0106,0,Low,App sessions (last 3m) = 7 (lowers risk); Emails opened (last 3m) = 4 (lowers risk); Months since last purchase = 0 (lowers risk)
500556,2024-06,1,0.0106,0,Low,App sessions (last 3m) = 10 (lowers risk); Months since last purchase = 0 (lowers risk); Promo share of purchases = 0.19 (lowers risk)
502084,2024-06,1,0.0106,0,Low,Emails opened (last 3m) = 7 (lowers risk); Months since last purchase = 0 (lowers risk); Spend (last 3m) = 521.79 (lowers risk)
500515,2024-06,1,0.0106,0,Low,Months since last purchase = 0 (lowers risk); Emails opened (last 3m) = 5 (lowers risk); Coupons redeemed (last 3m) = 6 (lowers risk)
502532,2024-06,1,0.0105,0,Low,Months since last purchase = 0 (lowers risk); Emails opened (last 3m) = 4 (lowers risk); Coupons redeemed (last 3m) = 2 (lowers risk)
500638,2024-06,1,0.0105,0,Low,App sessions (last 3m) = 7 (lowers risk); Months since last purchase = 0 (lowers risk); Emails opened (last 3m) = 4 (lowers risk)
502297,2024-06,1,0.0105,0,Low,Months since last purchase = 0 (lowers risk); App sessions per purchase = 0.08 (raises risk); Months with no record (last 6) = 1 (lowers risk)
501011,2024-06,1,0.0104,0,Low,Emails opened (last 3m) = 7 (lowers risk); App sessions (last 3m) = 8 (lowers risk); Months since last purchase = 0 (lowers risk)
502067,2024-06,1,0.0104,0,Low,Months since last purchase = 0 (lowers risk); App sessions (last 3m) = 6 (lowers risk); Promo share of purchases = 0.42 (lowers risk)
500212,2024-06,1,0.0104,0,Low,Emails opened (last 3m) = 9 (lowers risk); Months since last purchase = 0 (lowers risk); App sessions (last 3m) = 3 (lowers risk)
500251,2024-06,1,0.0104,0,Low,App sessions (last 3m) = 8 (lowers risk); Months since last purchase = 0 (lowers risk); Transactions (last month) = 3 (raises risk)
500229,2024-06,1,0.0103,0,Low,Emails opened (last 3m) = 11 (lowers risk); Months since last purchase = 0 (lowers risk); Promo share of purchases = 0.38 (lowers risk)
501917,2024-06,1,0.0103,0,Low,Emails opened (last 3m) = 7 (lowers risk); App sessions (last 3m) = 0 (raises risk); Months since last purchase = 0 (lowers risk)
501488,2024-06,1,0.0102,0,Low,Months since last purchase = 0 (lowers risk); Coupons redeemed (last 3m) = 3 (lowers risk); App sessions (last 3m) = 6 (lowers risk)
500919,2024-06,1,0.0102,0,Low,App sessions (last 3m) = 7 (lowers risk); Months since last purchase = 0 (lowers risk); Emails opened (last 3m) = 5 (lowers risk)
501302,2024-06,1,0.0101,0,Low,App sessions (last 3m) = 7 (lowers risk); Emails opened (last 3m) = 5 (lowers risk); Months since last purchase = 0 (lowers risk)
500852,2024-06,1,0.0101,0,Low,App sessions (last 3m) = 11 (lowers risk); Months since last purchase = 0 (lowers risk); Transactions (last 3m) = 12 (lowers risk)
501572,2024-06,1,0.0101,0,Low,App sessions (last 3m) = 18 (lowers risk); Spend (last 3m) = 890.04 (lowers risk); Months since last purchase = 0 (lowers risk)
501541,2024-06,1,0.0101,0,Low,Emails opened (last 3m) = 5 (lowers risk); Months since last purchase = 0 (lowers risk); Promo share of purchases = 0.18 (lowers risk)
500537,2024-06,1,0.0101,0,Low,App sessions (last 3m) = 10 (lowers risk); Months since last purchase = 0 (lowers risk); Emails opened (last 3m) = 4 (lowers risk)
501292,2024-06,1,0.01,0,Low,Months since last purchase = 0 (lowers risk); Emails opened (last 3m) = 3 (lowers risk); App sessions (last 3m) = 5 (lowers risk)
500953,2024-06,1,0.01,0,Low,Months since last purchase = 0 (lowers risk); Coupons redeemed (last 3m) = 4 (lowers risk); Promo share of purchases = 0.4 (lowers risk)
502523,2024-06,1,0.01,0,Low,Months since last purchase = 0 (lowers risk); Coupons redeemed (last 3m) = 3 (lowers risk); Emails opened (last 3m) = 3 (lowers risk)
501226,2024-06,1,0.0099,0,Low,Months since last purchase = 0 (lowers risk); Spend (last 3m) = 594.96 (lowers risk); Transactions (last 3m) = 14 (lowers risk)
500238,2024-06,1,0.0099,0,Low,App sessions (last 3m) = 8 (lowers risk); Months since last purchase = 0 (lowers risk); Transactions (last 3m) = 14 (lowers risk)
502390,2024-06,1,0.0099,0,Low,Emails opened (last 3m) = 5 (lowers risk); Spend (last 3m) = 492.77 (lowers risk); Months since last purchase = 0 (lowers risk)
500908,2024-06,1,0.0099,0,Low,App sessions (last 3m) = 9 (lowers risk); Months since last purchase = 0 (lowers risk); Coupons redeemed (last 3m) = 3 (lowers risk)
502477,2024-06,1,0.0099,0,Low,Transactions (last month) = 5 (lowers risk); Months since last purchase = 0 (lowers risk); App sessions (last 3m) = 3 (lowers risk)
500224,2024-06,1,0.0098,0,Low,Emails opened (last 3m) = 6 (lowers risk); Months since last purchase = 0 (lowers risk); Coupons redeemed (last 3m) = 4 (lowers risk)
501035,2024-06,1,0.0097,0,Low,App sessions (last 3m) = 8 (lowers risk); Months since last purchase = 0 (lowers risk); Emails opened (last 3m) = 4 (lowers risk)
501816,2024-06,1,0.0096,0,Low,App sessions (last 3m) = 9 (lowers risk); Support tickets (last 3m) = 2 (raises risk); Spend (last 3m) = 699.13 (lowers risk)
501726,2024-06,1,0.0096,0,Low,Transactions (last month) = 7 (lowers risk); Spend (last 3m) = 578.91 (lowers risk); Months since last purchase = 0 (lowers risk)
501711,2024-06,1,0.0096,0,Low,Emails opened (last 3m) = 5 (lowers risk); Months since last purchase = 0 (lowers risk); Coupons redeemed (last 3m) = 2 (lowers risk)
500555,2024-06,1,0.0096,0,Low,Emails opened (last 3m) = 7 (lowers risk); Months since last purchase = 0 (lowers risk); Promo share of purchases = 0.15 (lowers risk)
500932,2024-06,1,0.0095,0,Low,Months since last purchase = 0 (lowers risk); Emails opened (last 3m) = 3 (lowers risk); Coupons redeemed (last 3m) = 3 (lowers risk)
501044,2024-06,1,0.0095,0,Low,Months since last purchase = 0 (lowers risk); Promo share of purchases = 0.06 (lowers risk); Transactions (last 3m) = 3 (raises risk)
501273,2024-06,1,0.0095,0,Low,Months since last purchase = 0 (lowers risk); Coupons redeemed (last 3m) = 5 (lowers risk); Emails opened (last 3m) = 3 (lowers risk)
501147,2024-06,1,0.0095,0,Low,Emails opened (last 3m) = 6 (lowers risk); Months since last purchase = 0 (lowers risk); Transactions (last month) = 2 (raises risk)
501043,2024-06,1,0.0095,0,Low,App sessions (last 3m) = 9 (lowers risk); Months since last purchase = 0 (lowers risk); Transactions (last month) = 4 (lowers risk)
500708,2024-06,1,0.0095,0,Low,Months since last purchase = 0 (lowers risk); Emails opened (last 3m) = 3 (lowers risk); Coupons redeemed (last 3m) = 2 (lowers risk)
501390,2024-06,1,0.0095,0,Low,App sessions (last 3m) = 8 (lowers risk); Months since last purchase = 0 (lowers risk); Coupons redeemed (last 3m) = 2 (lowers risk)
502568,2024-06,1,0.0094,0,Low,Months since last purchase = 0 (lowers risk); Coupons redeemed (last 3m) = 2 (lowers risk); Promo share of purchases = 0.42 (lowers risk)
500565,2024-06,1,0.0094,0,Low,App sessions (last 3m) = 10 (lowers risk); Months since last purchase = 0 (lowers risk); Spend (last 3m) = 464.61 (lowers risk)
501040,2024-06,1,0.0094,0,Low,Months since last purchase = 0 (lowers risk); Coupons redeemed (last 3m) = 2 (lowers risk); Transactions (last 3m) = 12 (lowers risk)
502204,2024-06,1,0.0094,0,Low,Months since last purchase = 0 (lowers risk); Coupons redeemed (last 3m) = 6 (lowers risk); Promo share of purchases = 0.21 (lowers risk)
501450,2024-06,1,0.0093,0,Low,App sessions (last 3m) = 12 (lowers risk); Months since last purchase = 0 (lowers risk); Transactions (last 3m) = 15 (lowers risk)
500761,2024-06,1,0.0093,0,Low,Spend (last 3m) = 840.96 (lowers risk); Transactions (last 3m) = 14 (lowers risk); Months since last purchase = 0 (lowers risk)
502416,2024-06,1,0.0093,0,Low,Months since last purchase = 0 (lowers risk); Coupons redeemed (last 6m) = 6 (lowers risk); Coupons redeemed (last 3m) = 2 (lowers risk)
501111,2024-06,1,0.0093,0,Low,Months since last purchase = 0 (lowers risk); Emails opened (last 3m) = 4 (lowers risk); Coupons redeemed (last 3m) = 3 (lowers risk)
501597,2024-06,1,0.0092,0,Low,Emails opened (last 3m) = 7 (lowers risk); Months since last purchase = 0 (lowers risk); Coupons redeemed (last 3m) = 3 (lowers risk)
502196,2024-06,1,0.0092,0,Low,Months since last purchase = 0 (lowers risk); Coupons redeemed (last 3m) = 5 (lowers risk); App sessions (last 3m) = 4 (lowers risk)
501305,2024-06,1,0.0092,0,Low,Emails opened (last 3m) = 7 (lowers risk); Months since last purchase = 0 (lowers risk); Coupons redeemed (last 3m) = 3 (lowers risk)
501845,2024-06,1,0.0092,0,Low,Emails opened (last 3m) = 5 (lowers risk); Months since last purchase = 0 (lowers risk); Transactions (last month) = 2 (raises risk)
502514,2024-06,1,0.0092,0,Low,Emails opened (last 3m) = 5 (lowers risk); Months since last purchase = 0 (lowers risk); Coupons redeemed (last 3m) = 3 (lowers risk)
501967,2024-06,1,0.0091,0,Low,App sessions (last 3m) = 9 (lowers risk); Months since last purchase = 0 (lowers risk); Emails opened (last 3m) = 3 (lowers risk)
501714,2024-06,1,0.0091,0,Low,Support tickets (last 3m) = 2 (raises risk); Spend (last 3m) = 557.81 (lowers risk); App sessions (last 3m) = 15 (lowers risk)
500308,2024-06,1,0.0091,0,Low,Transactions (last month) = 5 (lowers risk); Support tickets (last 3m) = 2 (raises risk); Months since last purchase = 0 (lowers risk)
500546,2024-06,1,0.0091,0,Low,Emails opened (last 3m) = 6 (lowers risk); App sessions (last 3m) = 9 (lowers risk); Months since last purchase = 0 (lowers risk)
500601,2024-06,1,0.009,0,Low,Months since last purchase = 0 (lowers risk); Promo share of purchases = 0.17 (lowers risk); Coupons redeemed (last 3m) = 3 (lowers risk)
501032,2024-06,1,0.009,0,Low,Emails opened (last 3m) = 10 (lowers risk); Months since last purchase = 0 (lowers risk); Promo share of purchases = 0.17 (lowers risk)
500033,2024-06,1,0.009,0,Low,Transactions (last month) = 1 (raises risk); App sessions (last 3m) = 14 (lowers risk); Emails opened (last 3m) = 5 (lowers risk)
500166,2024-06,1,0.009,0,Low,Transactions (last month) = 1 (raises risk); Emails opened (last 3m) = 9 (lowers risk); App sessions (last 3m) = 7 (lowers risk)
500890,2024-06,1,0.0089,0,Low,Months since last purchase = 0 (lowers risk); Coupons redeemed (last 3m) = 2 (lowers risk); Transactions (last month) = 2 (raises risk)
501773,2024-06,1,0.0089,0,Low,Months since last purchase = 0 (lowers risk); Emails opened (last 3m) = 5 (lowers risk); Transactions (last month) = 2 (raises risk)
500620,2024-06,1,0.0088,0,Low,Emails opened (last 3m) = 5 (lowers risk); Months since last purchase = 0 (lowers risk); Promo share of purchases = 0.17 (lowers risk)
501090,2024-06,1,0.0088,0,Low,Transactions (last month) = 5 (lowers risk); Support tickets (last 3m) = 2 (raises risk); Emails opened (last 3m) = 6 (lowers risk)
501671,2024-06,1,0.0088,0,Low,Transactions (last month) = 5 (lowers risk); Support tickets (last 3m) = 2 (raises risk); Months since last purchase = 0 (lowers risk)
500999,2024-06,1,0.0088,0,Low,Transactions (last month) = 5 (lowers risk); Months since last purchase = 0 (lowers risk); App sessions (last 3m) = 5 (lowers risk)
501628,2024-06,1,0.0087,0,Low,Months since last purchase = 0 (lowers risk); App sessions (last 3m) = 6 (lowers risk); Emails opened (last 3m) = 3 (lowers risk)
502250,2024-06,1,0.0087,0,Low,App sessions (last 3m) = 8 (lowers risk); Months since last purchase = 0 (lowers risk); Coupons redeemed (last 3m) = 3 (lowers risk)
500963,2024-06,1,0.0087,0,Low,Months since last purchase = 0 (lowers risk); Emails opened (last 3m) = 5 (lowers risk); Transactions (last month) = 4 (lowers risk)
501340,2024-06,1,0.0086,0,Low,Emails opened (last 3m) = 6 (lowers risk); Months since last purchase = 0 (lowers risk); Coupons redeemed (last 3m) = 3 (lowers risk)
500593,2024-06,1,0.0086,0,Low,App sessions (last 3m) = 8 (lowers risk); Months since last purchase = 0 (lowers risk); Promo share of purchases = 0.2 (lowers risk)
502034,2024-06,1,0.0085,0,Low,Transactions (last month) = 5 (lowers risk); Months since last purchase = 0 (lowers risk); Coupons redeemed (last 3m) = 2 (lowers risk)
500800,2024-06,1,0.0085,0,Low,Months since last purchase = 0 (lowers risk); Transactions (last 3m) = 14 (lowers risk); Coupons redeemed (last 3m) = 3 (lowers risk)
502016,2024-06,1,0.0084,0,Low,Months since last purchase = 0 (lowers risk); Emails opened (last 3m) = 3 (lowers risk); App sessions (last 3m) = 4 (lowers risk)
501370,2024-06,1,0.0084,0,Low,Months since last purchase = 0 (lowers risk); Emails opened (last 3m) = 3 (lowers risk); App sessions (last 3m) = 5 (lowers risk)
501584,2024-06,1,0.0083,0,Low,Emails opened (last 3m) = 6 (lowers risk); Months since last purchase = 0 (lowers risk); Promo share of purchases = 0.21 (lowers risk)
501826,2024-06,1,0.0083,0,Low,Months since last purchase = 0 (lowers risk); Coupons redeemed (last 3m) = 2 (lowers risk); Transactions (last 3m) = 12 (lowers risk)
501079,2024-06,1,0.0082,0,Low,App sessions (last 3m) = 7 (lowers risk); Months since last purchase = 0 (lowers risk); Coupons redeemed (last 3m) = 2 (lowers risk)
502594,2024-06,1,0.0082,0,Low,Months since last purchase = 0 (lowers risk); Transactions (last month) = 2 (raises risk); Coupons redeemed (last 3m) = 2 (lowers risk)
500710,2024-06,1,0.0082,0,Low,Transactions (last month) = 0 (raises risk); App sessions (last 3m) = 9 (lowers risk); Spend (last 3m) = 592.55 (lowers risk)
500656,2024-06,1,0.0081,0,Low,Months since last purchase = 0 (lowers risk); Transactions (last 3m) = 17 (lowers risk); Coupons redeemed (last 3m) = 4 (lowers risk)
500633,2024-06,1,0.0081,0,Low,Months since last purchase = 0 (lowers risk); Emails opened (last 3m) = 4 (lowers risk); Coupons redeemed (last 3m) = 4 (lowers risk)
502138,2024-06,1,0.0081,0,Low,Coupons redeemed (last 3m) = 4 (lowers risk); Months since last purchase = 0 (lowers risk); App sessions (last 3m) = 5 (lowers risk)
501782,2024-06,1,0.0081,0,Low,Emails opened (last 3m) = 6 (lowers risk); Months since last purchase = 0 (lowers risk); Coupons redeemed (last 3m) = 2 (lowers risk)
500507,2024-06,1,0.0081,0,Low,Months since last purchase = 0 (lowers risk); Emails opened (last 3m) = 5 (lowers risk); Coupons redeemed (last 3m) = 3 (lowers risk)
501528,2024-06,1,0.0081,0,Low,Months since last purchase = 0 (lowers risk); App-session trend = 0.3 (raises risk); Emails opened (last 3m) = 3 (lowers risk)
500880,2024-06,1,0.008,0,Low,App sessions (last 3m) = 11 (lowers risk); Months since last purchase = 0 (lowers risk); Emails opened (last 3m) = 3 (lowers risk)
501430,2024-06,1,0.0079,0,Low,Transactions (last month) = 6 (lowers risk); Spend (last 3m) = 622.48 (lowers risk); Support tickets (last 3m) = 2 (raises risk)
501931,2024-06,1,0.0079,0,Low,Months since last purchase = 0 (lowers risk); Transactions (last 3m) = 16 (lowers risk); Coupons redeemed (last 3m) = 5 (lowers risk)
502212,2024-06,1,0.0078,0,Low,Emails opened (last 3m) = 8 (lowers risk); Months since last purchase = 0 (lowers risk); Promo share of purchases = 0.11 (lowers risk)
500011,2024-06,1,0.0078,0,Low,App sessions (last 3m) = 9 (lowers risk); Months since last purchase = 0 (lowers risk); Coupons redeemed (last 3m) = 2 (lowers risk)
502023,2024-06,1,0.0078,0,Low,Months since last purchase = 0 (lowers risk); Coupons redeemed (last 3m) = 4 (lowers risk); Emails opened (last 3m) = 3 (lowers risk)
500078,2024-06,1,0.0077,0,Low,Transactions (last month) = 5 (lowers risk); Months since last purchase = 0 (lowers risk); Coupons redeemed (last 3m) = 3 (lowers risk)
500288,2024-06,1,0.0077,0,Low,Months since last purchase = 0 (lowers risk); Emails opened (last 3m) = 3 (lowers risk); Promo share of purchases = 0.2 (lowers risk)
500059,2024-06,1,0.0077,0,Low,App sessions (last 3m) = 7 (lowers risk); Months since last purchase = 0 (lowers risk); Transactions (last 3m) = 15 (lowers risk)
500668,2024-06,1,0.0077,0,Low,App sessions (last 3m) = 14 (lowers risk); Months since last purchase = 0 (lowers risk); Transactions (last 3m) = 16 (lowers risk)
501362,2024-06,1,0.0077,0,Low,App sessions (last 3m) = 11 (lowers risk); Spend (last 3m) = 620.69 (lowers risk); Transactions (last 3m) = 18 (lowers risk)
501503,2024-06,1,0.0077,0,Low,Emails opened (last 3m) = 6 (lowers risk); Months since last purchase = 0 (lowers risk); Coupons redeemed (last 3m) = 4 (lowers risk)
500307,2024-06,1,0.0077,0,Low,App sessions (last 3m) = 13 (lowers risk); Months since last purchase = 0 (lowers risk); Coupons redeemed (last 3m) = 2 (lowers risk)
500183,2024-06,1,0.0077,0,Low,Months since last purchase = 0 (lowers risk); Emails opened (last 3m) = 5 (lowers risk); App sessions per purchase = 0.08 (raises risk)
501712,2024-06,1,0.0076,0,Low,App sessions (last 3m) = 7 (lowers risk); Months since last purchase = 0 (lowers risk); Promo share of purchases = 0.13 (lowers risk)
501232,2024-06,1,0.0076,0,Low,Emails opened (last 3m) = 6 (lowers risk); Months since last purchase = 0 (lowers risk); App sessions (last 3m) = 14 (lowers risk)
500332,2024-06,1,0.0076,0,Low,Spend (last 3m) = 847.77 (lowers risk); Months since last purchase = 0 (lowers risk); Transactions (last 3m) = 14 (lowers risk)
502239,2024-06,1,0.0076,0,Low,Transactions (last month) = 1 (raises risk); App sessions (last 3m) = 8 (lowers risk); Emails opened (last 3m) = 5 (lowers risk)
502257,2024-06,1,0.0076,0,Low,App sessions (last 3m) = 7 (lowers risk); Months since last purchase = 0 (lowers risk); Promo share of purchases = 0.19 (lowers risk)
500287,2024-06,1,0.0076,0,Low,Spend (last 3m) = 560.11 (lowers risk); Emails opened (last 3m) = 5 (lowers risk); Months since last purchase = 0 (lowers risk)
501593,2024-06,1,0.0075,0,Low,App sessions (last 3m) = 13 (lowers risk); Months since last purchase = 0 (lowers risk); Coupons redeemed (last 3m) = 4 (lowers risk)
502210,2024-06,1,0.0075,0,Low,Spend (last 3m) = 631.3 (lowers risk); Months since last purchase = 0 (lowers risk); Transactions (last 3m) = 14 (lowers risk)
500009,2024-06,1,0.0075,0,Low,Months since last purchase = 0 (lowers risk); Coupons redeemed (last 3m) = 3 (lowers risk); Promo share of purchases = 0.2 (lowers risk)
502072,2024-06,1,0.0074,0,Low,Months since last purchase = 0 (lowers risk); Emails opened (last 3m) = 4 (lowers risk); Coupons redeemed (last 3m) = 3 (lowers risk)
500520,2024-06,1,0.0074,0,Low,Spend (last 3m) = 576.35 (lowers risk); Months since last purchase = 0 (lowers risk); Transactions (last 3m) = 13 (lowers risk)
501460,2024-06,1,0.0074,0,Low,Emails opened (last 3m) = 6 (lowers risk); App sessions (last 3m) = 7 (lowers risk); Months since last purchase = 0 (lowers risk)
501357,2024-06,1,0.0073,0,Low,Months since last purchase = 0 (lowers risk); Transactions (last 3m) = 16 (lowers risk); App sessions (last 3m) = 5 (lowers risk)
502130,2024-06,1,0.0073,0,Low,App sessions (last 3m) = 8 (lowers risk); Months since last purchase = 0 (lowers risk); Coupons redeemed (last 3m) = 4 (lowers risk)
501542,2024-06,1,0.0073,0,Low,App sessions (last 3m) = 8 (lowers risk); Months since last purchase = 0 (lowers risk); Transactions (last 3m) = 14 (lowers risk)
502488,2024-06,1,0.0073,0,Low,Transactions (last month) = 5 (lowers risk); Months since last purchase = 0 (lowers risk); Coupons redeemed (last 3m) = 6 (lowers risk)
502440,2024-06,1,0.0073,0,Low,App sessions (last 3m) = 8 (lowers risk); Months since last purchase = 0 (lowers risk); Transactions (last month) = 2 (raises risk)
501686,2024-06,1,0.0073,0,Low,App sessions (last 3m) = 7 (lowers risk); Months since last purchase = 0 (lowers risk); Spend (last 3m) = 472.37 (lowers risk)
502406,2024-06,1,0.0073,0,Low,Emails opened (last 3m) = 6 (lowers risk); Months since last purchase = 0 (lowers risk); Coupons redeemed (last 3m) = 2 (lowers risk)
501235,2024-06,1,0.0072,0,Low,App sessions (last 3m) = 7 (lowers risk); Months since last purchase = 0 (lowers risk); Emails opened (last 3m) = 4 (lowers risk)
501568,2024-06,1,0.0072,0,Low,App sessions (last 3m) = 11 (lowers risk); Spend (last 3m) = 727.51 (lowers risk); Transactions (last 3m) = 17 (lowers risk)
500940,2024-06,1,0.0071,0,Low,App sessions (last 3m) = 16 (lowers risk); Months since last purchase = 0 (lowers risk); Transactions (last 3m) = 20 (lowers risk)
502494,2024-06,1,0.0071,0,Low,Months since last purchase = 0 (lowers risk); Transactions (last month) = 4 (lowers risk); App sessions (last 3m) = 4 (lowers risk)
501115,2024-06,1,0.0071,0,Low,App sessions (last 3m) = 11 (lowers risk); Months since last purchase = 0 (lowers risk); Transactions (last 3m) = 14 (lowers risk)
501036,2024-06,1,0.0071,0,Low,Emails opened (last 3m) = 12 (lowers risk); Months since last purchase = 0 (lowers risk); Coupons redeemed (last 3m) = 2 (lowers risk)
501742,2024-06,1,0.007,0,Low,Months since last purchase = 0 (lowers risk); Spend (last 3m) = 501.33 (lowers risk); Emails opened (last 3m) = 4 (lowers risk)
500391,2024-06,1,0.007,0,Low,App sessions (last 3m) = 8 (lowers risk); Months since last purchase = 0 (lowers risk); Coupons redeemed (last 3m) = 2 (lowers risk)
500525,2024-06,1,0.007,0,Low,Months since last purchase = 0 (lowers risk); Emails opened (last 3m) = 3 (lowers risk); Promo share of purchases = 0.4 (lowers risk)
502120,2024-06,1,0.007,0,Low,Emails opened (last 3m) = 6 (lowers risk); Months since last purchase = 0 (lowers risk); App sessions (last 3m) = 5 (lowers risk)
502559,2024-06,1,0.007,0,Low,Months since last purchase = 0 (lowers risk); App sessions (last 3m) = 5 (lowers risk); Promo share of purchases = 0.2 (lowers risk)
500051,2024-06,1,0.0069,0,Low,App sessions (last 3m) = 7 (lowers risk); Months since last purchase = 0 (lowers risk); Transactions (last 3m) = 14 (lowers risk)
501093,2024-06,1,0.0069,0,Low,Emails opened (last 3m) = 6 (lowers risk); Months since last purchase = 0 (lowers risk); Coupons redeemed (last 3m) = 3 (lowers risk)
501174,2024-06,1,0.0069,0,Low,Emails opened (last 3m) = 5 (lowers risk); Months since last purchase = 0 (lowers risk); Coupons redeemed (last 3m) = 4 (lowers risk)
500104,2024-06,1,0.0069,0,Low,Emails opened (last 3m) = 8 (lowers risk); App sessions (last 3m) = 8 (lowers risk); Months since last purchase = 0 (lowers risk)
501263,2024-06,1,0.0069,0,Low,Transactions (last month) = 6 (lowers risk); App sessions per purchase = 0.06 (raises risk); Months since last purchase = 0 (lowers risk)
500258,2024-06,1,0.0069,0,Low,Months since last purchase = 0 (lowers risk); Emails opened (last 3m) = 5 (lowers risk); Coupons redeemed (last 3m) = 3 (lowers risk)
501996,2024-06,1,0.0069,0,Low,App sessions (last 3m) = 12 (lowers risk); Months since last purchase = 0 (lowers risk); Emails opened (last 3m) = 5 (lowers risk)
501222,2024-06,1,0.0069,0,Low,Months since last purchase = 0 (lowers risk); Emails opened (last 3m) = 5 (lowers risk); Transactions (last 3m) = 20 (lowers risk)
502355,2024-06,1,0.0069,0,Low,Transactions (last month) = 5 (lowers risk); Months since last purchase = 0 (lowers risk); App sessions (last 3m) = 6 (lowers risk)
502051,2024-06,1,0.0068,0,Low,App sessions (last 3m) = 9 (lowers risk); Months since last purchase = 0 (lowers risk); Coupons redeemed (last 3m) = 3 (lowers risk)
501720,2024-06,1,0.0068,0,Low,Spend (last 3m) = 627.28 (lowers risk); Months since last purchase = 0 (lowers risk); Emails opened (last 3m) = 4 (lowers risk)
501598,2024-06,1,0.0067,0,Low,Emails opened (last 3m) = 8 (lowers risk); Months since last purchase = 0 (lowers risk); Coupons redeemed (last 3m) = 2 (lowers risk)
500063,2024-06,1,0.0066,0,Low,Spend (last 3m) = 607.69 (lowers risk); Months since last purchase = 0 (lowers risk); Coupons redeemed (last 3m) = 3 (lowers risk)
502096,2024-06,1,0.0066,0,Low,Emails opened (last 3m) = 7 (lowers risk); Months since last purchase = 0 (lowers risk); App sessions (last 3m) = 6 (lowers risk)
501438,2024-06,1,0.0066,0,Low,Emails opened (last 3m) = 9 (lowers risk); Months since last purchase = 0 (lowers risk); Coupons redeemed (last 3m) = 2 (lowers risk)
501309,2024-06,1,0.0066,0,Low,Emails opened (last 3m) = 7 (lowers risk); App sessions (last 3m) = 7 (lowers risk); Months since last purchase = 0 (lowers risk)
501976,2024-06,1,0.0066,0,Low,App sessions (last 3m) = 11 (lowers risk); Months since last purchase = 0 (lowers risk); Emails opened (last 3m) = 5 (lowers risk)
501301,2024-06,1,0.0065,0,Low,Months since last purchase = 0 (lowers risk); Emails opened (last 3m) = 5 (lowers risk); Transactions (last 3m) = 14 (lowers risk)
500497,2024-06,1,0.0065,0,Low,App sessions (last 3m) = 7 (lowers risk); Spend (last 3m) = 709.98 (lowers risk); Months since last purchase = 0 (lowers risk)
501255,2024-06,1,0.0065,0,Low,Emails opened (last 3m) = 7 (lowers risk); Months since last purchase = 0 (lowers risk); Transactions (last 3m) = 16 (lowers risk)
501109,2024-06,1,0.0064,0,Low,Emails opened (last 3m) = 6 (lowers risk); Months since last purchase = 0 (lowers risk); Spend (last 3m) = 509.5 (lowers risk)
501550,2024-06,1,0.0064,0,Low,App sessions (last 3m) = 13 (lowers risk); Months since last purchase = 0 (lowers risk); Transactions (last 3m) = 13 (lowers risk)
501041,2024-06,1,0.0064,0,Low,Spend (last 3m) = 706.21 (lowers risk); Months since last purchase = 0 (lowers risk); Transactions (last 3m) = 21 (lowers risk)
501337,2024-06,1,0.0064,0,Low,Months since last purchase = 0 (lowers risk); Transactions (last 3m) = 16 (lowers risk); Spend (last 3m) = 486.27 (lowers risk)
501789,2024-06,1,0.0064,0,Low,Emails opened (last 3m) = 7 (lowers risk); App sessions (last 3m) = 12 (lowers risk); Months since last purchase = 0 (lowers risk)
502351,2024-06,1,0.0064,0,Low,App sessions (last 3m) = 10 (lowers risk); Emails opened (last 3m) = 6 (lowers risk); Months since last purchase = 0 (lowers risk)
501215,2024-06,1,0.0064,0,Low,App sessions (last 3m) = 8 (lowers risk); Months since last purchase = 0 (lowers risk); Transactions (last 3m) = 15 (lowers risk)
502402,2024-06,1,0.0064,0,Low,Spend (last 3m) = 651.49 (lowers risk); Months since last purchase = 0 (lowers risk); Transactions (last 3m) = 16 (lowers risk)
501157,2024-06,1,0.0063,0,Low,Transactions (last month) = 9 (lowers risk); Support tickets (last 3m) = 3 (raises risk); Transactions (last 3m) = 30 (lowers risk)
501880,2024-06,1,0.0063,0,Low,App sessions (last 3m) = 8 (lowers risk); Emails opened (last 3m) = 6 (lowers risk); Months since last purchase = 0 (lowers risk)
500551,2024-06,1,0.0063,0,Low,Transactions (last month) = 5 (lowers risk); App sessions (last 3m) = 9 (lowers risk); Support tickets (last 3m) = 2 (raises risk)
502271,2024-06,1,0.0063,0,Low,App sessions (last 3m) = 8 (lowers risk); Months since last purchase = 0 (lowers risk); Emails opened (last 3m) = 4 (lowers risk)
501611,2024-06,1,0.0063,0,Low,Spend (last 3m) = 530.78 (lowers risk); Months since last purchase = 0 (lowers risk); Transactions (last 3m) = 17 (lowers risk)
501721,2024-06,1,0.0063,0,Low,Months since last purchase = 0 (lowers risk); App sessions (last 3m) = 15 (lowers risk); Transactions (last 3m) = 15 (lowers risk)
500372,2024-06,1,0.0063,0,Low,App sessions (last 3m) = 7 (lowers risk); Months since last purchase = 0 (lowers risk); Coupons redeemed (last 3m) = 2 (lowers risk)
500299,2024-06,1,0.0063,0,Low,Emails opened (last 3m) = 8 (lowers risk); Months since last purchase = 0 (lowers risk); App sessions (last 3m) = 14 (lowers risk)
500558,2024-06,1,0.0063,0,Low,Emails opened (last 3m) = 7 (lowers risk); App sessions (last 3m) = 7 (lowers risk); Months since last purchase = 0 (lowers risk)
501321,2024-06,1,0.0062,0,Low,Emails opened (last 3m) = 10 (lowers risk); Months since last purchase = 0 (lowers risk); Transactions (last month) = 4 (lowers risk)
500859,2024-06,1,0.0062,0,Low,Transactions (last month) = 7 (lowers risk); Months since last purchase = 0 (lowers risk); Months with no record (last 6) = 1 (lowers risk)
500840,2024-06,1,0.0062,0,Low,Months since last purchase = 0 (lowers risk); Spend (last 3m) = 470.25 (lowers risk); Transactions (last 3m) = 12 (lowers risk)
500688,2024-06,1,0.0061,0,Low,Spend (last 3m) = 477.52 (lowers risk); Months since last purchase = 0 (lowers risk); Emails opened (last 3m) = 3 (lowers risk)
500002,2024-06,1,0.0061,0,Low,App sessions (last 3m) = 10 (lowers risk); Support tickets (last 3m) = 2 (raises risk); Spend (last 3m) = 653.28 (lowers risk)
501242,2024-06,1,0.0061,0,Low,Months since last purchase = 0 (lowers risk); Promo share of purchases = 0.17 (lowers risk); Emails opened (last 3m) = 3 (lowers risk)
501007,2024-06,1,0.0061,0,Low,Months since last purchase = 0 (lowers risk); Emails opened (last 3m) = 4 (lowers risk); App sessions (last 3m) = 6 (lowers risk)
500323,2024-06,1,0.0061,0,Low,App sessions (last 3m) = 8 (lowers risk); Months since last purchase = 0 (lowers risk); Coupons redeemed (last 3m) = 3 (lowers risk)
500858,2024-06,1,0.006,0,Low,Spend (last 3m) = 593.24 (lowers risk); Transactions (last 3m) = 20 (lowers risk); Months since last purchase = 0 (lowers risk)
502446,2024-06,1,0.006,0,Low,Transactions (last month) = 5 (lowers risk); Months since last purchase = 0 (lowers risk); Emails opened (last 3m) = 4 (lowers risk)
501487,2024-06,1,0.006,0,Low,App sessions (last 3m) = 11 (lowers risk); Months since last purchase = 0 (lowers risk); Promo share of purchases = 0.14 (lowers risk)
501512,2024-06,1,0.006,0,Low,Emails opened (last 3m) = 5 (lowers risk); Months since last purchase = 0 (lowers risk); Coupons redeemed (last 3m) = 4 (lowers risk)
500154,2024-06,1,0.0059,0,Low,Emails opened (last 3m) = 7 (lowers risk); App sessions (last 3m) = 10 (lowers risk); Months since last purchase = 0 (lowers risk)
501073,2024-06,1,0.0059,0,Low,App sessions (last 3m) = 13 (lowers risk); Months since last purchase = 0 (lowers risk); Emails opened (last 3m) = 4 (lowers risk)
500629,2024-06,1,0.0059,0,Low,App sessions (last 3m) = 8 (lowers risk); Months since last purchase = 0 (lowers risk); Spend (last 3m) = 576.31 (lowers risk)
502155,2024-06,1,0.0059,0,Low,App sessions (last 3m) = 14 (lowers risk); Months since last purchase = 0 (lowers risk); Transactions (last 3m) = 21 (lowers risk)
501315,2024-06,1,0.0059,0,Low,App sessions (last 3m) = 15 (lowers risk); Months since last purchase = 0 (lowers risk); Coupons redeemed (last 3m) = 2 (lowers risk)
501155,2024-06,1,0.0059,0,Low,Months since last purchase = 0 (lowers risk); Promo share of purchases = 0.18 (lowers risk); App sessions (last 3m) = 6 (lowers risk)
501797,2024-06,1,0.0058,0,Low,App sessions (last 3m) = 11 (lowers risk); Spend (last 3m) = 735.34 (lowers risk); Transactions (last 3m) = 19 (lowers risk)
502495,2024-06,1,0.0058,0,Low,App sessions (last 3m) = 7 (lowers risk); Months since last purchase = 0 (lowers risk); Transactions (last 3m) = 13 (lowers risk)
500073,2024-06,1,0.0057,0,Low,Emails opened (last 3m) = 6 (lowers risk); Months since last purchase = 0 (lowers risk); Promo share of purchases = 0.11 (lowers risk)
500435,2024-06,1,0.0057,0,Low,App sessions (last 3m) = 7 (lowers risk); Months since last purchase = 0 (lowers risk); Coupons redeemed (last 3m) = 2 (lowers risk)
500357,2024-06,1,0.0057,0,Low,App sessions (last 3m) = 13 (lowers risk); Emails opened (last 3m) = 6 (lowers risk); Months since last purchase = 0 (lowers risk)
500113,2024-06,1,0.0057,0,Low,App sessions (last 3m) = 7 (lowers risk); Months since last purchase = 0 (lowers risk); Transactions (last 3m) = 14 (lowers risk)
502061,2024-06,1,0.0056,0,Low,Spend (last 3m) = 560.04 (lowers risk); App sessions (last 3m) = 14 (lowers risk); Months since last purchase = 0 (lowers risk)
500208,2024-06,1,0.0056,0,Low,Months since last purchase = 0 (lowers risk); Coupons redeemed (last 3m) = 3 (lowers risk); Promo share of purchases = 0.17 (lowers risk)
501928,2024-06,1,0.0055,0,Low,App sessions (last 3m) = 8 (lowers risk); Months since last purchase = 0 (lowers risk); Spend (last 3m) = 513.5 (lowers risk)
502057,2024-06,1,0.0055,0,Low,Transactions (last month) = 6 (lowers risk); Months since last purchase = 0 (lowers risk); Spend (last 3m) = 1184.53 (lowers risk)
502417,2024-06,1,0.0055,0,Low,Months since last purchase = 0 (lowers risk); Transactions (last 3m) = 16 (lowers risk); Emails opened (last 3m) = 5 (lowers risk)
500542,2024-06,1,0.0055,0,Low,Transactions (last month) = 8 (lowers risk); Months since last purchase = 0 (lowers risk); Coupons redeemed (last 3m) = 2 (lowers risk)
502497,2024-06,1,0.0054,0,Low,App sessions (last 3m) = 9 (lowers risk); Months since last purchase = 0 (lowers risk); Promo share of purchases = 0.19 (lowers risk)
502171,2024-06,1,0.0054,0,Low,Transactions (last month) = 5 (lowers risk); Months since last purchase = 0 (lowers risk); App sessions (last 3m) = 6 (lowers risk)
501977,2024-06,1,0.0054,0,Low,App sessions (last 3m) = 10 (lowers risk); Months since last purchase = 0 (lowers risk); Transactions (last 3m) = 15 (lowers risk)
501254,2024-06,1,0.0054,0,Low,Months since last purchase = 0 (lowers risk); Transactions (last 3m) = 13 (lowers risk); Coupons redeemed (last 3m) = 2 (lowers risk)
500862,2024-06,1,0.0053,0,Low,Transactions (last month) = 5 (lowers risk); Months since last purchase = 0 (lowers risk); Promo share of purchases = 0.27 (lowers risk)
500907,2024-06,1,0.0053,0,Low,Transactions (last month) = 6 (lowers risk); Emails opened (last 3m) = 6 (lowers risk); Months since last purchase = 0 (lowers risk)
502484,2024-06,1,0.0053,0,Low,App sessions (last 3m) = 7 (lowers risk); Months since last purchase = 0 (lowers risk); Transactions (last 3m) = 14 (lowers risk)
501594,2024-06,1,0.0053,0,Low,Transactions (last month) = 5 (lowers risk); Months since last purchase = 0 (lowers risk); Coupons redeemed (last 3m) = 2 (lowers risk)
500729,2024-06,1,0.0053,0,Low,App sessions (last 3m) = 10 (lowers risk); Spend (last 3m) = 533.39 (lowers risk); Support tickets (last 3m) = 2 (raises risk)
502218,2024-06,1,0.0053,0,Low,App sessions (last 3m) = 9 (lowers risk); Spend (last 3m) = 546.08 (lowers risk); Months since last purchase = 0 (lowers risk)
501966,2024-06,1,0.0052,0,Low,Transactions (last month) = 5 (lowers risk); Support tickets (last 3m) = 2 (raises risk); Emails opened (last 3m) = 7 (lowers risk)
501330,2024-06,1,0.0052,0,Low,App sessions (last 3m) = 10 (lowers risk); Spend (last 3m) = 652.53 (lowers risk); Months since last purchase = 0 (lowers risk)
500825,2024-06,1,0.0052,0,Low,Transactions (last month) = 7 (lowers risk); Months since last purchase = 0 (lowers risk); Transactions (last 3m) = 13 (lowers risk)
502395,2024-06,1,0.0052,0,Low,Transactions (last month) = 7 (lowers risk); Promo share of purchases = 0.66 (raises risk); Months since last purchase = 0 (lowers risk)
500297,2024-06,1,0.0052,0,Low,Emails opened (last 3m) = 6 (lowers risk); Months since last purchase = 0 (lowers risk); Spend (last 3m) = 471.57 (lowers risk)
501050,2024-06,1,0.0052,0,Low,Emails opened (last 3m) = 8 (lowers risk); App sessions (last 3m) = 8 (lowers risk); Months since last purchase = 0 (lowers risk)
501827,2024-06,1,0.0052,0,Low,App sessions (last 3m) = 8 (lowers risk); Months since last purchase = 0 (lowers risk); Transactions (last 3m) = 21 (lowers risk)
502539,2024-06,1,0.0051,0,Low,Spend (last 3m) = 526.59 (lowers risk); Months since last purchase = 0 (lowers risk); Promo share of purchases = 0.14 (lowers risk)
501290,2024-06,1,0.0051,0,Low,App sessions (last 3m) = 7 (lowers risk); Months since last purchase = 0 (lowers risk); Transactions (last 3m) = 15 (lowers risk)
502592,2024-06,1,0.0051,0,Low,App sessions (last 3m) = 13 (lowers risk); Spend (last 3m) = 919.59 (lowers risk); Months since last purchase = 0 (lowers risk)
501565,2024-06,1,0.0051,0,Low,Emails opened (last 3m) = 6 (lowers risk); App sessions (last 3m) = 11 (lowers risk); Months since last purchase = 0 (lowers risk)
500531,2024-06,1,0.005,0,Low,Emails opened (last 3m) = 11 (lowers risk); App sessions (last 3m) = 8 (lowers risk); Months since last purchase = 0 (lowers risk)
500735,2024-06,1,0.005,0,Low,Transactions (last month) = 5 (lowers risk); Months since last purchase = 0 (lowers risk); App sessions (last 3m) = 6 (lowers risk)
501585,2024-06,1,0.005,0,Low,App sessions (last 3m) = 9 (lowers risk); Months since last purchase = 0 (lowers risk); Spend (last 3m) = 707.8 (lowers risk)
500780,2024-06,1,0.005,0,Low,Months since last purchase = 0 (lowers risk); App sessions (last 3m) = 18 (lowers risk); Transactions (last 3m) = 17 (lowers risk)
500794,2024-06,1,0.005,0,Low,Emails opened (last 3m) = 6 (lowers risk); App sessions (last 3m) = 7 (lowers risk); Months since last purchase = 0 (lowers risk)
501214,2024-06,1,0.005,0,Low,Spend (last 3m) = 587.16 (lowers risk); Months since last purchase = 0 (lowers risk); Transactions (last 3m) = 15 (lowers risk)
501579,2024-06,1,0.005,0,Low,App sessions (last 3m) = 10 (lowers risk); Months since last purchase = 0 (lowers risk); Coupons redeemed (last 3m) = 5 (lowers risk)
502511,2024-06,1,0.005,0,Low,Transactions (last month) = 7 (lowers risk); Months since last purchase = 0 (lowers risk); Emails opened (last 3m) = 4 (lowers risk)
501825,2024-06,1,0.0049,0,Low,Transactions (last month) = 6 (lowers risk); Transactions (last 3m) = 18 (lowers risk); Months since last purchase = 0 (lowers risk)
500098,2024-06,1,0.0049,0,Low,Transactions (last month) = 7 (lowers risk); Months since last purchase = 0 (lowers risk); Spend (last 3m) = 596.18 (lowers risk)
501314,2024-06,1,0.0049,0,Low,App sessions (last 3m) = 12 (lowers risk); Months since last purchase = 0 (lowers risk); Emails opened (last 3m) = 4 (lowers risk)
501950,2024-06,1,0.0049,0,Low,Emails opened (last 3m) = 6 (lowers risk); App sessions (last 3m) = 9 (lowers risk); Months since last purchase = 0 (lowers risk)
502302,2024-06,1,0.0049,0,Low,Months since last purchase = 0 (lowers risk); Spend (last 3m) = 513.37 (lowers risk); Emails opened (last 3m) = 5 (lowers risk)
500646,2024-06,1,0.0049,0,Low,App sessions (last 3m) = 12 (lowers risk); Spend (last 3m) = 731.23 (lowers risk); Months since last purchase = 0 (lowers risk)
500684,2024-06,1,0.0048,0,Low,Transactions (last month) = 5 (lowers risk); Months since last purchase = 0 (lowers risk); App sessions (last 3m) = 6 (lowers risk)
501448,2024-06,1,0.0048,0,Low,App sessions (last 3m) = 10 (lowers risk); Months since last purchase = 0 (lowers risk); Spend (last 3m) = 502.31 (lowers risk)
500920,2024-06,1,0.0048,0,Low,Transactions (last month) = 6 (lowers risk); App-session trend = 0.29 (raises risk); Months since last purchase = 0 (lowers risk)
500742,2024-06,1,0.0048,0,Low,Spend (last 3m) = 718.06 (lowers risk); Months since last purchase = 0 (lowers risk); Transactions (last 3m) = 25 (lowers risk)
502159,2024-06,1,0.0048,0,Low,Transactions (last month) = 5 (lowers risk); Emails opened (last 3m) = 6 (lowers risk); Months since last purchase = 0 (lowers risk)
501009,2024-06,1,0.0048,0,Low,App sessions (last 3m) = 7 (lowers risk); Spend (last 3m) = 1002.06 (lowers risk); Months since last purchase = 0 (lowers risk)
500784,2024-06,1,0.0046,0,Low,Transactions (last month) = 5 (lowers risk); Months since last purchase = 0 (lowers risk); App sessions (last 3m) = 5 (lowers risk)
502081,2024-06,1,0.0046,0,Low,Emails opened (last 3m) = 9 (lowers risk); App sessions (last 3m) = 9 (lowers risk); Months since last purchase = 0 (lowers risk)
500050,2024-06,1,0.0046,0,Low,Transactions (last month) = 5 (lowers risk); App sessions (last 3m) = 10 (lowers risk); Months since last purchase = 0 (lowers risk)
502043,2024-06,1,0.0046,0,Low,Transactions (last month) = 9 (lowers risk); Months since last purchase = 0 (lowers risk); App sessions per purchase = 0.05 (raises risk)
500670,2024-06,1,0.0046,0,Low,Emails opened (last 3m) = 6 (lowers risk); Months since last purchase = 0 (lowers risk); Transactions (last 3m) = 17 (lowers risk)
501567,2024-06,1,0.0046,0,Low,Spend (last 3m) = 609.92 (lowers risk); Emails opened (last 3m) = 7 (lowers risk); Months since last purchase = 0 (lowers risk)
500774,2024-06,1,0.0046,0,Low,App sessions (last 3m) = 7 (lowers risk); Months since last purchase = 0 (lowers risk); Emails opened (last 3m) = 5 (lowers risk)
502459,2024-06,1,0.0045,0,Low,Transactions (last month) = 11 (lowers risk); App-session trend = 0.28 (raises risk); Spend (last 3m) = 627.58 (lowers risk)
500345,2024-06,1,0.0045,0,Low,App sessions (last 3m) = 11 (lowers risk); Months since last purchase = 0 (lowers risk); Coupons redeemed (last 3m) = 4 (lowers risk)
502038,2024-06,1,0.0045,0,Low,App sessions (last 3m) = 10 (lowers risk); Months since last purchase = 0 (lowers risk); Transactions (last 3m) = 12 (lowers risk)
500914,2024-06,1,0.0045,0,Low,App sessions (last 3m) = 12 (lowers risk); Months since last purchase = 0 (lowers risk); Transactions (last 3m) = 14 (lowers risk)
502552,2024-06,1,0.0045,0,Low,App sessions (last 3m) = 10 (lowers risk); Spend (last 3m) = 548.99 (lowers risk); Months since last purchase = 0 (lowers risk)
501239,2024-06,1,0.0045,0,Low,App sessions (last 3m) = 8 (lowers risk); Emails opened (last 3m) = 6 (lowers risk); Months since last purchase = 0 (lowers risk)
501306,2024-06,1,0.0045,0,Low,App sessions (last 3m) = 16 (lowers risk); Months since last purchase = 0 (lowers risk); Spend (last 3m) = 554.93 (lowers risk)
500367,2024-06,1,0.0045,0,Low,App sessions (last 3m) = 12 (lowers risk); Months since last purchase = 0 (lowers risk); Transactions (last 3m) = 15 (lowers risk)
502524,2024-06,1,0.0044,0,Low,Spend (last 3m) = 555.38 (lowers risk); Months since last purchase = 0 (lowers risk); Transactions (last 3m) = 15 (lowers risk)
501150,2024-06,1,0.0044,0,Low,Transactions (last month) = 9 (lowers risk); Months since last purchase = 0 (lowers risk); Promo share of purchases = 0.05 (lowers risk)
501101,2024-06,1,0.0044,0,Low,App sessions (last 3m) = 9 (lowers risk); Spend (last 3m) = 577.03 (lowers risk); Months since last purchase = 0 (lowers risk)
500485,2024-06,1,0.0044,0,Low,App sessions (last 3m) = 7 (lowers risk); Months since last purchase = 0 (lowers risk); Transactions (last 3m) = 18 (lowers risk)
501956,2024-06,1,0.0044,0,Low,App sessions (last 3m) = 7 (lowers risk); Spend (last 3m) = 919.67 (lowers risk); Transactions (last 3m) = 20 (lowers risk)
501132,2024-06,1,0.0044,0,Low,App sessions (last 3m) = 17 (lowers risk); Months since last purchase = 0 (lowers risk); Emails opened (last 3m) = 5 (lowers risk)
501796,2024-06,1,0.0043,0,Low,Months since last purchase = 0 (lowers risk); Transactions (last 3m) = 22 (lowers risk); Coupons redeemed (last 3m) = 3 (lowers risk)
500296,2024-06,1,0.0043,0,Low,Transactions (last month) = 5 (lowers risk); Months since last purchase = 0 (lowers risk); App sessions (last 3m) = 5 (lowers risk)
501841,2024-06,1,0.0043,0,Low,Emails opened (last 3m) = 6 (lowers risk); Months since last purchase = 0 (lowers risk); Transactions (last 3m) = 14 (lowers risk)
502019,2024-06,1,0.0043,0,Low,Transactions (last month) = 6 (lowers risk); Support tickets (last 3m) = 2 (raises risk); Spend (last 3m) = 780.51 (lowers risk)
500821,2024-06,1,0.0043,0,Low,Transactions (last month) = 6 (lowers risk); Months since last purchase = 0 (lowers risk); Emails opened (last 3m) = 7 (lowers risk)
501888,2024-06,1,0.0043,0,Low,Transactions (last month) = 6 (lowers risk); Months since last purchase = 0 (lowers risk); Emails opened (last 3m) = 3 (lowers risk)
500618,2024-06,1,0.0042,0,Low,App sessions (last 3m) = 9 (lowers risk); Spend (last 3m) = 639.93 (lowers risk); Months since last purchase = 0 (lowers risk)
501803,2024-06,1,0.0042,0,Low,Months since last purchase = 0 (lowers risk); Transactions (last 3m) = 18 (lowers risk); Promo share of purchases = 0.15 (lowers risk)
500412,2024-06,1,0.0041,0,Low,Spend (last 3m) = 681.7 (lowers risk); Months since last purchase = 0 (lowers risk); Transactions (last 3m) = 18 (lowers risk)
500390,2024-06,1,0.0041,0,Low,Transactions (last month) = 9 (lowers risk); Spend (last 3m) = 1031.49 (lowers risk); Transactions (last 3m) = 21 (lowers risk)
500664,2024-06,1,0.0041,0,Low,Transactions (last month) = 7 (lowers risk); App sessions (last 3m) = 7 (lowers risk); Months since last purchase = 0 (lowers risk)
502219,2024-06,1,0.0041,0,Low,App sessions (last 3m) = 11 (lowers risk); Months since last purchase = 0 (lowers risk); Transactions (last 3m) = 17 (lowers risk)
500554,2024-06,1,0.0041,0,Low,Transactions (last month) = 7 (lowers risk); Support tickets (last 3m) = 3 (raises risk); Emails opened (last 3m) = 6 (lowers risk)
502357,2024-06,1,0.0041,0,Low,Emails opened (last 3m) = 8 (lowers risk); App sessions (last 3m) = 9 (lowers risk); Months since last purchase = 0 (lowers risk)
502367,2024-06,1,0.0041,0,Low,Months since last purchase = 0 (lowers risk); App sessions (last 3m) = 14 (lowers risk); Transactions (last 3m) = 17 (lowers risk)
501119,2024-06,1,0.0041,0,Low,Spend (last 3m) = 749.6 (lowers risk); Months since last purchase = 0 (lowers risk); Transactions (last 3m) = 26 (lowers risk)
502377,2024-06,1,0.0041,0,Low,App sessions (last 3m) = 7 (lowers risk); Spend (last 3m) = 645.2 (lowers risk); Months since last purchase = 0 (lowers risk)
500795,2024-06,1,0.004,0,Low,App sessions (last 3m) = 12 (lowers risk); Spend (last 3m) = 832.53 (lowers risk); Months since last purchase = 0 (lowers risk)
501725,2024-06,1,0.004,0,Low,Transactions (last month) = 5 (lowers risk); Months since last purchase = 0 (lowers risk); Coupons redeemed (last 3m) = 3 (lowers risk)
501120,2024-06,1,0.004,0,Low,Transactions (last month) = 5 (lowers risk); Months since last purchase = 0 (lowers risk); Transactions (last 3m) = 13 (lowers risk)
502145,2024-06,1,0.004,0,Low,Transactions (last month) = 6 (lowers risk); Spend (last 3m) = 611.12 (lowers risk); Months since last purchase = 0 (lowers risk)
500148,2024-06,1,0.0039,0,Low,Transactions (last month) = 5 (lowers risk); Months since last purchase = 0 (lowers risk); Coupons redeemed (last 3m) = 3 (lowers risk)
502462,2024-06,1,0.0039,0,Low,Transactions (last month) = 8 (lowers risk); Months since last purchase = 0 (lowers risk); Spend (last 3m) = 470.78 (lowers risk)
501734,2024-06,1,0.0039,0,Low,Transactions (last month) = 6 (lowers risk); Months since last purchase = 0 (lowers risk); Promo share of purchases = 0.1 (lowers risk)
501323,2024-06,1,0.0039,0,Low,Transactions (last month) = 5 (lowers risk); App sessions (last 3m) = 9 (lowers risk); Support tickets (last 3m) = 2 (raises risk)
502502,2024-06,1,0.0039,0,Low,App sessions (last 3m) = 7 (lowers risk); Spend (last 3m) = 804.68 (lowers risk); Emails opened (last 3m) = 7 (lowers risk)
502298,2024-06,1,0.0038,0,Low,Transactions (last month) = 5 (lowers risk); App sessions (last 3m) = 14 (lowers risk); Months since last purchase = 0 (lowers risk)
500748,2024-06,1,0.0038,0,Low,Transactions (last month) = 5 (lowers risk); App sessions (last 3m) = 11 (lowers risk); Months since last purchase = 0 (lowers risk)
500318,2024-06,1,0.0038,0,Low,App sessions (last 3m) = 10 (lowers risk); Spend (last 3m) = 570.43 (lowers risk); Months since last purchase = 0 (lowers risk)
502064,2024-06,1,0.0038,0,Low,App sessions (last 3m) = 8 (lowers risk); Months since last purchase = 0 (lowers risk); Spend (last 3m) = 487.19 (lowers risk)
500615,2024-06,1,0.0038,0,Low,Transactions (last month) = 5 (lowers risk); Months since last purchase = 0 (lowers risk); Emails opened (last 3m) = 4 (lowers risk)
501234,2024-06,1,0.0038,0,Low,App sessions (last 3m) = 10 (lowers risk); Months since last purchase = 0 (lowers risk); Transactions (last 3m) = 14 (lowers risk)
500331,2024-06,1,0.0038,0,Low,App sessions (last 3m) = 8 (lowers risk); Emails opened (last 3m) = 6 (lowers risk); Months since last purchase = 0 (lowers risk)
500423,2024-06,1,0.0038,0,Low,Transactions (last month) = 5 (lowers risk); Months since last purchase = 0 (lowers risk); Emails opened (last 3m) = 3 (lowers risk)
502358,2024-06,1,0.0037,0,Low,Transactions (last month) = 5 (lowers risk); Support tickets (last 3m) = 2 (raises risk); Months since last purchase = 0 (lowers risk)
501674,2024-06,1,0.0037,0,Low,Transactions (last month) = 7 (lowers risk); Months since last purchase = 0 (lowers risk); Emails opened (last 3m) = 5 (lowers risk)
501534,2024-06,1,0.0037,0,Low,Transactions (last month) = 5 (lowers risk); Months since last purchase = 0 (lowers risk); App sessions (last 3m) = 4 (lowers risk)
501898,2024-06,1,0.0037,0,Low,Transactions (last month) = 5 (lowers risk); App sessions (last 3m) = 8 (lowers risk); Months since last purchase = 0 (lowers risk)
502227,2024-06,1,0.0037,0,Low,Emails opened (last 3m) = 9 (lowers risk); App sessions (last 3m) = 9 (lowers risk); Months since last purchase = 0 (lowers risk)
502148,2024-06,1,0.0037,0,Low,Transactions (last month) = 5 (lowers risk); Months since last purchase = 0 (lowers risk); Coupons redeemed (last 3m) = 2 (lowers risk)
500838,2024-06,1,0.0037,0,Low,Transactions (last month) = 5 (lowers risk); Months since last purchase = 0 (lowers risk); Coupons redeemed (last 3m) = 3 (lowers risk)
500912,2024-06,1,0.0037,0,Low,Transactions (last month) = 7 (lowers risk); Months since last purchase = 0 (lowers risk); Spend (last 3m) = 858.35 (lowers risk)
500839,2024-06,1,0.0037,0,Low,App sessions (last 3m) = 13 (lowers risk); Emails opened (last 3m) = 6 (lowers risk); Spend (last 3m) = 621.02 (lowers risk)
502294,2024-06,1,0.0037,0,Low,Transactions (last month) = 6 (lowers risk); Months since last purchase = 0 (lowers risk); Transactions (last 3m) = 14 (lowers risk)
502306,2024-06,1,0.0037,0,Low,App sessions (last 3m) = 8 (lowers risk); Spend (last 3m) = 1045.92 (lowers risk); Months since last purchase = 0 (lowers risk)
502359,2024-06,1,0.0036,0,Low,Transactions (last month) = 9 (lowers risk); Transactions (last 3m) = 24 (lowers risk); Spend (last 3m) = 1069.76 (lowers risk)
500253,2024-06,1,0.0036,0,Low,Transactions (last month) = 6 (lowers risk); App sessions (last 3m) = 8 (lowers risk); Months since last purchase = 0 (lowers risk)
500053,2024-06,1,0.0036,0,Low,App sessions (last 3m) = 10 (lowers risk); Spend (last 3m) = 640.64 (lowers risk); Months since last purchase = 0 (lowers risk)
501456,2024-06,1,0.0036,0,Low,Months since last purchase = 0 (lowers risk); Spend (last 3m) = 573.76 (lowers risk); Transactions (last 3m) = 18 (lowers risk)
502456,2024-06,1,0.0036,0,Low,App sessions (last 3m) = 8 (lowers risk); Emails opened (last 3m) = 5 (lowers risk); Months since last purchase = 0 (lowers risk)
502598,2024-06,1,0.0036,0,Low,App sessions (last 3m) = 7 (lowers risk); Months since last purchase = 0 (lowers risk); Coupons redeemed (last 3m) = 4 (lowers risk)
501504,2024-06,1,0.0036,0,Low,Transactions (last month) = 5 (lowers risk); App sessions (last 3m) = 7 (lowers risk); Months since last purchase = 0 (lowers risk)
501481,2024-06,1,0.0036,0,Low,Emails opened (last 3m) = 9 (lowers risk); App sessions (last 3m) = 7 (lowers risk); Months since last purchase = 0 (lowers risk)
501223,2024-06,1,0.0036,0,Low,Transactions (last month) = 5 (lowers risk); Months since last purchase = 0 (lowers risk); Emails opened (last 3m) = 4 (lowers risk)
500054,2024-06,1,0.0035,0,Low,Transactions (last month) = 5 (lowers risk); Support tickets (last 3m) = 2 (raises risk); Spend (last 3m) = 919.81 (lowers risk)
500888,2024-06,1,0.0035,0,Low,App sessions (last 3m) = 8 (lowers risk); Months since last purchase = 0 (lowers risk); Spend (last 3m) = 568.26 (lowers risk)
501461,2024-06,1,0.0035,0,Low,App sessions (last 3m) = 9 (lowers risk); Spend (last 3m) = 649.17 (lowers risk); Transactions (last 3m) = 15 (lowers risk)
502521,2024-06,1,0.0035,0,Low,App sessions (last 3m) = 8 (lowers risk); Months since last purchase = 0 (lowers risk); Emails opened (last 3m) = 5 (lowers risk)
501199,2024-06,1,0.0035,0,Low,Emails opened (last 3m) = 9 (lowers risk); App sessions (last 3m) = 7 (lowers risk); Months since last purchase = 0 (lowers risk)
501182,2024-06,1,0.0035,0,Low,App sessions (last 3m) = 8 (lowers risk); Months since last purchase = 0 (lowers risk); Transactions (last 3m) = 17 (lowers risk)
500594,2024-06,1,0.0035,0,Low,Transactions (last month) = 6 (lowers risk); Months since last purchase = 0 (lowers risk); App sessions (last 3m) = 6 (lowers risk)
502286,2024-06,1,0.0035,0,Low,Transactions (last month) = 8 (lowers risk); Support tickets (last 3m) = 2 (raises risk); Spend (last 3m) = 667.89 (lowers risk)
501629,2024-06,1,0.0035,0,Low,Transactions (last month) = 6 (lowers risk); App sessions (last 3m) = 11 (lowers risk); Support tickets (last 3m) = 2 (raises risk)
500006,2024-06,1,0.0035,0,Low,Transactions (last month) = 5 (lowers risk); App sessions (last 3m) = 7 (lowers risk); Months since last purchase = 0 (lowers risk)
502146,2024-06,1,0.0034,0,Low,App sessions (last 3m) = 7 (lowers risk); Months since last purchase = 0 (lowers risk); Transactions (last 3m) = 19 (lowers risk)
500526,2024-06,1,0.0034,0,Low,Transactions (last month) = 7 (lowers risk); Months since last purchase = 0 (lowers risk); Coupons redeemed (last 3m) = 3 (lowers risk)
500552,2024-06,1,0.0034,0,Low,Transactions (last month) = 6 (lowers risk); App sessions (last 3m) = 8 (lowers risk); Months since last purchase = 0 (lowers risk)
502082,2024-06,1,0.0034,0,Low,Transactions (last month) = 6 (lowers risk); App sessions (last 3m) = 10 (lowers risk); Months since last purchase = 0 (lowers risk)
501281,2024-06,1,0.0034,0,Low,Transactions (last month) = 11 (lowers risk); Months since last purchase = 0 (lowers risk); Promo share of purchases = 0.16 (lowers risk)
501452,2024-06,1,0.0034,0,Low,Transactions (last month) = 6 (lowers risk); App sessions (last 3m) = 7 (lowers risk); Support tickets (last 3m) = 2 (raises risk)
500764,2024-06,1,0.0034,0,Low,Transactions (last month) = 8 (lowers risk); Support tickets (last 3m) = 2 (raises risk); Transactions (last 3m) = 15 (lowers risk)
501969,2024-06,1,0.0034,0,Low,Emails opened (last 3m) = 8 (lowers risk); App sessions (last 3m) = 10 (lowers risk); Spend (last 3m) = 651.83 (lowers risk)
500605,2024-06,1,0.0034,0,Low,Transactions (last month) = 7 (lowers risk); Spend (last 3m) = 827.12 (lowers risk); Months since last purchase = 0 (lowers risk)
502569,2024-06,1,0.0033,0,Low,Transactions (last month) = 6 (lowers risk); App sessions (last 3m) = 9 (lowers risk); Months since last purchase = 0 (lowers risk)
500713,2024-06,1,0.0033,0,Low,Months since last purchase = 0 (lowers risk); Spend (last 3m) = 484.13 (lowers risk); Coupons redeemed (last 3m) = 6 (lowers risk)
500575,2024-06,1,0.0033,0,Low,App sessions (last 3m) = 9 (lowers risk); Spend (last 3m) = 776.34 (lowers risk); Months since last purchase = 0 (lowers risk)
502181,2024-06,1,0.0033,0,Low,Transactions (last month) = 7 (lowers risk); Months since last purchase = 0 (lowers risk); App sessions (last 3m) = 6 (lowers risk)
500848,2024-06,1,0.0033,0,Low,Transactions (last month) = 5 (lowers risk); Months since last purchase = 0 (lowers risk); Emails opened (last 3m) = 5 (lowers risk)
500610,2024-06,1,0.0033,0,Low,Emails opened (last 3m) = 9 (lowers risk); Months since last purchase = 0 (lowers risk); Spend (last 3m) = 493.6 (lowers risk)
500609,2024-06,1,0.0033,0,Low,Spend (last 3m) = 718.23 (lowers risk); Emails opened (last 3m) = 7 (lowers risk); Months since last purchase = 0 (lowers risk)
502305,2024-06,1,0.0033,0,Low,Transactions (last month) = 6 (lowers risk); App sessions (last 3m) = 9 (lowers risk); Support tickets (last 3m) = 2 (raises risk)
502042,2024-06,1,0.0033,0,Low,Transactions (last month) = 7 (lowers risk); Months since last purchase = 0 (lowers risk); Transactions (last 3m) = 12 (lowers risk)
500016,2024-06,1,0.0033,0,Low,Transactions (last month) = 5 (lowers risk); Months since last purchase = 0 (lowers risk); Coupons redeemed (last 3m) = 5 (lowers risk)
502121,2024-06,1,0.0033,0,Low,Transactions (last month) = 5 (lowers risk); Months since last purchase = 0 (lowers risk); Coupons redeemed (last 3m) = 2 (lowers risk)
502411,2024-06,1,0.0033,0,Low,App sessions (last 3m) = 8 (lowers risk); Spend (last 3m) = 573.94 (lowers risk); Months since last purchase = 0 (lowers risk)
501589,2024-06,1,0.0033,0,Low,Transactions (last month) = 8 (lowers risk); App sessions (last 3m) = 8 (lowers risk); Support tickets (last 3m) = 2 (raises risk)
500179,2024-06,1,0.0033,0,Low,Transactions (last month) = 8 (lowers risk); App sessions (last 3m) = 7 (lowers risk); Months since last purchase = 0 (lowers risk)
501958,2024-06,1,0.0032,0,Low,Transactions (last month) = 6 (lowers risk); App sessions (last 3m) = 8 (lowers risk); Months since last purchase = 0 (lowers risk)
500115,2024-06,1,0.0032,0,Low,Months since last purchase = 0 (lowers risk); Emails opened (last 3m) = 5 (lowers risk); Transactions (last 3m) = 14 (lowers risk)
500861,2024-06,1,0.0032,0,Low,Transactions (last month) = 10 (lowers risk); App sessions (last 3m) = 7 (lowers risk); Months since last purchase = 0 (lowers risk)
502028,2024-06,1,0.0032,0,Low,Transactions (last month) = 10 (lowers risk); App sessions (last 3m) = 10 (lowers risk); Support tickets (last 3m) = 2 (raises risk)
501482,2024-06,1,0.0032,0,Low,Transactions (last month) = 6 (lowers risk); Months since last purchase = 0 (lowers risk); Transactions (last 3m) = 14 (lowers risk)
502366,2024-06,1,0.0032,0,Low,Transactions (last month) = 7 (lowers risk); Transactions (last 3m) = 14 (lowers risk); Months since last purchase = 0 (lowers risk)
500527,2024-06,1,0.0032,0,Low,Transactions (last month) = 6 (lowers risk); Months since last purchase = 0 (lowers risk); App sessions (last 3m) = 6 (lowers risk)
500001,2024-06,1,0.0032,0,Low,Transactions (last month) = 5 (lowers risk); App sessions (last 3m) = 7 (lowers risk); Months since last purchase = 0 (lowers risk)
502244,2024-06,1,0.0032,0,Low,Transactions (last month) = 5 (lowers risk); Months since last purchase = 0 (lowers risk); Spend (last 3m) = 597.01 (lowers risk)
500678,2024-06,1,0.0032,0,Low,Transactions (last month) = 6 (lowers risk); Emails opened (last 3m) = 8 (lowers risk); Months since last purchase = 0 (lowers risk)
501518,2024-06,1,0.0032,0,Low,Transactions (last month) = 5 (lowers risk); Months since last purchase = 0 (lowers risk); Emails opened (last 3m) = 3 (lowers risk)
500967,2024-06,1,0.0031,0,Low,Transactions (last month) = 7 (lowers risk); App sessions (last 3m) = 12 (lowers risk); Months since last purchase = 0 (lowers risk)
502309,2024-06,1,0.0031,0,Low,Transactions (last month) = 6 (lowers risk); Emails opened (last 3m) = 6 (lowers risk); App sessions (last 3m) = 7 (lowers risk)
502270,2024-06,1,0.0031,0,Low,Transactions (last month) = 8 (lowers risk); App sessions (last 3m) = 15 (lowers risk); Months since last purchase = 0 (lowers risk)
501937,2024-06,1,0.0031,0,Low,Spend (last 3m) = 568.66 (lowers risk); Months since last purchase = 0 (lowers risk); Transactions (last 3m) = 17 (lowers risk)
501533,2024-06,1,0.0031,0,Low,Transactions (last month) = 6 (lowers risk); App sessions (last 3m) = 14 (lowers risk); Months since last purchase = 0 (lowers risk)
500300,2024-06,1,0.0031,0,Low,Transactions (last month) = 5 (lowers risk); Months since last purchase = 0 (lowers risk); Emails opened (last 3m) = 5 (lowers risk)
501468,2024-06,1,0.0031,0,Low,Transactions (last month) = 9 (lowers risk); Spend (last 3m) = 1333.49 (lowers risk); Transactions (last 3m) = 21 (lowers risk)
501832,2024-06,1,0.0031,0,Low,App sessions (last 3m) = 9 (lowers risk); Months since last purchase = 0 (lowers risk); Transactions (last 3m) = 17 (lowers risk)
500541,2024-06,1,0.0031,0,Low,Transactions (last month) = 8 (lowers risk); App sessions (last 3m) = 14 (lowers risk); Support tickets (last 3m) = 2 (raises risk)
501846,2024-06,1,0.0031,0,Low,Transactions (last month) = 8 (lowers risk); Months since last purchase = 0 (lowers risk); Transactions (last 3m) = 16 (lowers risk)
502486,2024-06,1,0.0031,0,Low,App sessions (last 3m) = 9 (lowers risk); Spend (last 3m) = 648.7 (lowers risk); Months since last purchase = 0 (lowers risk)
501375,2024-06,1,0.003,0,Low,Transactions (last month) = 5 (lowers risk); Emails opened (last 3m) = 6 (lowers risk); Months since last purchase = 0 (lowers risk)
501954,2024-06,1,0.003,0,Low,Transactions (last month) = 8 (lowers risk); Months since last purchase = 0 (lowers risk); Emails opened (last 3m) = 4 (lowers risk)
500597,2024-06,1,0.003,0,Low,Spend (last 3m) = 566.41 (lowers risk); App sessions (last 3m) = 14 (lowers risk); Months since last purchase = 0 (lowers risk)
500018,2024-06,1,0.003,0,Low,Transactions (last month) = 6 (lowers risk); Months since last purchase = 0 (lowers risk); Emails opened (last 3m) = 5 (lowers risk)
501283,2024-06,1,0.003,0,Low,Transactions (last month) = 5 (lowers risk); Spend (last 3m) = 1016.92 (lowers risk); Transactions (last 3m) = 25 (lowers risk)
501108,2024-06,1,0.003,0,Low,App sessions (last 3m) = 13 (lowers risk); Spend (last 3m) = 783.65 (lowers risk); Months since last purchase = 0 (lowers risk)
500314,2024-06,1,0.003,0,Low,Transactions (last month) = 6 (lowers risk); Months since last purchase = 0 (lowers risk); Emails opened (last 3m) = 7 (lowers risk)
501675,2024-06,1,0.003,0,Low,Transactions (last month) = 5 (lowers risk); Months since last purchase = 0 (lowers risk); Promo share of purchases = 0.15 (lowers risk)
500535,2024-06,1,0.0029,0,Low,Transactions (last month) = 5 (lowers risk); App sessions (last 3m) = 7 (lowers risk); Months since last purchase = 0 (lowers risk)
502266,2024-06,1,0.0029,0,Low,Spend (last 3m) = 653.3 (lowers risk); App sessions (last 3m) = 11 (lowers risk); Months since last purchase = 0 (lowers risk)
501810,2024-06,1,0.0029,0,Low,Transactions (last month) = 7 (lowers risk); Months since last purchase = 0 (lowers risk); Transactions (last 3m) = 18 (lowers risk)
501912,2024-06,1,0.0029,0,Low,Transactions (last month) = 5 (lowers risk); Months since last purchase = 0 (lowers risk); Spend (last 3m) = 614.32 (lowers risk)
502575,2024-06,1,0.0029,0,Low,Transactions (last month) = 5 (lowers risk); Months since last purchase = 0 (lowers risk); Spend (last 3m) = 494.6 (lowers risk)
501401,2024-06,1,0.0029,0,Low,Transactions (last month) = 5 (lowers risk); Transactions (last 3m) = 15 (lowers risk); Months since last purchase = 0 (lowers risk)
502074,2024-06,1,0.0029,0,Low,Transactions (last month) = 7 (lowers risk); App sessions (last 3m) = 9 (lowers risk); Months since last purchase = 0 (lowers risk)
500665,2024-06,1,0.0029,0,Low,App sessions (last 3m) = 8 (lowers risk); Emails opened (last 3m) = 6 (lowers risk); Months since last purchase = 0 (lowers risk)
501994,2024-06,1,0.0029,0,Low,Transactions (last month) = 5 (lowers risk); Support tickets (last 3m) = 2 (raises risk); Spend (last 3m) = 605.11 (lowers risk)
501547,2024-06,1,0.0029,0,Low,App sessions (last 3m) = 8 (lowers risk); Spend (last 3m) = 634.06 (lowers risk); Transactions (last 3m) = 17 (lowers risk)
500199,2024-06,1,0.0029,0,Low,Transactions (last month) = 7 (lowers risk); Months since last purchase = 0 (lowers risk); Spend (last 3m) = 815.88 (lowers risk)
500811,2024-06,1,0.0028,0,Low,Spend (last 3m) = 599.04 (lowers risk); Months since last purchase = 0 (lowers risk); Transactions (last 3m) = 15 (lowers risk)
502328,2024-06,1,0.0028,0,Low,Transactions (last month) = 6 (lowers risk); Months since last purchase = 0 (lowers risk); Transactions (last 3m) = 18 (lowers risk)
502513,2024-06,1,0.0028,0,Low,Transactions (last month) = 5 (lowers risk); Months since last purchase = 0 (lowers risk); Transactions (last 3m) = 13 (lowers risk)
501501,2024-06,1,0.0028,0,Low,App sessions (last 3m) = 13 (lowers risk); Months since last purchase = 0 (lowers risk); Spend (last 3m) = 677.83 (lowers risk)
500705,2024-06,1,0.0028,0,Low,Transactions (last month) = 7 (lowers risk); Months since last purchase = 0 (lowers risk); Transactions (last 3m) = 15 (lowers risk)
500141,2024-06,1,0.0028,0,Low,Transactions (last month) = 11 (lowers risk); App sessions (last 3m) = 9 (lowers risk); Months since last purchase = 0 (lowers risk)
500088,2024-06,1,0.0028,0,Low,Transactions (last month) = 6 (lowers risk); Months since last purchase = 0 (lowers risk); Transactions (last 3m) = 16 (lowers risk)
501581,2024-06,1,0.0028,0,Low,Transactions (last month) = 7 (lowers risk); App sessions (last 3m) = 9 (lowers risk); Months since last purchase = 0 (lowers risk)
502020,2024-06,1,0.0028,0,Low,Transactions (last month) = 6 (lowers risk); Months since last purchase = 0 (lowers risk); App sessions (last 3m) = 6 (lowers risk)
501624,2024-06,1,0.0028,0,Low,Transactions (last month) = 5 (lowers risk); App sessions (last 3m) = 8 (lowers risk); Months since last purchase = 0 (lowers risk)
501000,2024-06,1,0.0028,0,Low,App sessions (last 3m) = 7 (lowers risk); Spend (last 3m) = 683.27 (lowers risk); Months since last purchase = 0 (lowers risk)
502031,2024-06,1,0.0028,0,Low,App sessions (last 3m) = 7 (lowers risk); Months since last purchase = 0 (lowers risk); Transactions (last 3m) = 20 (lowers risk)
502413,2024-06,1,0.0027,0,Low,Transactions (last month) = 6 (lowers risk); Months since last purchase = 0 (lowers risk); Spend (last 3m) = 576.36 (lowers risk)
500797,2024-06,1,0.0027,0,Low,Transactions (last month) = 8 (lowers risk); Months since last purchase = 0 (lowers risk); Transactions (last 3m) = 15 (lowers risk)
501470,2024-06,1,0.0027,0,Low,Transactions (last month) = 9 (lowers risk); App sessions (last 3m) = 17 (lowers risk); Months since last purchase = 0 (lowers risk)
500338,2024-06,1,0.0027,0,Low,Transactions (last month) = 9 (lowers risk); Support tickets (last 3m) = 2 (raises risk); Spend (last 3m) = 535.27 (lowers risk)
500711,2024-06,1,0.0027,0,Low,Transactions (last month) = 6 (lowers risk); Months since last purchase = 0 (lowers risk); App sessions (last 3m) = 6 (lowers risk)
502558,2024-06,1,0.0027,0,Low,Transactions (last month) = 6 (lowers risk); App sessions (last 3m) = 8 (lowers risk); Months since last purchase = 0 (lowers risk)
500209,2024-06,1,0.0027,0,Low,Transactions (last month) = 8 (lowers risk); Months since last purchase = 0 (lowers risk); App sessions (last 3m) = 5 (lowers risk)
500598,2024-06,1,0.0027,0,Low,Transactions (last month) = 6 (lowers risk); Months since last purchase = 0 (lowers risk); Spend (last 3m) = 522.74 (lowers risk)
500671,2024-06,1,0.0027,0,Low,App sessions (last 3m) = 7 (lowers risk); Months since last purchase = 0 (lowers risk); Transactions (last 3m) = 17 (lowers risk)
502021,2024-06,1,0.0027,0,Low,Transactions (last month) = 5 (lowers risk); Months since last purchase = 0 (lowers risk); Spend (last 3m) = 598.52 (lowers risk)
502481,2024-06,1,0.0027,0,Low,Transactions (last month) = 8 (lowers risk); Months since last purchase = 0 (lowers risk); Spend (last 3m) = 480.5 (lowers risk)
500162,2024-06,1,0.0027,0,Low,Transactions (last month) = 7 (lowers risk); Months since last purchase = 0 (lowers risk); App sessions (last 3m) = 5 (lowers risk)
500241,2024-06,1,0.0027,0,Low,Transactions (last month) = 6 (lowers risk); App sessions (last 3m) = 10 (lowers risk); Months since last purchase = 0 (lowers risk)
502040,2024-06,1,0.0027,0,Low,Transactions (last month) = 7 (lowers risk); App sessions (last 3m) = 10 (lowers risk); Months since last purchase = 0 (lowers risk)
500488,2024-06,1,0.0027,0,Low,Emails opened (last 3m) = 10 (lowers risk); App sessions (last 3m) = 12 (lowers risk); Months since last purchase = 0 (lowers risk)
501707,2024-06,1,0.0027,0,Low,Transactions (last month) = 8 (lowers risk); App sessions (last 3m) = 10 (lowers risk); Support tickets (last 3m) = 2 (raises risk)
501889,2024-06,1,0.0026,0,Low,Transactions (last month) = 9 (lowers risk); Spend (last 3m) = 734.74 (lowers risk); Months since last purchase = 0 (lowers risk)
500379,2024-06,1,0.0026,0,Low,Transactions (last month) = 6 (lowers risk); Months since last purchase = 0 (lowers risk); Emails opened (last 3m) = 4 (lowers risk)
502572,2024-06,1,0.0026,0,Low,Transactions (last month) = 5 (lowers risk); Spend (last 3m) = 748.87 (lowers risk); Months since last purchase = 0 (lowers risk)
502192,2024-06,1,0.0026,0,Low,Transactions (last month) = 10 (lowers risk); Months since last purchase = 0 (lowers risk); Emails opened (last 3m) = 3 (lowers risk)
501820,2024-06,1,0.0026,0,Low,Transactions (last month) = 5 (lowers risk); App sessions (last 3m) = 10 (lowers risk); Months since last purchase = 0 (lowers risk)
501848,2024-06,1,0.0026,0,Low,Transactions (last month) = 7 (lowers risk); App sessions (last 3m) = 7 (lowers risk); Months since last purchase = 0 (lowers risk)
500015,2024-06,1,0.0026,0,Low,Transactions (last month) = 6 (lowers risk); Months since last purchase = 0 (lowers risk); Spend (last 3m) = 484.62 (lowers risk)
502165,2024-06,1,0.0026,0,Low,Transactions (last month) = 10 (lowers risk); App sessions (last 3m) = 8 (lowers risk); Emails opened (last 3m) = 8 (lowers risk)
501081,2024-06,1,0.0026,0,Low,Transactions (last month) = 7 (lowers risk); App sessions (last 3m) = 11 (lowers risk); Spend (last 3m) = 748.63 (lowers risk)
502279,2024-06,1,0.0026,0,Low,App sessions (last 3m) = 12 (lowers risk); Emails opened (last 3m) = 6 (lowers risk); Months since last purchase = 0 (lowers risk)
500749,2024-06,1,0.0026,0,Low,Transactions (last month) = 5 (lowers risk); Months since last purchase = 0 (lowers risk); Emails opened (last 3m) = 4 (lowers risk)
500687,2024-06,1,0.0026,0,Low,Transactions (last month) = 6 (lowers risk); Spend (last 3m) = 590.28 (lowers risk); Months since last purchase = 0 (lowers risk)
500171,2024-06,1,0.0026,0,Low,Transactions (last month) = 7 (lowers risk); Months since last purchase = 0 (lowers risk); Spend (last 3m) = 718.67 (lowers risk)
501743,2024-06,1,0.0026,0,Low,Transactions (last month) = 8 (lowers risk); Transactions (last 3m) = 15 (lowers risk); Months since last purchase = 0 (lowers risk)
500616,2024-06,1,0.0026,0,Low,Transactions (last month) = 5 (lowers risk); Months since last purchase = 0 (lowers risk); Transactions (last 3m) = 14 (lowers risk)
500691,2024-06,1,0.0026,0,Low,Transactions (last month) = 6 (lowers risk); App sessions (last 3m) = 7 (lowers risk); Months since last purchase = 0 (lowers risk)
500489,2024-06,1,0.0026,0,Low,Transactions (last month) = 6 (lowers risk); Spend (last 3m) = 653.55 (lowers risk); Months since last purchase = 0 (lowers risk)
500462,2024-06,1,0.0026,0,Low,Transactions (last month) = 9 (lowers risk); Months since last purchase = 0 (lowers risk); Spend (last 3m) = 696.21 (lowers risk)
501689,2024-06,1,0.0026,0,Low,App sessions (last 3m) = 7 (lowers risk); Spend (last 3m) = 608.9 (lowers risk); Months since last purchase = 0 (lowers risk)
501089,2024-06,1,0.0026,0,Low,App sessions (last 3m) = 12 (lowers risk); Emails opened (last 3m) = 6 (lowers risk); Months since last purchase = 0 (lowers risk)
500992,2024-06,1,0.0026,0,Low,Transactions (last month) = 6 (lowers risk); Months since last purchase = 0 (lowers risk); Transactions (last 3m) = 15 (lowers risk)
502475,2024-06,1,0.0026,0,Low,Transactions (last month) = 7 (lowers risk); Months since last purchase = 0 (lowers risk); Spend (last 3m) = 517.51 (lowers risk)
501658,2024-06,1,0.0026,0,Low,Transactions (last month) = 7 (lowers risk); App sessions (last 3m) = 13 (lowers risk); Months since last purchase = 0 (lowers risk)
500117,2024-06,1,0.0026,0,Low,Transactions (last month) = 6 (lowers risk); Months since last purchase = 0 (lowers risk); Spend (last 3m) = 469.38 (lowers risk)
501203,2024-06,1,0.0025,0,Low,Transactions (last month) = 8 (lowers risk); Months since last purchase = 0 (lowers risk); Transactions (last 3m) = 18 (lowers risk)
500110,2024-06,1,0.0025,0,Low,Transactions (last month) = 6 (lowers risk); Spend (last 3m) = 850.67 (lowers risk); Transactions (last 3m) = 20 (lowers risk)
501045,2024-06,1,0.0025,0,Low,Transactions (last month) = 8 (lowers risk); App sessions (last 3m) = 13 (lowers risk); Months since last purchase = 0 (lowers risk)
501163,2024-06,1,0.0025,0,Low,Transactions (last month) = 6 (lowers risk); Months since last purchase = 0 (lowers risk); Spend (last 3m) = 707.16 (lowers risk)
502465,2024-06,1,0.0025,0,Low,Transactions (last month) = 6 (lowers risk); App sessions (last 3m) = 12 (lowers risk); Months since last purchase = 0 (lowers risk)
500753,2024-06,1,0.0025,0,Low,Transactions (last month) = 6 (lowers risk); App sessions (last 3m) = 7 (lowers risk); Months since last purchase = 0 (lowers risk)
501288,2024-06,1,0.0025,0,Low,App sessions (last 3m) = 10 (lowers risk); Months since last purchase = 0 (lowers risk); Transactions (last 3m) = 16 (lowers risk)
501899,2024-06,1,0.0025,0,Low,Transactions (last month) = 5 (lowers risk); Months since last purchase = 0 (lowers risk); Transactions (last 3m) = 18 (lowers risk)
502564,2024-06,1,0.0025,0,Low,App sessions (last 3m) = 8 (lowers risk); Emails opened (last 3m) = 6 (lowers risk); Months since last purchase = 0 (lowers risk)
500131,2024-06,1,0.0025,0,Low,Transactions (last month) = 10 (lowers risk); Spend (last 3m) = 758.98 (lowers risk); Months since last purchase = 0 (lowers risk)
502069,2024-06,1,0.0025,0,Low,Transactions (last month) = 5 (lowers risk); Months since last purchase = 0 (lowers risk); Coupons redeemed (last 3m) = 3 (lowers risk)
501498,2024-06,1,0.0025,0,Low,Transactions (last month) = 7 (lowers risk); Months since last purchase = 0 (lowers risk); Transactions (last 3m) = 23 (lowers risk)
502334,2024-06,1,0.0025,0,Low,Transactions (last month) = 5 (lowers risk); App sessions (last 3m) = 8 (lowers risk); Transactions (last 3m) = 18 (lowers risk)
500066,2024-06,1,0.0025,0,Low,Transactions (last month) = 9 (lowers risk); Months since last purchase = 0 (lowers risk); Transactions (last 3m) = 16 (lowers risk)
501218,2024-06,1,0.0024,0,Low,Transactions (last month) = 10 (lowers risk); Months since last purchase = 0 (lowers risk); App sessions (last 3m) = 5 (lowers risk)
500619,2024-06,1,0.0024,0,Low,Transactions (last month) = 10 (lowers risk); App sessions (last 3m) = 9 (lowers risk); Months since last purchase = 0 (lowers risk)
500259,2024-06,1,0.0024,0,Low,Transactions (last month) = 12 (lowers risk); Months since last purchase = 0 (lowers risk); Spend (last 3m) = 1162.35 (lowers risk)
500881,2024-06,1,0.0024,0,Low,Transactions (last month) = 6 (lowers risk); Emails opened (last 3m) = 6 (lowers risk); Months since last purchase = 0 (lowers risk)
500506,2024-06,1,0.0024,0,Low,Transactions (last month) = 6 (lowers risk); Spend (last 3m) = 742.14 (lowers risk); Months since last purchase = 0 (lowers risk)
501775,2024-06,1,0.0024,0,Low,Transactions (last month) = 5 (lowers risk); App sessions (last 3m) = 7 (lowers risk); Months since last purchase = 0 (lowers risk)
501915,2024-06,1,0.0024,0,Low,Transactions (last month) = 6 (lowers risk); App sessions (last 3m) = 8 (lowers risk); Months since last purchase = 0 (lowers risk)
501843,2024-06,1,0.0024,0,Low,Transactions (last month) = 5 (lowers risk); Months since last purchase = 0 (lowers risk); Transactions (last 3m) = 14 (lowers risk)
502118,2024-06,1,0.0024,0,Low,Transactions (last month) = 7 (lowers risk); App sessions (last 3m) = 10 (lowers risk); Months since last purchase = 0 (lowers risk)
501416,2024-06,1,0.0024,0,Low,Transactions (last month) = 6 (lowers risk); Spend (last 3m) = 699.55 (lowers risk); Months since last purchase = 0 (lowers risk)
502472,2024-06,1,0.0024,0,Low,Transactions (last month) = 5 (lowers risk); Months since last purchase = 0 (lowers risk); Spend (last 3m) = 532.54 (lowers risk)
500589,2024-06,1,0.0024,0,Low,Transactions (last month) = 5 (lowers risk); Emails opened (last 3m) = 6 (lowers risk); Months since last purchase = 0 (lowers risk)
501964,2024-06,1,0.0024,0,Low,Transactions (last month) = 5 (lowers risk); Months since last purchase = 0 (lowers risk); Emails opened (last 3m) = 4 (lowers risk)
500617,2024-06,1,0.0024,0,Low,Transactions (last month) = 7 (lowers risk); Months since last purchase = 0 (lowers risk); Spend (last 3m) = 862.98 (lowers risk)
501822,2024-06,1,0.0024,0,Low,Transactions (last month) = 7 (lowers risk); App sessions (last 3m) = 8 (lowers risk); Months since last purchase = 0 (lowers risk)
502234,2024-06,1,0.0024,0,Low,Transactions (last month) = 7 (lowers risk); App sessions (last 3m) = 9 (lowers risk); Months since last purchase = 0 (lowers risk)
500676,2024-06,1,0.0024,0,Low,Transactions (last month) = 8 (lowers risk); Spend (last 3m) = 807.71 (lowers risk); Transactions (last 3m) = 31 (lowers risk)
502316,2024-06,1,0.0024,0,Low,Transactions (last month) = 5 (lowers risk); Spend (last 3m) = 625.3 (lowers risk); Months since last purchase = 0 (lowers risk)
501006,2024-06,1,0.0024,0,Low,Transactions (last month) = 5 (lowers risk); Emails opened (last 3m) = 6 (lowers risk); Spend (last 3m) = 577.95 (lowers risk)
502405,2024-06,1,0.0024,0,Low,Transactions (last month) = 6 (lowers risk); Months since last purchase = 0 (lowers risk); Transactions (last 3m) = 14 (lowers risk)
500438,2024-06,1,0.0024,0,Low,Transactions (last month) = 7 (lowers risk); App sessions (last 3m) = 10 (lowers risk); Spend (last 3m) = 1323.01 (lowers risk)
500717,2024-06,1,0.0024,0,Low,Transactions (last month) = 9 (lowers risk); Spend (last 3m) = 651.22 (lowers risk); Months since last purchase = 0 (lowers risk)
500351,2024-06,1,0.0023,0,Low,App sessions (last 3m) = 7 (lowers risk); Emails opened (last 3m) = 7 (lowers risk); Months since last purchase = 0 (lowers risk)
501136,2024-06,1,0.0023,0,Low,Transactions (last month) = 7 (lowers risk); Months since last purchase = 0 (lowers risk); Emails opened (last 3m) = 5 (lowers risk)
500381,2024-06,1,0.0023,0,Low,Transactions (last month) = 8 (lowers risk); App sessions (last 3m) = 12 (lowers risk); Months since last purchase = 0 (lowers risk)
501405,2024-06,1,0.0023,0,Low,Transactions (last month) = 6 (lowers risk); Months since last purchase = 0 (lowers risk); Spend (last 3m) = 568.84 (lowers risk)
500350,2024-06,1,0.0023,0,Low,Transactions (last month) = 5 (lowers risk); App sessions (last 3m) = 10 (lowers risk); Months since last purchase = 0 (lowers risk)
501704,2024-06,1,0.0023,0,Low,Transactions (last month) = 8 (lowers risk); Months since last purchase = 0 (lowers risk); Transactions (last 3m) = 17 (lowers risk)
500686,2024-06,1,0.0023,0,Low,Transactions (last month) = 5 (lowers risk); Spend (last 3m) = 585.18 (lowers risk); Months since last purchase = 0 (lowers risk)
501559,2024-06,1,0.0023,0,Low,Transactions (last month) = 7 (lowers risk); Spend (last 3m) = 848.05 (lowers risk); Months since last purchase = 0 (lowers risk)
501577,2024-06,1,0.0023,0,Low,Transactions (last month) = 6 (lowers risk); App sessions (last 3m) = 8 (lowers risk); Months since last purchase = 0 (lowers risk)
501677,2024-06,1,0.0023,0,Low,Transactions (last month) = 7 (lowers risk); Months since last purchase = 0 (lowers risk); Coupons redeemed (last 3m) = 2 (lowers risk)
501313,2024-06,1,0.0023,0,Low,Transactions (last month) = 8 (lowers risk); App sessions (last 3m) = 12 (lowers risk); Months since last purchase = 0 (lowers risk)
500266,2024-06,1,0.0023,0,Low,Transactions (last month) = 7 (lowers risk); App sessions (last 3m) = 7 (lowers risk); Months since last purchase = 0 (lowers risk)
501634,2024-06,1,0.0023,0,Low,Transactions (last month) = 8 (lowers risk); Spend (last 3m) = 909.28 (lowers risk); Transactions (last 3m) = 25 (lowers risk)
501774,2024-06,1,0.0023,0,Low,Transactions (last month) = 9 (lowers risk); App sessions (last 3m) = 15 (lowers risk); Spend (last 3m) = 891.56 (lowers risk)
502296,2024-06,1,0.0023,0,Low,Transactions (last month) = 6 (lowers risk); App sessions (last 3m) = 10 (lowers risk); Months since last purchase = 0 (lowers risk)
501741,2024-06,1,0.0023,0,Low,Transactions (last month) = 5 (lowers risk); Spend (last 3m) = 639.52 (lowers risk); Months since last purchase = 0 (lowers risk)
501640,2024-06,1,0.0023,0,Low,App sessions (last 3m) = 11 (lowers risk); Spend (last 3m) = 1040.91 (lowers risk); Months since last purchase = 0 (lowers risk)
501823,2024-06,1,0.0023,0,Low,Transactions (last month) = 6 (lowers risk); App sessions (last 3m) = 9 (lowers risk); Months since last purchase = 0 (lowers risk)
500091,2024-06,1,0.0023,0,Low,Transactions (last month) = 6 (lowers risk); Months since last purchase = 0 (lowers risk); Transactions (last 3m) = 18 (lowers risk)
501164,2024-06,1,0.0023,0,Low,Transactions (last month) = 9 (lowers risk); Months since last purchase = 0 (lowers risk); Spend (last 3m) = 874.43 (lowers risk)
500879,2024-06,1,0.0022,0,Low,Transactions (last month) = 7 (lowers risk); Months since last purchase = 0 (lowers risk); Promo share of purchases = 0.18 (lowers risk)
500029,2024-06,1,0.0022,0,Low,Transactions (last month) = 5 (lowers risk); App sessions (last 3m) = 8 (lowers risk); Transactions (last 3m) = 19 (lowers risk)
502371,2024-06,1,0.0022,0,Low,Transactions (last month) = 5 (lowers risk); App sessions (last 3m) = 8 (lowers risk); Months since last purchase = 0 (lowers risk)
502362,2024-06,1,0.0022,0,Low,Transactions (last month) = 7 (lowers risk); Spend (last 3m) = 624.67 (lowers risk); Months since last purchase = 0 (lowers risk)
501204,2024-06,1,0.0022,0,Low,Transactions (last month) = 8 (lowers risk); Spend (last 3m) = 734.44 (lowers risk); Transactions (last 3m) = 24 (lowers risk)
500830,2024-06,1,0.0022,0,Low,Transactions (last month) = 6 (lowers risk); Months since last purchase = 0 (lowers risk); Emails opened (last 3m) = 6 (lowers risk)
502525,2024-06,1,0.0022,0,Low,Transactions (last month) = 8 (lowers risk); App sessions (last 3m) = 8 (lowers risk); Months since last purchase = 0 (lowers risk)
501014,2024-06,1,0.0022,0,Low,Transactions (last month) = 7 (lowers risk); App sessions (last 3m) = 8 (lowers risk); Months since last purchase = 0 (lowers risk)
501497,2024-06,1,0.0022,0,Low,Transactions (last month) = 5 (lowers risk); Months since last purchase = 0 (lowers risk); Spend (last 3m) = 579.64 (lowers risk)
500305,2024-06,1,0.0022,0,Low,Transactions (last month) = 5 (lowers risk); Months since last purchase = 0 (lowers risk); Emails opened (last 3m) = 5 (lowers risk)
502449,2024-06,1,0.0022,0,Low,Emails opened (last 3m) = 8 (lowers risk); App sessions (last 3m) = 8 (lowers risk); Months since last purchase = 0 (lowers risk)
500422,2024-06,1,0.0022,0,Low,Transactions (last month) = 7 (lowers risk); Emails opened (last 3m) = 6 (lowers risk); Months since last purchase = 0 (lowers risk)
501462,2024-06,1,0.0022,0,Low,Transactions (last month) = 5 (lowers risk); Spend (last 3m) = 885.74 (lowers risk); Months since last purchase = 0 (lowers risk)
501396,2024-06,1,0.0022,0,Low,Transactions (last month) = 6 (lowers risk); Months since last purchase = 0 (lowers risk); Transactions (last 3m) = 24 (lowers risk)
500850,2024-06,1,0.0022,0,Low,Transactions (last month) = 8 (lowers risk); Months since last purchase = 0 (lowers risk); Promo share of purchases = 0.14 (lowers risk)
501274,2024-06,1,0.0022,0,Low,Transactions (last month) = 5 (lowers risk); App sessions (last 3m) = 7 (lowers risk); Months since last purchase = 0 (lowers risk)
501933,2024-06,1,0.0022,0,Low,Transactions (last month) = 6 (lowers risk); Months since last purchase = 0 (lowers risk); Transactions (last 3m) = 23 (lowers risk)
501922,2024-06,1,0.0022,0,Low,Transactions (last month) = 7 (lowers risk); Months since last purchase = 0 (lowers risk); Spend (last 3m) = 536.51 (lowers risk)
501057,2024-06,1,0.0022,0,Low,Transactions (last month) = 6 (lowers risk); App sessions (last 3m) = 9 (lowers risk); Support tickets (last 3m) = 2 (raises risk)
500143,2024-06,1,0.0022,0,Low,Transactions (last month) = 6 (lowers risk); App sessions (last 3m) = 8 (lowers risk); Months since last purchase = 0 (lowers risk)
501027,2024-06,1,0.0022,0,Low,Transactions (last month) = 8 (lowers risk); App sessions (last 3m) = 9 (lowers risk); Months since last purchase = 0 (lowers risk)
501609,2024-06,1,0.0022,0,Low,Transactions (last month) = 11 (lowers risk); Months since last purchase = 0 (lowers risk); Spend (last 3m) = 1601.95 (lowers risk)
500083,2024-06,1,0.0022,0,Low,App sessions (last 3m) = 7 (lowers risk); Spend (last 3m) = 608.63 (lowers risk); Months since last purchase = 0 (lowers risk)
500136,2024-06,1,0.0022,0,Low,Transactions (last month) = 10 (lowers risk); Spend (last 3m) = 543.65 (lowers risk); Months since last purchase = 0 (lowers risk)
500342,2024-06,1,0.0022,0,Low,Transactions (last month) = 9 (lowers risk); App sessions (last 3m) = 8 (lowers risk); Support tickets (last 3m) = 2 (raises risk)
500383,2024-06,1,0.0022,0,Low,Transactions (last month) = 5 (lowers risk); Months since last purchase = 0 (lowers risk); Transactions (last 3m) = 15 (lowers risk)
500809,2024-06,1,0.0021,0,Low,Transactions (last month) = 6 (lowers risk); Months since last purchase = 0 (lowers risk); Transactions (last 3m) = 15 (lowers risk)
502398,2024-06,1,0.0021,0,Low,Transactions (last month) = 8 (lowers risk); Months since last purchase = 0 (lowers risk); Transactions (last 3m) = 15 (lowers risk)
500910,2024-06,1,0.0021,0,Low,Transactions (last month) = 8 (lowers risk); Months since last purchase = 0 (lowers risk); Spend (last 3m) = 468.14 (lowers risk)
501709,2024-06,1,0.0021,0,Low,Transactions (last month) = 8 (lowers risk); Months since last purchase = 0 (lowers risk); Transactions (last 3m) = 20 (lowers risk)
500038,2024-06,1,0.0021,0,Low,Transactions (last month) = 7 (lowers risk); App sessions (last 3m) = 12 (lowers risk); Months since last purchase = 0 (lowers risk)
501637,2024-06,1,0.0021,0,Low,Transactions (last month) = 5 (lowers risk); Months since last purchase = 0 (lowers risk); Spend (last 3m) = 489.54 (lowers risk)
501466,2024-06,1,0.0021,0,Low,Transactions (last month) = 5 (lowers risk); App sessions (last 3m) = 9 (lowers risk); Support tickets (last 3m) = 2 (raises risk)
501387,2024-06,1,0.0021,0,Low,Transactions (last month) = 8 (lowers risk); Months since last purchase = 0 (lowers risk); Transactions (last 3m) = 17 (lowers risk)
502173,2024-06,1,0.0021,0,Low,Transactions (last month) = 5 (lowers risk); Months since last purchase = 0 (lowers risk); Transactions (last 3m) = 19 (lowers risk)
500986,2024-06,1,0.0021,0,Low,Transactions (last month) = 6 (lowers risk); App sessions (last 3m) = 10 (lowers risk); Months since last purchase = 0 (lowers risk)
502075,2024-06,1,0.0021,0,Low,Transactions (last month) = 5 (lowers risk); Spend (last 3m) = 701.98 (lowers risk); Months since last purchase = 0 (lowers risk)
500013,2024-06,1,0.0021,0,Low,Transactions (last month) = 6 (lowers risk); App sessions (last 3m) = 12 (lowers risk); Months since last purchase = 0 (lowers risk)
501018,2024-06,1,0.0021,0,Low,Transactions (last month) = 12 (lowers risk); Months since last purchase = 0 (lowers risk); Transactions (last 3m) = 15 (lowers risk)
500766,2024-06,1,0.0021,0,Low,Transactions (last month) = 6 (lowers risk); App sessions (last 3m) = 8 (lowers risk); Months since last purchase = 0 (lowers risk)
500328,2024-06,1,0.0021,0,Low,Transactions (last month) = 5 (lowers risk); Spend (last 3m) = 585.88 (lowers risk); Months since last purchase = 0 (lowers risk)
501780,2024-06,1,0.0021,0,Low,Transactions (last month) = 6 (lowers risk); App sessions (last 3m) = 11 (lowers risk); Spend (last 3m) = 658.26 (lowers risk)
500447,2024-06,1,0.0021,0,Low,Transactions (last month) = 5 (lowers risk); Months since last purchase = 0 (lowers risk); Transactions (last 3m) = 14 (lowers risk)
501540,2024-06,1,0.0021,0,Low,Transactions (last month) = 7 (lowers risk); Spend (last 3m) = 888.24 (lowers risk); Months since last purchase = 0 (lowers risk)
502500,2024-06,1,0.0021,0,Low,Transactions (last month) = 6 (lowers risk); App sessions (last 3m) = 10 (lowers risk); Months since last purchase = 0 (lowers risk)
502499,2024-06,1,0.0021,0,Low,Transactions (last month) = 8 (lowers risk); Months since last purchase = 0 (lowers risk); Emails opened (last 3m) = 6 (lowers risk)
501415,2024-06,1,0.0021,0,Low,Transactions (last month) = 6 (lowers risk); Months since last purchase = 0 (lowers risk); Transactions (last 3m) = 17 (lowers risk)
502157,2024-06,1,0.002,0,Low,Transactions (last month) = 5 (lowers risk); App sessions (last 3m) = 9 (lowers risk); Months since last purchase = 0 (lowers risk)
500502,2024-06,1,0.002,0,Low,Transactions (last month) = 5 (lowers risk); App sessions (last 3m) = 7 (lowers risk); Months since last purchase = 0 (lowers risk)
500595,2024-06,1,0.002,0,Low,Transactions (last month) = 5 (lowers risk); Months since last purchase = 0 (lowers risk); Transactions (last 3m) = 15 (lowers risk)
500008,2024-06,1,0.002,0,Low,Transactions (last month) = 9 (lowers risk); Spend (last 3m) = 889.64 (lowers risk); Months since last purchase = 0 (lowers risk)
502307,2024-06,1,0.002,0,Low,Transactions (last month) = 12 (lowers risk); App sessions (last 3m) = 18 (lowers risk); Spend (last 3m) = 572.26 (lowers risk)
500828,2024-06,1,0.002,0,Low,Transactions (last month) = 8 (lowers risk); App sessions (last 3m) = 7 (lowers risk); Months since last purchase = 0 (lowers risk)
501086,2024-06,1,0.002,0,Low,Transactions (last month) = 11 (lowers risk); Months since last purchase = 0 (lowers risk); Emails opened (last 3m) = 7 (lowers risk)
501407,2024-06,1,0.002,0,Low,Transactions (last month) = 7 (lowers risk); Spend (last 3m) = 846.58 (lowers risk); Months since last purchase = 0 (lowers risk)
501608,2024-06,1,0.002,0,Low,Transactions (last month) = 8 (lowers risk); App sessions (last 3m) = 11 (lowers risk); Months since last purchase = 0 (lowers risk)
500993,2024-06,1,0.002,0,Low,Transactions (last month) = 7 (lowers risk); Months since last purchase = 0 (lowers risk); Transactions (last 3m) = 16 (lowers risk)
500312,2024-06,1,0.002,0,Low,Transactions (last month) = 7 (lowers risk); App sessions (last 3m) = 13 (lowers risk); Spend (last 3m) = 662.78 (lowers risk)
502348,2024-06,1,0.002,0,Low,Transactions (last month) = 7 (lowers risk); App sessions (last 3m) = 7 (lowers risk); Months since last purchase = 0 (lowers risk)
501131,2024-06,1,0.002,0,Low,Transactions (last month) = 6 (lowers risk); Months since last purchase = 0 (lowers risk); Transactions (last 3m) = 14 (lowers risk)
501692,2024-06,1,0.002,0,Low,Transactions (last month) = 6 (lowers risk); Emails opened (last 3m) = 8 (lowers risk); Months since last purchase = 0 (lowers risk)
500479,2024-06,1,0.002,0,Low,Transactions (last month) = 8 (lowers risk); App sessions (last 3m) = 13 (lowers risk); Support tickets (last 3m) = 3 (raises risk)
501410,2024-06,1,0.002,0,Low,Transactions (last month) = 5 (lowers risk); App sessions (last 3m) = 12 (lowers risk); Months since last purchase = 0 (lowers risk)
501435,2024-06,1,0.002,0,Low,Transactions (last month) = 6 (lowers risk); App sessions (last 3m) = 12 (lowers risk); Transactions (last 3m) = 17 (lowers risk)
500275,2024-06,1,0.002,0,Low,Transactions (last month) = 6 (lowers risk); App sessions (last 3m) = 10 (lowers risk); Months since last purchase = 0 (lowers risk)
501266,2024-06,1,0.002,0,Low,Transactions (last month) = 5 (lowers risk); App sessions (last 3m) = 14 (lowers risk); Months since last purchase = 0 (lowers risk)
500976,2024-06,1,0.002,0,Low,Transactions (last month) = 7 (lowers risk); App sessions (last 3m) = 9 (lowers risk); Months since last purchase = 0 (lowers risk)
500934,2024-06,1,0.002,0,Low,Transactions (last month) = 5 (lowers risk); Months since last purchase = 0 (lowers risk); Transactions (last 3m) = 14 (lowers risk)
500291,2024-06,1,0.002,0,Low,App sessions (last 3m) = 8 (lowers risk); Months since last purchase = 0 (lowers risk); Spend (last 3m) = 617.65 (lowers risk)
501850,2024-06,1,0.002,0,Low,Transactions (last month) = 7 (lowers risk); Spend (last 3m) = 623.57 (lowers risk); Months since last purchase = 0 (lowers risk)
500548,2024-06,1,0.002,0,Low,Transactions (last month) = 8 (lowers risk); Months since last purchase = 0 (lowers risk); Transactions (last 3m) = 18 (lowers risk)
502065,2024-06,1,0.002,0,Low,Transactions (last month) = 8 (lowers risk); Emails opened (last 3m) = 6 (lowers risk); Months since last purchase = 0 (lowers risk)
501539,2024-06,1,0.002,0,Low,Transactions (last month) = 5 (lowers risk); App sessions (last 3m) = 10 (lowers risk); Months since last purchase = 0 (lowers risk)
501077,2024-06,1,0.002,0,Low,Transactions (last month) = 5 (lowers risk); App sessions (last 3m) = 7 (lowers risk); Months since last purchase = 0 (lowers risk)
501224,2024-06,1,0.0019,0,Low,Transactions (last month) = 5 (lowers risk); App sessions (last 3m) = 7 (lowers risk); Emails opened (last 3m) = 7 (lowers risk)
501386,2024-06,1,0.0019,0,Low,Transactions (last month) = 5 (lowers risk); App sessions (last 3m) = 9 (lowers risk); Months since last purchase = 0 (lowers risk)
500662,2024-06,1,0.0019,0,Low,Transactions (last month) = 6 (lowers risk); App sessions (last 3m) = 9 (lowers risk); Months since last purchase = 0 (lowers risk)
502335,2024-06,1,0.0019,0,Low,Transactions (last month) = 5 (lowers risk); App sessions (last 3m) = 7 (lowers risk); Months since last purchase = 0 (lowers risk)
501193,2024-06,1,0.0019,0,Low,Transactions (last month) = 5 (lowers risk); App sessions (last 3m) = 11 (lowers risk); Spend (last 3m) = 554.57 (lowers risk)
501130,2024-06,1,0.0019,0,Low,Transactions (last month) = 5 (lowers risk); App sessions (last 3m) = 10 (lowers risk); Months since last purchase = 0 (lowers risk)
500823,2024-06,1,0.0019,0,Low,Transactions (last month) = 6 (lowers risk); Months since last purchase = 0 (lowers risk); Emails opened (last 3m) = 6 (lowers risk)
502289,2024-06,1,0.0019,0,Low,Transactions (last month) = 5 (lowers risk); Spend (last 3m) = 853.01 (lowers risk); Months since last purchase = 0 (lowers risk)
501519,2024-06,1,0.0019,0,Low,Transactions (last month) = 6 (lowers risk); Spend (last 3m) = 655.89 (lowers risk); Months since last purchase = 0 (lowers risk)
501349,2024-06,1,0.0019,0,Low,Transactions (last month) = 7 (lowers risk); App sessions (last 3m) = 10 (lowers risk); Months since last purchase = 0 (lowers risk)
502188,2024-06,1,0.0019,0,Low,Transactions (last month) = 5 (lowers risk); App sessions (last 3m) = 8 (lowers risk); Months since last purchase = 0 (lowers risk)
500192,2024-06,1,0.0019,0,Low,Transactions (last month) = 7 (lowers risk); Months since last purchase = 0 (lowers risk); Transactions (last 3m) = 15 (lowers risk)
501465,2024-06,1,0.0019,0,Low,Transactions (last month) = 5 (lowers risk); Months since last purchase = 0 (lowers risk); Transactions (last 3m) = 15 (lowers risk)
501700,2024-06,1,0.0019,0,Low,Transactions (last month) = 10 (lowers risk); Months since last purchase = 0 (lowers risk); Transactions (last 3m) = 24 (lowers risk)
501690,2024-06,1,0.0019,0,Low,Transactions (last month) = 6 (lowers risk); App sessions (last 3m) = 11 (lowers risk); Months since last purchase = 0 (lowers risk)
500347,2024-06,1,0.0019,0,Low,Transactions (last month) = 8 (lowers risk); App sessions (last 3m) = 7 (lowers risk); Emails opened (last 3m) = 7 (lowers risk)
501424,2024-06,1,0.0019,0,Low,Transactions (last month) = 7 (lowers risk); Months since last purchase = 0 (lowers risk); Transactions (last 3m) = 17 (lowers risk)
501865,2024-06,1,0.0019,0,Low,Transactions (last month) = 6 (lowers risk); App sessions (last 3m) = 7 (lowers risk); Emails opened (last 3m) = 6 (lowers risk)
501054,2024-06,1,0.0019,0,Low,Transactions (last month) = 7 (lowers risk); Spend (last 3m) = 641.92 (lowers risk); Months since last purchase = 0 (lowers risk)
500599,2024-06,1,0.0019,0,Low,Transactions (last month) = 8 (lowers risk); Emails opened (last 3m) = 8 (lowers risk); App sessions (last 3m) = 11 (lowers risk)
501757,2024-06,1,0.0019,0,Low,Transactions (last month) = 5 (lowers risk); Months since last purchase = 0 (lowers risk); App sessions (last 3m) = 6 (lowers risk)
500356,2024-06,1,0.0019,0,Low,Transactions (last month) = 9 (lowers risk); App sessions (last 3m) = 9 (lowers risk); Spend (last 3m) = 663.44 (lowers risk)
501074,2024-06,1,0.0019,0,Low,Transactions (last month) = 7 (lowers risk); App sessions (last 3m) = 8 (lowers risk); Transactions (last 3m) = 18 (lowers risk)
502077,2024-06,1,0.0019,0,Low,Transactions (last month) = 6 (lowers risk); App sessions (last 3m) = 7 (lowers risk); Months since last purchase = 0 (lowers risk)
501205,2024-06,1,0.0018,0,Low,Transactions (last month) = 5 (lowers risk); App sessions (last 3m) = 12 (lowers risk); Months since last purchase = 0 (lowers risk)
500349,2024-06,1,0.0018,0,Low,Transactions (last month) = 8 (lowers risk); Spend (last 3m) = 678.81 (lowers risk); Transactions (last 3m) = 19 (lowers risk)
500387,2024-06,1,0.0018,0,Low,Transactions (last month) = 8 (lowers risk); Months since last purchase = 0 (lowers risk); Spend (last 3m) = 647.98 (lowers risk)
500810,2024-06,1,0.0018,0,Low,Transactions (last month) = 6 (lowers risk); Spend (last 3m) = 573.43 (lowers risk); Months since last purchase = 0 (lowers risk)
500486,2024-06,1,0.0018,0,Low,Transactions (last month) = 7 (lowers risk); App sessions (last 3m) = 7 (lowers risk); Months since last purchase = 0 (lowers risk)
501678,2024-06,1,0.0018,0,Low,Transactions (last month) = 6 (lowers risk); App sessions (last 3m) = 10 (lowers risk); Months since last purchase = 0 (lowers risk)
500134,2024-06,1,0.0018,0,Low,Transactions (last month) = 11 (lowers risk); App sessions (last 3m) = 9 (lowers risk); Spend (last 3m) = 671.43 (lowers risk)
502099,2024-06,1,0.0018,0,Low,Transactions (last month) = 6 (lowers risk); Months since last purchase = 0 (lowers risk); Emails opened (last 3m) = 6 (lowers risk)
501325,2024-06,1,0.0018,0,Low,Transactions (last month) = 5 (lowers risk); App sessions (last 3m) = 9 (lowers risk); Emails opened (last 3m) = 6 (lowers risk)
501327,2024-06,1,0.0018,0,Low,Transactions (last month) = 6 (lowers risk); App sessions (last 3m) = 8 (lowers risk); Months since last purchase = 0 (lowers risk)
501524,2024-06,1,0.0018,0,Low,Transactions (last month) = 5 (lowers risk); Months since last purchase = 0 (lowers risk); Spend (last 3m) = 567.27 (lowers risk)
502471,2024-06,1,0.0018,0,Low,Transactions (last month) = 6 (lowers risk); Emails opened (last 3m) = 7 (lowers risk); Months since last purchase = 0 (lowers risk)
501650,2024-06,1,0.0018,0,Low,Transactions (last month) = 8 (lowers risk); App sessions (last 3m) = 13 (lowers risk); Spend (last 3m) = 1155.4 (lowers risk)
500510,2024-06,1,0.0018,0,Low,Transactions (last month) = 12 (lowers risk); App sessions (last 3m) = 9 (lowers risk); Spend (last 3m) = 558.84 (lowers risk)
500974,2024-06,1,0.0018,0,Low,Transactions (last month) = 14 (lowers risk); App sessions (last 3m) = 10 (lowers risk); Spend (last 3m) = 971.83 (lowers risk)
501311,2024-06,1,0.0018,0,Low,Transactions (last month) = 7 (lowers risk); Months since last purchase = 0 (lowers risk); Spend (last 3m) = 638.38 (lowers risk)
500966,2024-06,1,0.0018,0,Low,Transactions (last month) = 7 (lowers risk); App sessions (last 3m) = 8 (lowers risk); Spend (last 3m) = 585.15 (lowers risk)
502177,2024-06,1,0.0018,0,Low,Transactions (last month) = 5 (lowers risk); Months since last purchase = 0 (lowers risk); Spend (last 3m) = 566.8 (lowers risk)
500071,2024-06,1,0.0018,0,Low,Transactions (last month) = 6 (lowers risk); App sessions (last 3m) = 9 (lowers risk); Months since last purchase = 0 (lowers risk)
501851,2024-06,1,0.0018,0,Low,Transactions (last month) = 5 (lowers risk); App sessions (last 3m) = 7 (lowers risk); Months since last purchase = 0 (lowers risk)
500960,2024-06,1,0.0018,0,Low,Transactions (last month) = 5 (lowers risk); Emails opened (last 3m) = 9 (lowers risk); App sessions (last 3m) = 7 (lowers risk)
500846,2024-06,1,0.0018,0,Low,Transactions (last month) = 5 (lowers risk); App sessions (last 3m) = 9 (lowers risk); Months since last purchase = 0 (lowers risk)
500334,2024-06,1,0.0018,0,Low,Transactions (last month) = 10 (lowers risk); Months since last purchase = 0 (lowers risk); Spend (last 3m) = 554.79 (lowers risk)
501160,2024-06,1,0.0018,0,Low,Transactions (last month) = 6 (lowers risk); Spend (last 3m) = 554.41 (lowers risk); Months since last purchase = 0 (lowers risk)
500733,2024-06,1,0.0018,0,Low,Transactions (last month) = 6 (lowers risk); Spend (last 3m) = 722.63 (lowers risk); Months since last purchase = 0 (lowers risk)
501025,2024-06,1,0.0018,0,Low,Transactions (last month) = 10 (lowers risk); App sessions (last 3m) = 11 (lowers risk); Months since last purchase = 0 (lowers risk)
502461,2024-06,1,0.0018,0,Low,Transactions (last month) = 10 (lowers risk); Months since last purchase = 0 (lowers risk); Emails opened (last 3m) = 5 (lowers risk)
501555,2024-06,1,0.0018,0,Low,Transactions (last month) = 6 (lowers risk); App sessions (last 3m) = 12 (lowers risk); Months since last purchase = 0 (lowers risk)
501159,2024-06,1,0.0018,0,Low,Transactions (last month) = 9 (lowers risk); Spend (last 3m) = 572.53 (lowers risk); Months since last purchase = 0 (lowers risk)
501105,2024-06,1,0.0017,0,Low,Transactions (last month) = 6 (lowers risk); Months since last purchase = 0 (lowers risk); Spend (last 3m) = 728.73 (lowers risk)
500875,2024-06,1,0.0017,0,Low,Transactions (last month) = 9 (lowers risk); App sessions (last 3m) = 10 (lowers risk); Months since last purchase = 0 (lowers risk)
502015,2024-06,1,0.0017,0,Low,Transactions (last month) = 6 (lowers risk); Months since last purchase = 0 (lowers risk); Transactions (last 3m) = 17 (lowers risk)
500870,2024-06,1,0.0017,0,Low,Transactions (last month) = 6 (lowers risk); Months since last purchase = 0 (lowers risk); Spend (last 3m) = 777.94 (lowers risk)
501379,2024-06,1,0.0017,0,Low,Transactions (last month) = 8 (lowers risk); Months since last purchase = 0 (lowers risk); App sessions (last 3m) = 16 (lowers risk)
500647,2024-06,1,0.0017,0,Low,Transactions (last month) = 7 (lowers risk); Months since last purchase = 0 (lowers risk); Transactions (last 3m) = 14 (lowers risk)
502203,2024-06,1,0.0017,0,Low,Transactions (last month) = 5 (lowers risk); App sessions (last 3m) = 7 (lowers risk); Months since last purchase = 0 (lowers risk)
500060,2024-06,1,0.0017,0,Low,Transactions (last month) = 8 (lowers risk); App sessions (last 3m) = 8 (lowers risk); Spend (last 3m) = 680.96 (lowers risk)
500841,2024-06,1,0.0017,0,Low,Transactions (last month) = 7 (lowers risk); Months since last purchase = 0 (lowers risk); Emails opened (last 3m) = 6 (lowers risk)
500181,2024-06,1,0.0017,0,Low,Transactions (last month) = 5 (lowers risk); App sessions (last 3m) = 11 (lowers risk); Months since last purchase = 0 (lowers risk)
500231,2024-06,1,0.0017,0,Low,Transactions (last month) = 7 (lowers risk); Emails opened (last 3m) = 8 (lowers risk); Months since last purchase = 0 (lowers risk)
500587,2024-06,1,0.0017,0,Low,Transactions (last month) = 10 (lowers risk); Spend (last 3m) = 623.4 (lowers risk); Months since last purchase = 0 (lowers risk)
502231,2024-06,1,0.0017,0,Low,Transactions (last month) = 8 (lowers risk); App sessions (last 3m) = 7 (lowers risk); Months since last purchase = 0 (lowers risk)
500057,2024-06,1,0.0017,0,Low,Transactions (last month) = 12 (lowers risk); App sessions (last 3m) = 10 (lowers risk); Transactions (last 3m) = 29 (lowers risk)
500285,2024-06,1,0.0017,0,Low,Transactions (last month) = 6 (lowers risk); Spend (last 3m) = 787.69 (lowers risk); Months since last purchase = 0 (lowers risk)
500245,2024-06,1,0.0017,0,Low,Transactions (last month) = 7 (lowers risk); App sessions (last 3m) = 8 (lowers risk); Months since last purchase = 0 (lowers risk)
500915,2024-06,1,0.0017,0,Low,Transactions (last month) = 8 (lowers risk); Transactions (last 3m) = 20 (lowers risk); Spend (last 3m) = 822.47 (lowers risk)
501642,2024-06,1,0.0017,0,Low,Transactions (last month) = 5 (lowers risk); Emails opened (last 3m) = 7 (lowers risk); Months since last purchase = 0 (lowers risk)
501911,2024-06,1,0.0017,0,Low,Transactions (last month) = 6 (lowers risk); App sessions (last 3m) = 10 (lowers risk); Months since last purchase = 0 (lowers risk)
500979,2024-06,1,0.0017,0,Low,Transactions (last month) = 9 (lowers risk); Spend (last 3m) = 576.2 (lowers risk); Transactions (last 3m) = 18 (lowers risk)
501228,2024-06,1,0.0017,0,Low,Transactions (last month) = 7 (lowers risk); Months since last purchase = 0 (lowers risk); Transactions (last 3m) = 18 (lowers risk)
500315,2024-06,1,0.0017,0,Low,Transactions (last month) = 8 (lowers risk); App sessions (last 3m) = 8 (lowers risk); Spend (last 3m) = 1034.69 (lowers risk)
501151,2024-06,1,0.0017,0,Low,Transactions (last month) = 6 (lowers risk); Spend (last 3m) = 572.43 (lowers risk); Months since last purchase = 0 (lowers risk)
501143,2024-06,1,0.0017,0,Low,Transactions (last month) = 5 (lowers risk); Months since last purchase = 0 (lowers risk); Spend (last 3m) = 723.96 (lowers risk)
500698,2024-06,1,0.0017,0,Low,Transactions (last month) = 6 (lowers risk); App sessions (last 3m) = 14 (lowers risk); Spend (last 3m) = 567.03 (lowers risk)
500450,2024-06,1,0.0017,0,Low,Transactions (last month) = 6 (lowers risk); App sessions (last 3m) = 13 (lowers risk); Months since last purchase = 0 (lowers risk)
501381,2024-06,1,0.0017,0,Low,Transactions (last month) = 6 (lowers risk); Spend (last 3m) = 741.27 (lowers risk); Months since last purchase = 0 (lowers risk)
500257,2024-06,1,0.0017,0,Low,Transactions (last month) = 12 (lowers risk); Spend (last 3m) = 754.79 (lowers risk); Months since last purchase = 0 (lowers risk)
501697,2024-06,1,0.0017,0,Low,Transactions (last month) = 9 (lowers risk); App sessions (last 3m) = 16 (lowers risk); Spend (last 3m) = 918.36 (lowers risk)
501601,2024-06,1,0.0017,0,Low,Transactions (last month) = 8 (lowers risk); Emails opened (last 3m) = 6 (lowers risk); Months since last purchase = 0 (lowers risk)
502379,2024-06,1,0.0017,0,Low,Transactions (last month) = 12 (lowers risk); App sessions (last 3m) = 10 (lowers risk); Spend (last 3m) = 575 (lowers risk)
501682,2024-06,1,0.0017,0,Low,Transactions (last month) = 7 (lowers risk); Spend (last 3m) = 774.32 (lowers risk); Months since last purchase = 0 (lowers risk)
500122,2024-06,1,0.0016,0,Low,Transactions (last month) = 5 (lowers risk); App sessions (last 3m) = 11 (lowers risk); Months since last purchase = 0 (lowers risk)
501031,2024-06,1,0.0016,0,Low,Transactions (last month) = 5 (lowers risk); App sessions (last 3m) = 8 (lowers risk); Months since last purchase = 0 (lowers risk)
502489,2024-06,1,0.0016,0,Low,Transactions (last month) = 8 (lowers risk); Months since last purchase = 0 (lowers risk); Spend (last 3m) = 886.83 (lowers risk)
500380,2024-06,1,0.0016,0,Low,Transactions (last month) = 5 (lowers risk); Months since last purchase = 0 (lowers risk); Spend (last 3m) = 613.17 (lowers risk)
501125,2024-06,1,0.0016,0,Low,Transactions (last month) = 5 (lowers risk); App sessions (last 3m) = 9 (lowers risk); Months since last purchase = 0 (lowers risk)
502326,2024-06,1,0.0016,0,Low,Transactions (last month) = 10 (lowers risk); Transactions (last 3m) = 26 (lowers risk); Spend (last 3m) = 608.14 (lowers risk)
501494,2024-06,1,0.0016,0,Low,Transactions (last month) = 10 (lowers risk); Spend (last 3m) = 904.94 (lowers risk); Months since last purchase = 0 (lowers risk)
502332,2024-06,1,0.0016,0,Low,Transactions (last month) = 10 (lowers risk); App sessions (last 3m) = 10 (lowers risk); Months since last purchase = 0 (lowers risk)
500358,2024-06,1,0.0016,0,Low,Transactions (last month) = 12 (lowers risk); App sessions (last 3m) = 8 (lowers risk); Months since last purchase = 0 (lowers risk)
500980,2024-06,1,0.0016,0,Low,Transactions (last month) = 7 (lowers risk); Months since last purchase = 0 (lowers risk); Spend (last 3m) = 798.03 (lowers risk)
500765,2024-06,1,0.0016,0,Low,Transactions (last month) = 7 (lowers risk); App sessions (last 3m) = 9 (lowers risk); Spend (last 3m) = 657.04 (lowers risk)
500771,2024-06,1,0.0016,0,Low,Transactions (last month) = 10 (lowers risk); App sessions (last 3m) = 19 (lowers risk); Spend (last 3m) = 531.19 (lowers risk)
501259,2024-06,1,0.0016,0,Low,Transactions (last month) = 8 (lowers risk); Spend (last 3m) = 801.9 (lowers risk); Months since last purchase = 0 (lowers risk)
502510,2024-06,1,0.0016,0,Low,Transactions (last month) = 7 (lowers risk); App sessions (last 3m) = 8 (lowers risk); Spend (last 3m) = 802.5 (lowers risk)
501739,2024-06,1,0.0016,0,Low,Transactions (last month) = 5 (lowers risk); Emails opened (last 3m) = 7 (lowers risk); Months since last purchase = 0 (lowers risk)
501934,2024-06,1,0.0016,0,Low,Transactions (last month) = 7 (lowers risk); App sessions (last 3m) = 12 (lowers risk); Spend (last 3m) = 592.36 (lowers risk)
502285,2024-06,1,0.0016,0,Low,Transactions (last month) = 9 (lowers risk); Spend (last 3m) = 526.8 (lowers risk); Months since last purchase = 0 (lowers risk)
501858,2024-06,1,0.0016,0,Low,Transactions (last month) = 6 (lowers risk); App sessions (last 3m) = 10 (lowers risk); Months since last purchase = 0 (lowers risk)
500726,2024-06,1,0.0016,0,Low,Transactions (last month) = 8 (lowers risk); App sessions (last 3m) = 7 (lowers risk); Months since last purchase = 0 (lowers risk)
500704,2024-06,1,0.0016,0,Low,Transactions (last month) = 9 (lowers risk); App sessions (last 3m) = 17 (lowers risk); Spend (last 3m) = 905.19 (lowers risk)
502436,2024-06,1,0.0016,0,Low,Transactions (last month) = 8 (lowers risk); App sessions (last 3m) = 8 (lowers risk); Months since last purchase = 0 (lowers risk)
502432,2024-06,1,0.0016,0,Low,Transactions (last month) = 10 (lowers risk); App sessions (last 3m) = 9 (lowers risk); Months since last purchase = 0 (lowers risk)
500978,2024-06,1,0.0016,0,Low,Transactions (last month) = 17 (lowers risk); Months since last purchase = 0 (lowers risk); Spend (last 3m) = 709.38 (lowers risk)
502393,2024-06,1,0.0016,0,Low,Transactions (last month) = 9 (lowers risk); Spend (last 3m) = 797.37 (lowers risk); Months since last purchase = 0 (lowers risk)
501094,2024-06,1,0.0016,0,Low,Transactions (last month) = 6 (lowers risk); App sessions (last 3m) = 14 (lowers risk); Months since last purchase = 0 (lowers risk)
502109,2024-06,1,0.0016,0,Low,Transactions (last month) = 6 (lowers risk); App sessions (last 3m) = 7 (lowers risk); Spend (last 3m) = 543.91 (lowers risk)
501075,2024-06,1,0.0016,0,Low,Transactions (last month) = 9 (lowers risk); Months since last purchase = 0 (lowers risk); App sessions (last 3m) = 14 (lowers risk)
501096,2024-06,1,0.0016,0,Low,Transactions (last month) = 9 (lowers risk); App sessions (last 3m) = 12 (lowers risk); Months since last purchase = 0 (lowers risk)
500021,2024-06,1,0.0016,0,Low,Transactions (last month) = 7 (lowers risk); App sessions (last 3m) = 9 (lowers risk); Months since last purchase = 0 (lowers risk)
502277,2024-06,1,0.0016,0,Low,Transactions (last month) = 10 (lowers risk); Spend (last 3m) = 769.08 (lowers risk); Months since last purchase = 0 (lowers risk)
500543,2024-06,1,0.0016,0,Low,Transactions (last month) = 6 (lowers risk); Emails opened (last 3m) = 7 (lowers risk); Spend (last 3m) = 536.43 (lowers risk)
501436,2024-06,1,0.0015,0,Low,Transactions (last month) = 5 (lowers risk); App sessions (last 3m) = 7 (lowers risk); Months since last purchase = 0 (lowers risk)
502269,2024-06,1,0.0015,0,Low,Transactions (last month) = 7 (lowers risk); App sessions (last 3m) = 13 (lowers risk); Spend (last 3m) = 759.11 (lowers risk)
502249,2024-06,1,0.0015,0,Low,Transactions (last month) = 10 (lowers risk); App sessions (last 3m) = 13 (lowers risk); Months since last purchase = 0 (lowers risk)
500536,2024-06,1,0.0015,0,Low,Transactions (last month) = 8 (lowers risk); Emails opened (last 3m) = 9 (lowers risk); Months since last purchase = 0 (lowers risk)
500215,2024-06,1,0.0015,0,Low,Transactions (last month) = 9 (lowers risk); App sessions (last 3m) = 14 (lowers risk); Transactions (last 3m) = 24 (lowers risk)
500898,2024-06,1,0.0015,0,Low,Transactions (last month) = 5 (lowers risk); App sessions (last 3m) = 8 (lowers risk); Months since last purchase = 0 (lowers risk)
501549,2024-06,1,0.0015,0,Low,Transactions (last month) = 10 (lowers risk); App sessions (last 3m) = 11 (lowers risk); Months since last purchase = 0 (lowers risk)
500301,2024-06,1,0.0015,0,Low,Transactions (last month) = 11 (lowers risk); Months since last purchase = 0 (lowers risk); Transactions (last 3m) = 24 (lowers risk)
502427,2024-06,1,0.0015,0,Low,Transactions (last month) = 7 (lowers risk); App sessions (last 3m) = 7 (lowers risk); Spend (last 3m) = 655.42 (lowers risk)
500500,2024-06,1,0.0015,0,Low,Transactions (last month) = 5 (lowers risk); App sessions (last 3m) = 12 (lowers risk); Months since last purchase = 0 (lowers risk)
500512,2024-06,1,0.0015,0,Low,Transactions (last month) = 11 (lowers risk); App sessions (last 3m) = 9 (lowers risk); Spend (last 3m) = 986.25 (lowers risk)
500028,2024-06,1,0.0015,0,Low,Transactions (last month) = 5 (lowers risk); App sessions (last 3m) = 14 (lowers risk); Transactions (last 3m) = 15 (lowers risk)
500570,2024-06,1,0.0015,0,Low,Transactions (last month) = 6 (lowers risk); App sessions (last 3m) = 14 (lowers risk); Spend (last 3m) = 711.41 (lowers risk)
500138,2024-06,1,0.0015,0,Low,Transactions (last month) = 11 (lowers risk); App sessions (last 3m) = 7 (lowers risk); Months since last purchase = 0 (lowers risk)
501921,2024-06,1,0.0015,0,Low,Transactions (last month) = 8 (lowers risk); App sessions (last 3m) = 7 (lowers risk); Emails opened (last 3m) = 7 (lowers risk)
500335,2024-06,1,0.0015,0,Low,Transactions (last month) = 11 (lowers risk); App sessions (last 3m) = 10 (lowers risk); Spend (last 3m) = 755.32 (lowers risk)
500064,2024-06,1,0.0015,0,Low,Transactions (last month) = 7 (lowers risk); App sessions (last 3m) = 11 (lowers risk); Months since last purchase = 0 (lowers risk)
500040,2024-06,1,0.0015,0,Low,Transactions (last month) = 6 (lowers risk); App sessions (last 3m) = 10 (lowers risk); Months since last purchase = 0 (lowers risk)
500250,2024-06,1,0.0015,0,Low,Transactions (last month) = 8 (lowers risk); App sessions (last 3m) = 10 (lowers risk); Spend (last 3m) = 588.77 (lowers risk)
500255,2024-06,1,0.0015,0,Low,Transactions (last month) = 9 (lowers risk); Spend (last 3m) = 754.82 (lowers risk); App sessions (last 3m) = 16 (lowers risk)
500174,2024-06,1,0.0015,0,Low,Transactions (last month) = 6 (lowers risk); Months since last purchase = 0 (lowers risk); Emails opened (last 3m) = 5 (lowers risk)
502319,2024-06,1,0.0015,0,Low,Transactions (last month) = 10 (lowers risk); Spend (last 3m) = 698.87 (lowers risk); Months since last purchase = 0 (lowers risk)
502293,2024-06,1,0.0015,0,Low,Transactions (last month) = 5 (lowers risk); App sessions (last 3m) = 8 (lowers risk); Months since last purchase = 0 (lowers risk)
502480,2024-06,1,0.0015,0,Low,Transactions (last month) = 16 (lowers risk); Spend (last 3m) = 1231.1 (lowers risk); App sessions (last 3m) = 15 (lowers risk)
501344,2024-06,1,0.0015,0,Low,Transactions (last month) = 10 (lowers risk); Emails opened (last 3m) = 11 (lowers risk); Months since last purchase = 0 (lowers risk)
500824,2024-06,1,0.0015,0,Low,Transactions (last month) = 7 (lowers risk); App sessions (last 3m) = 8 (lowers risk); Spend (last 3m) = 622.41 (lowers risk)
500639,2024-06,1,0.0015,0,Low,Transactions (last month) = 5 (lowers risk); App sessions (last 3m) = 14 (lowers risk); Spend (last 3m) = 1138.93 (lowers risk)
501400,2024-06,1,0.0015,0,Low,Transactions (last month) = 8 (lowers risk); Spend (last 3m) = 595.16 (lowers risk); Months since last purchase = 0 (lowers risk)
500400,2024-06,1,0.0015,0,Low,Transactions (last month) = 9 (lowers risk); Spend (last 3m) = 647 (lowers risk); Months since last purchase = 0 (lowers risk)
501178,2024-06,1,0.0015,0,Low,Transactions (last month) = 6 (lowers risk); App sessions (last 3m) = 11 (lowers risk); Months since last purchase = 0 (lowers risk)
501648,2024-06,1,0.0015,0,Low,Transactions (last month) = 6 (lowers risk); App sessions (last 3m) = 8 (lowers risk); Emails opened (last 3m) = 6 (lowers risk)
501437,2024-06,1,0.0015,0,Low,Transactions (last month) = 13 (lowers risk); App sessions (last 3m) = 8 (lowers risk); Months since last purchase = 0 (lowers risk)
500270,2024-06,1,0.0015,0,Low,Transactions (last month) = 8 (lowers risk); App sessions (last 3m) = 10 (lowers risk); Spend (last 3m) = 530.07 (lowers risk)
501068,2024-06,1,0.0015,0,Low,Transactions (last month) = 8 (lowers risk); App sessions (last 3m) = 10 (lowers risk); Spend (last 3m) = 776.61 (lowers risk)
501236,2024-06,1,0.0015,0,Low,Transactions (last month) = 6 (lowers risk); App sessions (last 3m) = 7 (lowers risk); Months since last purchase = 0 (lowers risk)
501298,2024-06,1,0.0015,0,Low,Transactions (last month) = 12 (lowers risk); App sessions (last 3m) = 15 (lowers risk); Months since last purchase = 0 (lowers risk)
501261,2024-06,1,0.0015,0,Low,Transactions (last month) = 5 (lowers risk); App sessions (last 3m) = 9 (lowers risk); Months since last purchase = 0 (lowers risk)
500039,2024-06,1,0.0015,0,Low,Transactions (last month) = 9 (lowers risk); App sessions (last 3m) = 13 (lowers risk); Spend (last 3m) = 564.53 (lowers risk)
501124,2024-06,1,0.0015,0,Low,Transactions (last month) = 7 (lowers risk); App sessions (last 3m) = 8 (lowers risk); Months since last purchase = 0 (lowers risk)
500392,2024-06,1,0.0015,0,Low,Transactions (last month) = 9 (lowers risk); Spend (last 3m) = 690.49 (lowers risk); Months since last purchase = 0 (lowers risk)
500474,2024-06,1,0.0015,0,Low,Transactions (last month) = 6 (lowers risk); Months since last purchase = 0 (lowers risk); Spend (last 3m) = 653.82 (lowers risk)
502474,2024-06,1,0.0015,0,Low,Transactions (last month) = 6 (lowers risk); Spend (last 3m) = 540.87 (lowers risk); Months since last purchase = 0 (lowers risk)
502536,2024-06,1,0.0015,0,Low,Transactions (last month) = 6 (lowers risk); App sessions (last 3m) = 9 (lowers risk); Transactions (last 3m) = 21 (lowers risk)
501457,2024-06,1,0.0015,0,Low,Transactions (last month) = 7 (lowers risk); Emails opened (last 3m) = 7 (lowers risk); Months since last purchase = 0 (lowers risk)
500205,2024-06,1,0.0014,0,Low,Transactions (last month) = 7 (lowers risk); App sessions (last 3m) = 8 (lowers risk); Spend (last 3m) = 583.66 (lowers risk)
501201,2024-06,1,0.0014,0,Low,Transactions (last month) = 5 (lowers risk); App sessions (last 3m) = 8 (lowers risk); Months since last purchase = 0 (lowers risk)
501710,2024-06,1,0.0014,0,Low,Transactions (last month) = 6 (lowers risk); Spend (last 3m) = 786.58 (lowers risk); Months since last purchase = 0 (lowers risk)
502356,2024-06,1,0.0014,0,Low,Transactions (last month) = 6 (lowers risk); App sessions (last 3m) = 7 (lowers risk); Months since last purchase = 0 (lowers risk)
500046,2024-06,1,0.0014,0,Low,Transactions (last month) = 6 (lowers risk); App sessions (last 3m) = 7 (lowers risk); Months since last purchase = 0 (lowers risk)
500048,2024-06,1,0.0014,0,Low,Transactions (last month) = 5 (lowers risk); Months since last purchase = 0 (lowers risk); Spend (last 3m) = 623.9 (lowers risk)
500385,2024-06,1,0.0014,0,Low,Transactions (last month) = 10 (lowers risk); App sessions (last 3m) = 10 (lowers risk); Months since last purchase = 0 (lowers risk)
502127,2024-06,1,0.0014,0,Low,Transactions (last month) = 6 (lowers risk); App sessions (last 3m) = 8 (lowers risk); Months since last purchase = 0 (lowers risk)
502011,2024-06,1,0.0014,0,Low,Transactions (last month) = 5 (lowers risk); Spend (last 3m) = 733.19 (lowers risk); Months since last purchase = 0 (lowers risk)
501668,2024-06,1,0.0014,0,Low,Transactions (last month) = 5 (lowers risk); App sessions (last 3m) = 7 (lowers risk); Spend (last 3m) = 636.61 (lowers risk)
500959,2024-06,1,0.0014,0,Low,Transactions (last month) = 8 (lowers risk); App sessions (last 3m) = 12 (lowers risk); Spend (last 3m) = 769.85 (lowers risk)
500540,2024-06,1,0.0014,0,Low,Transactions (last month) = 5 (lowers risk); Months since last purchase = 0 (lowers risk); Spend (last 3m) = 614.82 (lowers risk)
500180,2024-06,1,0.0014,0,Low,Transactions (last month) = 8 (lowers risk); App sessions (last 3m) = 10 (lowers risk); Spend (last 3m) = 1313.29 (lowers risk)
501271,2024-06,1,0.0014,0,Low,Transactions (last month) = 9 (lowers risk); App sessions (last 3m) = 10 (lowers risk); Spend (last 3m) = 584.3 (lowers risk)
500574,2024-06,1,0.0014,0,Low,Transactions (last month) = 9 (lowers risk); App sessions (last 3m) = 8 (lowers risk); Months since last purchase = 0 (lowers risk)
502546,2024-06,1,0.0014,0,Low,Transactions (last month) = 6 (lowers risk); App sessions (last 3m) = 12 (lowers risk); Months since last purchase = 0 (lowers risk)
500321,2024-06,1,0.0014,0,Low,Transactions (last month) = 5 (lowers risk); App sessions (last 3m) = 9 (lowers risk); Spend (last 3m) = 695.76 (lowers risk)
501088,2024-06,1,0.0014,0,Low,Transactions (last month) = 6 (lowers risk); App sessions (last 3m) = 8 (lowers risk); Months since last purchase = 0 (lowers risk)
502263,2024-06,1,0.0014,0,Low,Transactions (last month) = 6 (lowers risk); App sessions (last 3m) = 9 (lowers risk); Months since last purchase = 0 (lowers risk)
500429,2024-06,1,0.0014,0,Low,Transactions (last month) = 5 (lowers risk); App sessions (last 3m) = 12 (lowers risk); Spend (last 3m) = 788.33 (lowers risk)
502205,2024-06,1,0.0014,0,Low,Transactions (last month) = 7 (lowers risk); App sessions (last 3m) = 8 (lowers risk); Months since last purchase = 0 (lowers risk)
500408,2024-06,1,0.0014,0,Low,Transactions (last month) = 7 (lowers risk); Spend (last 3m) = 553.27 (lowers risk); App sessions (last 3m) = 14 (lowers risk)
500675,2024-06,1,0.0014,0,Low,Transactions (last month) = 7 (lowers risk); App sessions (last 3m) = 14 (lowers risk); Spend (last 3m) = 613.07 (lowers risk)
501616,2024-06,1,0.0014,0,Low,Transactions (last month) = 12 (lowers risk); App sessions (last 3m) = 10 (lowers risk); Spend (last 3m) = 1811.7 (lowers risk)
500921,2024-06,1,0.0014,0,Low,Transactions (last month) = 12 (lowers risk); App sessions (last 3m) = 10 (lowers risk); Spend (last 3m) = 819.91 (lowers risk)
501211,2024-06,1,0.0014,0,Low,Transactions (last month) = 6 (lowers risk); App sessions (last 3m) = 18 (lowers risk); Months since last purchase = 0 (lowers risk)
502487,2024-06,1,0.0014,0,Low,Transactions (last month) = 7 (lowers risk); Months since last purchase = 0 (lowers risk); Spend (last 3m) = 611 (lowers risk)
502048,2024-06,1,0.0014,0,Low,Transactions (last month) = 5 (lowers risk); App sessions (last 3m) = 7 (lowers risk); Spend (last 3m) = 793.04 (lowers risk)
501382,2024-06,1,0.0014,0,Low,Transactions (last month) = 6 (lowers risk); App sessions (last 3m) = 7 (lowers risk); Months since last purchase = 0 (lowers risk)
502137,2024-06,1,0.0014,0,Low,Transactions (last month) = 8 (lowers risk); App sessions (last 3m) = 16 (lowers risk); Spend (last 3m) = 570.08 (lowers risk)
501003,2024-06,1,0.0014,0,Low,Transactions (last month) = 9 (lowers risk); App sessions (last 3m) = 9 (lowers risk); Spend (last 3m) = 677.18 (lowers risk)
501738,2024-06,1,0.0014,0,Low,Transactions (last month) = 10 (lowers risk); App sessions (last 3m) = 12 (lowers risk); Months since last purchase = 0 (lowers risk)
500434,2024-06,1,0.0014,0,Low,Transactions (last month) = 7 (lowers risk); Months since last purchase = 0 (lowers risk); Emails opened (last 3m) = 6 (lowers risk)
501202,2024-06,1,0.0014,0,Low,Transactions (last month) = 8 (lowers risk); Months since last purchase = 0 (lowers risk); App sessions (last 3m) = 14 (lowers risk)
501651,2024-06,1,0.0014,0,Low,Transactions (last month) = 6 (lowers risk); App sessions (last 3m) = 13 (lowers risk); Emails opened (last 3m) = 7 (lowers risk)
501864,2024-06,1,0.0014,0,Low,Transactions (last month) = 6 (lowers risk); App sessions (last 3m) = 7 (lowers risk); Spend (last 3m) = 720.89 (lowers risk)
500721,2024-06,1,0.0014,0,Low,Transactions (last month) = 6 (lowers risk); App sessions (last 3m) = 10 (lowers risk); Months since last purchase = 0 (lowers risk)
501835,2024-06,1,0.0014,0,Low,Transactions (last month) = 14 (lowers risk); App sessions (last 3m) = 21 (lowers risk); Months since last purchase = 0 (lowers risk)
500892,2024-06,1,0.0014,0,Low,Transactions (last month) = 5 (lowers risk); Months since last purchase = 0 (lowers risk); Emails opened (last 3m) = 6 (lowers risk)
501051,2024-06,1,0.0014,0,Low,Transactions (last month) = 6 (lowers risk); App sessions (last 3m) = 12 (lowers risk); Months since last purchase = 0 (lowers risk)
501849,2024-06,1,0.0014,0,Low,Transactions (last month) = 9 (lowers risk); App sessions (last 3m) = 17 (lowers risk); Months since last purchase = 0 (lowers risk)
502236,2024-06,1,0.0014,0,Low,Transactions (last month) = 7 (lowers risk); App sessions (last 3m) = 9 (lowers risk); Months since last purchase = 0 (lowers risk)
501907,2024-06,1,0.0014,0,Low,Transactions (last month) = 5 (lowers risk); App sessions (last 3m) = 11 (lowers risk); Emails opened (last 3m) = 12 (lowers risk)
501901,2024-06,1,0.0014,0,Low,Transactions (last month) = 10 (lowers risk); App sessions (last 3m) = 11 (lowers risk); Spend (last 3m) = 893.58 (lowers risk)
502349,2024-06,1,0.0014,0,Low,Transactions (last month) = 13 (lowers risk); App sessions (last 3m) = 10 (lowers risk); Months since last purchase = 0 (lowers risk)
500969,2024-06,1,0.0014,0,Low,Transactions (last month) = 9 (lowers risk); App sessions (last 3m) = 8 (lowers risk); Months since last purchase = 0 (lowers risk)
501219,2024-06,1,0.0014,0,Low,Transactions (last month) = 6 (lowers risk); Months since last purchase = 0 (lowers risk); Spend (last 3m) = 666.05 (lowers risk)
500938,2024-06,1,0.0014,0,Low,Transactions (last month) = 7 (lowers risk); App sessions (last 3m) = 9 (lowers risk); Spend (last 3m) = 858.46 (lowers risk)
500304,2024-06,1,0.0014,0,Low,Transactions (last month) = 5 (lowers risk); App sessions (last 3m) = 8 (lowers risk); Months since last purchase = 0 (lowers risk)
500697,2024-06,1,0.0014,0,Low,Transactions (last month) = 5 (lowers risk); Months since last purchase = 0 (lowers risk); Spend (last 3m) = 579.69 (lowers risk)
502274,2024-06,1,0.0013,0,Low,Transactions (last month) = 8 (lowers risk); App sessions (last 3m) = 8 (lowers risk); Spend (last 3m) = 610.42 (lowers risk)
501188,2024-06,1,0.0013,0,Low,Transactions (last month) = 6 (lowers risk); App sessions (last 3m) = 9 (lowers risk); Months since last purchase = 0 (lowers risk)
501060,2024-06,1,0.0013,0,Low,Transactions (last month) = 6 (lowers risk); App sessions (last 3m) = 10 (lowers risk); Months since last purchase = 0 (lowers risk)
502242,2024-06,1,0.0013,0,Low,Transactions (last month) = 6 (lowers risk); App sessions (last 3m) = 7 (lowers risk); Months since last purchase = 0 (lowers risk)
501619,2024-06,1,0.0013,0,Low,Transactions (last month) = 11 (lowers risk); App sessions (last 3m) = 10 (lowers risk); Months since last purchase = 0 (lowers risk)
502442,2024-06,1,0.0013,0,Low,Transactions (last month) = 10 (lowers risk); App sessions (last 3m) = 8 (lowers risk); Months since last purchase = 0 (lowers risk)
500420,2024-06,1,0.0013,0,Low,Transactions (last month) = 12 (lowers risk); App sessions (last 3m) = 12 (lowers risk); Months since last purchase = 0 (lowers risk)
500745,2024-06,1,0.0013,0,Low,Transactions (last month) = 12 (lowers risk); App sessions (last 3m) = 9 (lowers risk); Spend (last 3m) = 933.19 (lowers risk)
502080,2024-06,1,0.0013,0,Low,Transactions (last month) = 5 (lowers risk); App sessions (last 3m) = 7 (lowers risk); Months since last purchase = 0 (lowers risk)
500430,2024-06,1,0.0013,0,Low,Transactions (last month) = 9 (lowers risk); App sessions (last 3m) = 14 (lowers risk); Months since last purchase = 0 (lowers risk)
500577,2024-06,1,0.0013,0,Low,Transactions (last month) = 14 (lowers risk); App sessions (last 3m) = 8 (lowers risk); Spend (last 3m) = 546.21 (lowers risk)
501316,2024-06,1,0.0013,0,Low,Transactions (last month) = 5 (lowers risk); App sessions (last 3m) = 9 (lowers risk); Months since last purchase = 0 (lowers risk)
501167,2024-06,1,0.0013,0,Low,Transactions (last month) = 14 (lowers risk); App sessions (last 3m) = 12 (lowers risk); Spend (last 3m) = 1298.54 (lowers risk)
500856,2024-06,1,0.0013,0,Low,Transactions (last month) = 10 (lowers risk); App sessions (last 3m) = 12 (lowers risk); Months since last purchase = 0 (lowers risk)
500622,2024-06,1,0.0013,0,Low,Transactions (last month) = 10 (lowers risk); App sessions (last 3m) = 12 (lowers risk); Spend (last 3m) = 793.62 (lowers risk)
501360,2024-06,1,0.0013,0,Low,Transactions (last month) = 12 (lowers risk); App sessions (last 3m) = 13 (lowers risk); Spend (last 3m) = 828.19 (lowers risk)
500410,2024-06,1,0.0013,0,Low,Transactions (last month) = 18 (lowers risk); App sessions (last 3m) = 8 (lowers risk); Spend (last 3m) = 1361.35 (lowers risk)
500550,2024-06,1,0.0013,0,Low,Transactions (last month) = 5 (lowers risk); App sessions (last 3m) = 8 (lowers risk); Months since last purchase = 0 (lowers risk)
502431,2024-06,1,0.0013,0,Low,Transactions (last month) = 10 (lowers risk); App sessions (last 3m) = 11 (lowers risk); Months since last purchase = 0 (lowers risk)
500924,2024-06,1,0.0013,0,Low,Transactions (last month) = 6 (lowers risk); Spend (last 3m) = 798.47 (lowers risk); Months since last purchase = 0 (lowers risk)
501792,2024-06,1,0.0013,0,Low,Transactions (last month) = 7 (lowers risk); App sessions (last 3m) = 10 (lowers risk); Spend (last 3m) = 544.24 (lowers risk)
500268,2024-06,1,0.0013,0,Low,Transactions (last month) = 7 (lowers risk); App sessions (last 3m) = 12 (lowers risk); Spend (last 3m) = 652.33 (lowers risk)
500264,2024-06,1,0.0013,0,Low,Transactions (last month) = 5 (lowers risk); Emails opened (last 3m) = 8 (lowers risk); Months since last purchase = 0 (lowers risk)
501801,2024-06,1,0.0013,0,Low,Transactions (last month) = 5 (lowers risk); App sessions (last 3m) = 11 (lowers risk); Spend (last 3m) = 729.91 (lowers risk)
502287,2024-06,1,0.0013,0,Low,Transactions (last month) = 6 (lowers risk); Spend (last 3m) = 715.41 (lowers risk); Months since last purchase = 0 (lowers risk)
501247,2024-06,1,0.0013,0,Low,Transactions (last month) = 11 (lowers risk); App sessions (last 3m) = 7 (lowers risk); Spend (last 3m) = 628.74 (lowers risk)
501149,2024-06,1,0.0013,0,Low,Transactions (last month) = 9 (lowers risk); Months since last purchase = 0 (lowers risk); Spend (last 3m) = 722.54 (lowers risk)
500096,2024-06,1,0.0013,0,Low,Transactions (last month) = 5 (lowers risk); App sessions (last 3m) = 7 (lowers risk); Months since last purchase = 0 (lowers risk)
501177,2024-06,1,0.0013,0,Low,Transactions (last month) = 11 (lowers risk); App sessions (last 3m) = 10 (lowers risk); Spend (last 3m) = 784.22 (lowers risk)
502409,2024-06,1,0.0013,0,Low,Transactions (last month) = 6 (lowers risk); Months since last purchase = 0 (lowers risk); App sessions (last 3m) = 15 (lowers risk)
501625,2024-06,1,0.0013,0,Low,Transactions (last month) = 5 (lowers risk); App sessions (last 3m) = 10 (lowers risk); Spend (last 3m) = 642.97 (lowers risk)
502323,2024-06,1,0.0013,0,Low,Transactions (last month) = 7 (lowers risk); App sessions (last 3m) = 9 (lowers risk); Months since last purchase = 0 (lowers risk)
502342,2024-06,1,0.0013,0,Low,Transactions (last month) = 5 (lowers risk); Months since last purchase = 0 (lowers risk); Spend (last 3m) = 702.42 (lowers risk)
500155,2024-06,1,0.0013,0,Low,Transactions (last month) = 5 (lowers risk); App sessions (last 3m) = 7 (lowers risk); Emails opened (last 3m) = 10 (lowers risk)
500317,2024-06,1,0.0013,0,Low,Transactions (last month) = 10 (lowers risk); App sessions (last 3m) = 13 (lowers risk); Spend (last 3m) = 701.57 (lowers risk)
502318,2024-06,1,0.0013,0,Low,Transactions (last month) = 11 (lowers risk); App sessions (last 3m) = 7 (lowers risk); Spend (last 3m) = 599.16 (lowers risk)
500360,2024-06,1,0.0013,0,Low,Transactions (last month) = 5 (lowers risk); App sessions (last 3m) = 9 (lowers risk); Spend (last 3m) = 593.87 (lowers risk)
500368,2024-06,1,0.0013,0,Low,Transactions (last month) = 8 (lowers risk); App sessions (last 3m) = 7 (lowers risk); Spend (last 3m) = 674.79 (lowers risk)
501909,2024-06,1,0.0013,0,Low,Transactions (last month) = 5 (lowers risk); App sessions (last 3m) = 7 (lowers risk); Spend (last 3m) = 533.72 (lowers risk)
501180,2024-06,1,0.0013,0,Low,Transactions (last month) = 5 (lowers risk); App sessions (last 3m) = 8 (lowers risk); Months since last purchase = 0 (lowers risk)
500128,2024-06,1,0.0013,0,Low,Transactions (last month) = 6 (lowers risk); App sessions (last 3m) = 10 (lowers risk); Emails opened (last 3m) = 7 (lowers risk)
500714,2024-06,1,0.0013,0,Low,Transactions (last month) = 7 (lowers risk); App sessions (last 3m) = 10 (lowers risk); Months since last purchase = 0 (lowers risk)
500127,2024-06,1,0.0013,0,Low,Transactions (last month) = 10 (lowers risk); App sessions (last 3m) = 10 (lowers risk); Months since last purchase = 0 (lowers risk)
502135,2024-06,1,0.0013,0,Low,Transactions (last month) = 5 (lowers risk); App sessions (last 3m) = 10 (lowers risk); Spend (last 3m) = 537.31 (lowers risk)
502124,2024-06,1,0.0013,0,Low,Transactions (last month) = 8 (lowers risk); App sessions (last 3m) = 12 (lowers risk); Spend (last 3m) = 746.36 (lowers risk)
501602,2024-06,1,0.0013,0,Low,Transactions (last month) = 7 (lowers risk); App sessions (last 3m) = 10 (lowers risk); Emails opened (last 3m) = 8 (lowers risk)
501944,2024-06,1,0.0013,0,Low,Transactions (last month) = 8 (lowers risk); App sessions (last 3m) = 8 (lowers risk); Spend (last 3m) = 711.67 (lowers risk)
502071,2024-06,1,0.0013,0,Low,Transactions (last month) = 8 (lowers risk); Months since last purchase = 0 (lowers risk); Emails opened (last 3m) = 6 (lowers risk)
501705,2024-06,1,0.0013,0,Low,Transactions (last month) = 7 (lowers risk); App sessions (last 3m) = 10 (lowers risk); Spend (last 3m) = 549.27 (lowers risk)
502557,2024-06,1,0.0013,0,Low,Transactions (last month) = 9 (lowers risk); App sessions (last 3m) = 9 (lowers risk); Months since last purchase = 0 (lowers risk)
501510,2024-06,1,0.0013,0,Low,Transactions (last month) = 6 (lowers risk); App sessions (last 3m) = 10 (lowers risk); Spend (last 3m) = 963.64 (lowers risk)
502122,2024-06,1,0.0013,0,Low,Transactions (last month) = 7 (lowers risk); App sessions (last 3m) = 22 (lowers risk); Spend (last 3m) = 886.69 (lowers risk)
502115,2024-06,1,0.0013,0,Low,Transactions (last month) = 12 (lowers risk); Months since last purchase = 0 (lowers risk); Transactions (last 3m) = 27 (lowers risk)
500826,2024-06,1,0.0013,0,Low,Transactions (last month) = 7 (lowers risk); App sessions (last 3m) = 8 (lowers risk); Months since last purchase = 0 (lowers risk)
500487,2024-06,1,0.0013,0,Low,Transactions (last month) = 7 (lowers risk); App sessions (last 3m) = 10 (lowers risk); Spend (last 3m) = 647.01 (lowers risk)
502544,2024-06,1,0.0013,0,Low,Transactions (last month) = 9 (lowers risk); App sessions (last 3m) = 8 (lowers risk); Spend (last 3m) = 1011.65 (lowers risk)
500240,2024-06,1,0.0013,0,Low,Transactions (last month) = 5 (lowers risk); App sessions (last 3m) = 8 (lowers risk); Spend (last 3m) = 822.94 (lowers risk)
502560,2024-06,1,0.0013,0,Low,Transactions (last month) = 6 (lowers risk); App sessions (last 3m) = 13 (lowers risk); Spend (last 3m) = 666.23 (lowers risk)
502596,2024-06,1,0.0013,0,Low,Transactions (last month) = 6 (lowers risk); App sessions (last 3m) = 12 (lowers risk); Months since last purchase = 0 (lowers risk)
501562,2024-06,1,0.0013,0,Low,Transactions (last month) = 14 (lowers risk); App sessions (last 3m) = 7 (lowers risk); Months since last purchase = 0 (lowers risk)
500373,2024-06,1,0.0013,0,Low,Transactions (last month) = 7 (lowers risk); App sessions (last 3m) = 10 (lowers risk); Spend (last 3m) = 707.84 (lowers risk)
500041,2024-06,1,0.0012,0,Low,Transactions (last month) = 5 (lowers risk); App sessions (last 3m) = 11 (lowers risk); Months since last purchase = 0 (lowers risk)
501553,2024-06,1,0.0012,0,Low,Transactions (last month) = 7 (lowers risk); App sessions (last 3m) = 11 (lowers risk); Months since last purchase = 0 (lowers risk)
500463,2024-06,1,0.0012,0,Low,Transactions (last month) = 8 (lowers risk); Spend (last 3m) = 742.72 (lowers risk); Months since last purchase = 0 (lowers risk)
500052,2024-06,1,0.0012,0,Low,Transactions (last month) = 9 (lowers risk); App sessions (last 3m) = 9 (lowers risk); Months since last purchase = 0 (lowers risk)
500475,2024-06,1,0.0012,0,Low,Transactions (last month) = 5 (lowers risk); App sessions (last 3m) = 8 (lowers risk); Emails opened (last 3m) = 9 (lowers risk)
500472,2024-06,1,0.0012,0,Low,Transactions (last month) = 7 (lowers risk); App sessions (last 3m) = 11 (lowers risk); Spend (last 3m) = 603.35 (lowers risk)
502361,2024-06,1,0.0012,0,Low,Transactions (last month) = 10 (lowers risk); App sessions (last 3m) = 11 (lowers risk); Months since last purchase = 0 (lowers risk)
502372,2024-06,1,0.0012,0,Low,Transactions (last month) = 9 (lowers risk); App sessions (last 3m) = 7 (lowers risk); Spend (last 3m) = 706.25 (lowers risk)
501206,2024-06,1,0.0012,0,Low,Transactions (last month) = 7 (lowers risk); App sessions (last 3m) = 7 (lowers risk); Spend (last 3m) = 576.86 (lowers risk)
500189,2024-06,1,0.0012,0,Low,Transactions (last month) = 9 (lowers risk); Spend (last 3m) = 837.38 (lowers risk); Months since last purchase = 0 (lowers risk)
500909,2024-06,1,0.0012,0,Low,Transactions (last month) = 5 (lowers risk); App sessions (last 3m) = 13 (lowers risk); Months since last purchase = 0 (lowers risk)
502321,2024-06,1,0.0012,0,Low,Transactions (last month) = 7 (lowers risk); App sessions (last 3m) = 8 (lowers risk); Spend (last 3m) = 724.12 (lowers risk)
502339,2024-06,1,0.0012,0,Low,Transactions (last month) = 7 (lowers risk); Spend (last 3m) = 663.67 (lowers risk); Months since last purchase = 0 (lowers risk)
500812,2024-06,1,0.0012,0,Low,Transactions (last month) = 17 (lowers risk); Months since last purchase = 0 (lowers risk); Spend (last 3m) = 1775.03 (lowers risk)
502397,2024-06,1,0.0012,0,Low,Transactions (last month) = 5 (lowers risk); App sessions (last 3m) = 9 (lowers risk); Months since last purchase = 0 (lowers risk)
501618,2024-06,1,0.0012,0,Low,Transactions (last month) = 7 (lowers risk); App sessions (last 3m) = 17 (lowers risk); Months since last purchase = 0 (lowers risk)
500417,2024-06,1,0.0012,0,Low,Transactions (last month) = 9 (lowers risk); App sessions (last 3m) = 13 (lowers risk); Spend (last 3m) = 704.14 (lowers risk)
502445,2024-06,1,0.0012,0,Low,Transactions (last month) = 9 (lowers risk); App sessions (last 3m) = 8 (lowers risk); Months since last purchase = 0 (lowers risk)
500070,2024-06,1,0.0012,0,Low,Transactions (last month) = 6 (lowers risk); App sessions (last 3m) = 12 (lowers risk); Months since last purchase = 0 (lowers risk)
501432,2024-06,1,0.0012,0,Low,Transactions (last month) = 11 (lowers risk); App sessions (last 3m) = 14 (lowers risk); Months since last purchase = 0 (lowers risk)
501798,2024-06,1,0.0012,0,Low,Transactions (last month) = 8 (lowers risk); App sessions (last 3m) = 9 (lowers risk); Spend (last 3m) = 898.05 (lowers risk)
502248,2024-06,1,0.0012,0,Low,Transactions (last month) = 6 (lowers risk); App sessions (last 3m) = 8 (lowers risk); Months since last purchase = 0 (lowers risk)
502419,2024-06,1,0.0012,0,Low,Transactions (last month) = 7 (lowers risk); App sessions (last 3m) = 11 (lowers risk); Spend (last 3m) = 665.01 (lowers risk)
500364,2024-06,1,0.0012,0,Low,Transactions (last month) = 5 (lowers risk); Emails opened (last 3m) = 8 (lowers risk); App sessions (last 3m) = 9 (lowers risk)
501474,2024-06,1,0.0012,0,Low,Transactions (last month) = 5 (lowers risk); App sessions (last 3m) = 12 (lowers risk); Spend (last 3m) = 637.54 (lowers risk)
501733,2024-06,1,0.0012,0,Low,Transactions (last month) = 14 (lowers risk); Months since last purchase = 0 (lowers risk); App sessions (last 3m) = 17 (lowers risk)
502241,2024-06,1,0.0012,0,Low,Transactions (last month) = 8 (lowers risk); App sessions (last 3m) = 7 (lowers risk); Spend (last 3m) = 902.36 (lowers risk)
500767,2024-06,1,0.0012,0,Low,Transactions (last month) = 8 (lowers risk); App sessions (last 3m) = 9 (lowers risk); Months since last purchase = 0 (lowers risk)
501767,2024-06,1,0.0012,0,Low,Transactions (last month) = 6 (lowers risk); App sessions (last 3m) = 11 (lowers risk); Emails opened (last 3m) = 9 (lowers risk)
502444,2024-06,1,0.0012,0,Low,Transactions (last month) = 9 (lowers risk); App sessions (last 3m) = 12 (lowers risk); Spend (last 3m) = 849.77 (lowers risk)
500133,2024-06,1,0.0012,0,Low,Transactions (last month) = 7 (lowers risk); App sessions (last 3m) = 9 (lowers risk); Months since last purchase = 0 (lowers risk)
501982,2024-06,1,0.0012,0,Low,Transactions (last month) = 7 (lowers risk); App sessions (last 3m) = 8 (lowers risk); Spend (last 3m) = 786.51 (lowers risk)
500108,2024-06,1,0.0012,0,Low,Transactions (last month) = 12 (lowers risk); App sessions (last 3m) = 8 (lowers risk); Spend (last 3m) = 885.28 (lowers risk)
501527,2024-06,1,0.0012,0,Low,Transactions (last month) = 6 (lowers risk); App sessions (last 3m) = 7 (lowers risk); Spend (last 3m) = 625.97 (lowers risk)
502519,2024-06,1,0.0012,0,Low,Transactions (last month) = 7 (lowers risk); App sessions (last 3m) = 9 (lowers risk); Months since last purchase = 0 (lowers risk)
500026,2024-06,1,0.0012,0,Low,Transactions (last month) = 8 (lowers risk); App sessions (last 3m) = 7 (lowers risk); Emails opened (last 3m) = 8 (lowers risk)
500003,2024-06,1,0.0012,0,Low,Transactions (last month) = 8 (lowers risk); App sessions (last 3m) = 10 (lowers risk); Months since last purchase = 0 (lowers risk)
502583,2024-06,1,0.0012,0,Low,Transactions (last month) = 7 (lowers risk); App sessions (last 3m) = 9 (lowers risk); Spend (last 3m) = 609.14 (lowers risk)
501359,2024-06,1,0.0012,0,Low,Transactions (last month) = 6 (lowers risk); App sessions (last 3m) = 8 (lowers risk); Spend (last 3m) = 721.04 (lowers risk)
500667,2024-06,1,0.0012,0,Low,Transactions (last month) = 7 (lowers risk); Months since last purchase = 0 (lowers risk); Spend (last 3m) = 563.18 (lowers risk)
500863,2024-06,1,0.0012,0,Low,Transactions (last month) = 5 (lowers risk); App sessions (last 3m) = 10 (lowers risk); Months since last purchase = 0 (lowers risk)
501366,2024-06,1,0.0012,0,Low,Transactions (last month) = 7 (lowers risk); Emails opened (last 3m) = 10 (lowers risk); Months since last purchase = 0 (lowers risk)
502112,2024-06,1,0.0012,0,Low,Transactions (last month) = 8 (lowers risk); App sessions (last 3m) = 7 (lowers risk); Spend (last 3m) = 822.57 (lowers risk)
502119,2024-06,1,0.0012,0,Low,Transactions (last month) = 8 (lowers risk); App sessions (last 3m) = 7 (lowers risk); Months since last purchase = 0 (lowers risk)
500329,2024-06,1,0.0012,0,Low,Transactions (last month) = 9 (lowers risk); Emails opened (last 3m) = 8 (lowers risk); Months since last purchase = 0 (lowers risk)
501870,2024-06,1,0.0012,0,Low,Transactions (last month) = 8 (lowers risk); Emails opened (last 3m) = 11 (lowers risk); Months since last purchase = 0 (lowers risk)
500728,2024-06,1,0.0012,0,Low,Transactions (last month) = 8 (lowers risk); App sessions (last 3m) = 8 (lowers risk); Months since last purchase = 0 (lowers risk)
500126,2024-06,1,0.0012,0,Low,Transactions (last month) = 5 (lowers risk); Months since last purchase = 0 (lowers risk); Spend (last 3m) = 657.78 (lowers risk)
501603,2024-06,1,0.0012,0,Low,Transactions (last month) = 14 (lowers risk); App sessions (last 3m) = 8 (lowers risk); Spend (last 3m) = 722.66 (lowers risk)
502468,2024-06,1,0.0012,0,Low,Transactions (last month) = 8 (lowers risk); App sessions (last 3m) = 7 (lowers risk); Months since last purchase = 0 (lowers risk)
502160,2024-06,1,0.0012,0,Low,Transactions (last month) = 8 (lowers risk); App sessions (last 3m) = 7 (lowers risk); Months since last purchase = 0 (lowers risk)
500562,2024-06,1,0.0012,0,Low,Transactions (last month) = 7 (lowers risk); App sessions (last 3m) = 10 (lowers risk); Months since last purchase = 0 (lowers risk)
500286,2024-06,1,0.0012,0,Low,Transactions (last month) = 12 (lowers risk); App sessions (last 3m) = 9 (lowers risk); Months since last purchase = 0 (lowers risk)
500538,2024-06,1,0.0012,0,Low,Transactions (last month) = 6 (lowers risk); App sessions (last 3m) = 7 (lowers risk); Spend (last 3m) = 578.16 (lowers risk)
500743,2024-06,1,0.0012,0,Low,Transactions (last month) = 5 (lowers risk); App sessions (last 3m) = 12 (lowers risk); Months since last purchase = 0 (lowers risk)
500732,2024-06,1,0.0012,0,Low,Transactions (last month) = 12 (lowers risk); App sessions (last 3m) = 9 (lowers risk); Months since last purchase = 0 (lowers risk)
501620,2024-06,1,0.0012,0,Low,Transactions (last month) = 7 (lowers risk); Emails opened (last 3m) = 10 (lowers risk); Months since last purchase = 0 (lowers risk)
500159,2024-06,1,0.0011,0,Low,Transactions (last month) = 10 (lowers risk); App sessions (last 3m) = 9 (lowers risk); Spend (last 3m) = 662.32 (lowers risk)
501024,2024-06,1,0.0011,0,Low,Transactions (last month) = 8 (lowers risk); App sessions (last 3m) = 11 (lowers risk); Transactions (last 3m) = 23 (lowers risk)
501339,2024-06,1,0.0011,0,Low,Transactions (last month) = 6 (lowers risk); App sessions (last 3m) = 8 (lowers risk); Months since last purchase = 0 (lowers risk)
501545,2024-06,1,0.0011,0,Low,Transactions (last month) = 10 (lowers risk); App sessions (last 3m) = 10 (lowers risk); Spend (last 3m) = 691.68 (lowers risk)
501389,2024-06,1,0.0011,0,Low,Transactions (last month) = 7 (lowers risk); App sessions (last 3m) = 9 (lowers risk); Months since last purchase = 0 (lowers risk)
501144,2024-06,1,0.0011,0,Low,Transactions (last month) = 12 (lowers risk); Months since last purchase = 0 (lowers risk); Spend (last 3m) = 1223.56 (lowers risk)
500964,2024-06,1,0.0011,0,Low,Transactions (last month) = 14 (lowers risk); App sessions (last 3m) = 8 (lowers risk); Spend (last 3m) = 843.41 (lowers risk)
500407,2024-06,1,0.0011,0,Low,Transactions (last month) = 7 (lowers risk); App sessions (last 3m) = 7 (lowers risk); Spend (last 3m) = 821.94 (lowers risk)
501979,2024-06,1,0.0011,0,Low,Transactions (last month) = 6 (lowers risk); App sessions (last 3m) = 7 (lowers risk); Spend (last 3m) = 657.68 (lowers risk)
500608,2024-06,1,0.0011,0,Low,Transactions (last month) = 10 (lowers risk); App sessions (last 3m) = 11 (lowers risk); Months since last purchase = 0 (lowers risk)
500172,2024-06,1,0.0011,0,Low,Transactions (last month) = 8 (lowers risk); App sessions (last 3m) = 12 (lowers risk); Spend (last 3m) = 858.95 (lowers risk)
501751,2024-06,1,0.0011,0,Low,Transactions (last month) = 6 (lowers risk); App sessions (last 3m) = 7 (lowers risk); Spend (last 3m) = 612.54 (lowers risk)
501753,2024-06,1,0.0011,0,Low,Transactions (last month) = 6 (lowers risk); App sessions (last 3m) = 9 (lowers risk); Months since last purchase = 0 (lowers risk)
501809,2024-06,1,0.0011,0,Low,Transactions (last month) = 10 (lowers risk); App sessions (last 3m) = 7 (lowers risk); Months since last purchase = 0 (lowers risk)
500495,2024-06,1,0.0011,0,Low,Transactions (last month) = 5 (lowers risk); App sessions (last 3m) = 8 (lowers risk); Spend (last 3m) = 540.34 (lowers risk)
501426,2024-06,1,0.0011,0,Low,Transactions (last month) = 15 (lowers risk); App sessions (last 3m) = 7 (lowers risk); Months since last purchase = 0 (lowers risk)
500067,2024-06,1,0.0011,0,Low,Transactions (last month) = 12 (lowers risk); App sessions (last 3m) = 11 (lowers risk); Months since last purchase = 0 (lowers risk)
501660,2024-06,1,0.0011,0,Low,Transactions (last month) = 12 (lowers risk); App sessions (last 3m) = 13 (lowers risk); Spend (last 3m) = 768.15 (lowers risk)
500913,2024-06,1,0.0011,0,Low,Transactions (last month) = 9 (lowers risk); Emails opened (last 3m) = 9 (lowers risk); Months since last purchase = 0 (lowers risk)
502571,2024-06,1,0.0011,0,Low,Transactions (last month) = 8 (lowers risk); App sessions (last 3m) = 7 (lowers risk); Spend (last 3m) = 669.49 (lowers risk)
500446,2024-06,1,0.0011,0,Low,Transactions (last month) = 8 (lowers risk); App sessions (last 3m) = 7 (lowers risk); Spend (last 3m) = 833.22 (lowers risk)
502260,2024-06,1,0.0011,0,Low,Transactions (last month) = 10 (lowers risk); Months since last purchase = 0 (lowers risk); App sessions (last 3m) = 16 (lowers risk)
502588,2024-06,1,0.0011,0,Low,Transactions (last month) = 5 (lowers risk); App sessions (last 3m) = 8 (lowers risk); Spend (last 3m) = 574.09 (lowers risk)
501135,2024-06,1,0.0011,0,Low,Transactions (last month) = 12 (lowers risk); App sessions (last 3m) = 7 (lowers risk); Months since last purchase = 0 (lowers risk)
502529,2024-06,1,0.0011,0,Low,Transactions (last month) = 15 (lowers risk); App sessions (last 3m) = 11 (lowers risk); Months since last purchase = 0 (lowers risk)
500855,2024-06,1,0.0011,0,Low,Transactions (last month) = 7 (lowers risk); App sessions (last 3m) = 13 (lowers risk); Spend (last 3m) = 552.49 (lowers risk)
502240,2024-06,1,0.0011,0,Low,Transactions (last month) = 5 (lowers risk); App sessions (last 3m) = 9 (lowers risk); Spend (last 3m) = 656.32 (lowers risk)
501231,2024-06,1,0.0011,0,Low,Transactions (last month) = 13 (lowers risk); App sessions (last 3m) = 12 (lowers risk); Spend (last 3m) = 926.45 (lowers risk)
500178,2024-06,1,0.0011,0,Low,Transactions (last month) = 6 (lowers risk); App sessions (last 3m) = 10 (lowers risk); Spend (last 3m) = 696.25 (lowers risk)
500081,2024-06,1,0.0011,0,Low,Transactions (last month) = 8 (lowers risk); App sessions (last 3m) = 7 (lowers risk); Months since last purchase = 0 (lowers risk)
500747,2024-06,1,0.0011,0,Low,Transactions (last month) = 5 (lowers risk); App sessions (last 3m) = 7 (lowers risk); Months since last purchase = 0 (lowers risk)
500516,2024-06,1,0.0011,0,Low,Transactions (last month) = 7 (lowers risk); App sessions (last 3m) = 10 (lowers risk); Months since last purchase = 0 (lowers risk)
500741,2024-06,1,0.0011,0,Low,Transactions (last month) = 5 (lowers risk); App sessions (last 3m) = 10 (lowers risk); Months since last purchase = 0 (lowers risk)
500087,2024-06,1,0.0011,0,Low,Transactions (last month) = 10 (lowers risk); App sessions (last 3m) = 7 (lowers risk); Months since last purchase = 0 (lowers risk)
500553,2024-06,1,0.0011,0,Low,Transactions (last month) = 7 (lowers risk); Emails opened (last 3m) = 8 (lowers risk); App sessions (last 3m) = 8 (lowers risk)
501122,2024-06,1,0.0011,0,Low,Transactions (last month) = 9 (lowers risk); App sessions (last 3m) = 9 (lowers risk); Spend (last 3m) = 731.52 (lowers risk)
500216,2024-06,1,0.0011,0,Low,Transactions (last month) = 8 (lowers risk); App sessions (last 3m) = 8 (lowers risk); Emails opened (last 3m) = 8 (lowers risk)
501938,2024-06,1,0.0011,0,Low,Transactions (last month) = 6 (lowers risk); App sessions (last 3m) = 12 (lowers risk); Spend (last 3m) = 655.98 (lowers risk)
501412,2024-06,1,0.0011,0,Low,Transactions (last month) = 9 (lowers risk); App sessions (last 3m) = 8 (lowers risk); Emails opened (last 3m) = 8 (lowers risk)
500517,2024-06,1,0.001,0,Low,Transactions (last month) = 5 (lowers risk); App sessions (last 3m) = 9 (lowers risk); Spend (last 3m) = 801.37 (lowers risk)
500712,2024-06,1,0.001,0,Low,Transactions (last month) = 14 (lowers risk); App sessions (last 3m) = 13 (lowers risk); Emails opened (last 3m) = 8 (lowers risk)
501679,2024-06,1,0.001,0,Low,Transactions (last month) = 6 (lowers risk); App sessions (last 3m) = 13 (lowers risk); Emails opened (last 3m) = 9 (lowers risk)
500371,2024-06,1,0.001,0,Low,Transactions (last month) = 9 (lowers risk); App sessions (last 3m) = 7 (lowers risk); Months since last purchase = 0 (lowers risk)
500788,2024-06,1,0.001,0,Low,Transactions (last month) = 5 (lowers risk); App sessions (last 3m) = 13 (lowers risk); Spend (last 3m) = 666.7 (lowers risk)
500062,2024-06,1,0.001,0,Low,Transactions (last month) = 9 (lowers risk); App sessions (last 3m) = 12 (lowers risk); Spend (last 3m) = 734.24 (lowers risk)
501736,2024-06,1,0.001,0,Low,Transactions (last month) = 12 (lowers risk); App sessions (last 3m) = 13 (lowers risk); Spend (last 3m) = 884.25 (lowers risk)
502354,2024-06,1,0.001,0,Low,Transactions (last month) = 11 (lowers risk); App sessions (last 3m) = 12 (lowers risk); Spend (last 3m) = 866.28 (lowers risk)
500442,2024-06,1,0.001,0,Low,Transactions (last month) = 5 (lowers risk); Emails opened (last 3m) = 10 (lowers risk); Months since last purchase = 0 (lowers risk)
500267,2024-06,1,0.001,0,Low,Transactions (last month) = 6 (lowers risk); App sessions (last 3m) = 9 (lowers risk); Spend (last 3m) = 704.09 (lowers risk)
502566,2024-06,1,0.001,0,Low,Transactions (last month) = 10 (lowers risk); App sessions (last 3m) = 11 (lowers risk); Months since last purchase = 0 (lowers risk)
501322,2024-06,1,0.001,0,Low,Transactions (last month) = 8 (lowers risk); App sessions (last 3m) = 12 (lowers risk); Spend (last 3m) = 696.09 (lowers risk)
502169,2024-06,1,0.001,0,Low,Transactions (last month) = 8 (lowers risk); App sessions (last 3m) = 13 (lowers risk); Spend (last 3m) = 936.45 (lowers risk)
500561,2024-06,1,0.001,0,Low,Transactions (last month) = 8 (lowers risk); App sessions (last 3m) = 12 (lowers risk); Months since last purchase = 0 (lowers risk)
500730,2024-06,1,0.001,0,Low,Transactions (last month) = 5 (lowers risk); App sessions (last 3m) = 7 (lowers risk); Spend (last 3m) = 577.41 (lowers risk)
500842,2024-06,1,0.001,0,Low,Transactions (last month) = 9 (lowers risk); App sessions (last 3m) = 10 (lowers risk); Emails opened (last 3m) = 10 (lowers risk)
501863,2024-06,1,0.001,0,Low,Transactions (last month) = 5 (lowers risk); App sessions (last 3m) = 7 (lowers risk); Months since last purchase = 0 (lowers risk)
502162,2024-06,1,0.001,0,Low,Transactions (last month) = 10 (lowers risk); App sessions (last 3m) = 13 (lowers risk); Months since last purchase = 0 (lowers risk)
501552,2024-06,1,0.001,0,Low,Transactions (last month) = 11 (lowers risk); App sessions (last 3m) = 11 (lowers risk); Spend (last 3m) = 830.88 (lowers risk)
501012,2024-06,1,0.001,0,Low,Transactions (last month) = 7 (lowers risk); App sessions (last 3m) = 9 (lowers risk); Emails opened (last 3m) = 10 (lowers risk)
502585,2024-06,1,0.001,0,Low,Transactions (last month) = 8 (lowers risk); App sessions (last 3m) = 7 (lowers risk); Months since last purchase = 0 (lowers risk)
501480,2024-06,1,0.0009,0,Low,Transactions (last month) = 7 (lowers risk); App sessions (last 3m) = 11 (lowers risk); Emails opened (last 3m) = 9 (lowers risk)
502276,2024-06,1,0.0009,0,Low,Transactions (last month) = 9 (lowers risk); App sessions (last 3m) = 12 (lowers risk); Spend (last 3m) = 630.13 (lowers risk)
501815,2024-06,1,0.0009,0,Low,Transactions (last month) = 8 (lowers risk); App sessions (last 3m) = 11 (lowers risk); Months since last purchase = 0 (lowers risk)
501380,2024-06,1,0.0009,0,Low,Transactions (last month) = 6 (lowers risk); App sessions (last 3m) = 9 (lowers risk); Months since last purchase = 0 (lowers risk)
500023,2024-06,1,0.0009,0,Low,Transactions (last month) = 6 (lowers risk); App sessions (last 3m) = 13 (lowers risk); Emails opened (last 3m) = 8 (lowers risk)
